match_id,team,entry_denial_target_per100_v4,entry_denial_oof_prediction_v4,avg_defensive_centroid_x,avg_defensive_centroid_y,avg_back_line_height,avg_defensive_hull_area,avg_defensive_width,avg_defensive_depth,avg_defenders_behind_ball,avg_central_defenders,avg_defenders_within_5,avg_defenders_within_10,avg_nearest_defender_distance,avg_mean_defender_distance,avg_defensive_density
3857276,Canada,11.469302176233615,8.060506082883046,58.64761577860089,42.61936134568635,55.577038339346025,433.12511557125157,35.85365058675754,20.70174490428152,4.095272866032206,4.454244776179524,0.7971371874530672,1.694051065944988,10.332368872826958,23.796803435107094,0.03309370350103394
3857276,Morocco,0.32558284595590736,-3.0980519265105175,68.87819014196327,39.2703762006999,45.46618529798366,404.50057222540937,36.57471143393933,18.609470727836452,4.821233921194162,5.332405296077113,0.6622104694285935,1.4656775932561454,8.690680899444223,22.417643833003638,0.03111198626268302
3857271,England,9.660343240427244,5.250348588127486,58.320218722612154,40.21878306546519,55.97492398615459,387.45435439271614,32.59077469191026,19.97157801851739,3.9188248588743946,4.5508430349802484,0.6666455173957292,1.480280594075046,9.70324557928971,23.0028307921384,0.03169364305285271
3857271,Iran,-12.123489618616873,-2.1041061039444293,63.82955324096504,38.4388480974621,50.52465471939624,385.9533464337199,32.342448143535016,20.116999736906536,4.101697674371982,5.077880946759487,0.594555163970702,1.452473129136021,10.401410117566103,23.05249091687827,0.0344550980522363
3857296,Croatia,-6.8982137304290925,5.624254194473432,61.58682146300143,39.73561305605275,51.03204904115736,541.9278165432286,37.94083612145757,23.143336875523314,5.414697146778783,5.942947118141267,0.5893609017694535,1.368680471440872,9.307497892074489,24.235421996788247,0.02837135497430685
3857296,Belgium,-6.417022349883927,4.453177442016359,62.71873893260516,38.58666981874222,49.159748889992606,566.8679980077284,36.6091053812978,24.94978538223642,4.9697693944847945,5.816985373760265,0.7207123979256447,1.6170959167003438,8.932380310917976,24.176090485927947,0.01843933705270133
3857274,Netherlands,-1.1457603465644506,-1.0119941153820315,64.74997851294816,39.785237591937616,48.863320581650875,438.90029492076445,34.687817182760284,20.754466377651895,3.9579302696782914,5.113201948274071,0.7896938267149293,1.7248516597142454,11.772078997497708,25.15667513078655,0.023564831434598463
3857274,Ecuador,15.316131574894651,6.176185841844938,59.61093691857985,41.28971623021869,53.962807664429114,469.34693468689363,35.54946508543854,22.041508503595587,3.884255288413367,4.605814388231441,0.6105997642897302,1.3445884893060296,10.92707507741259,24.75142997425127,0.029778012753052707
3857255,Japan,-2.2779069259403926,0.5300763355259356,68.21626026728248,38.44274742769927,45.36329838148352,517.4843296427075,41.470905747220534,20.28776553191075,5.979554051123222,6.039744078648256,0.5011843991977458,1.2153922919827809,9.330844267564062,24.90106095950754,0.018304396453976038
3857255,Spain,18.266716907778296,7.842281371636104,57.7074728353019,40.15493202324086,54.924330983110984,546.2846294639661,39.38321558643678,22.10378920825289,4.241598085854388,5.4453010898998295,0.7713180831773269,1.766991262938742,9.137351253475325,23.577728992665087,0.01865699197868937
3857272,England,-4.3716213976555345,-1.1297029512568464,61.56927601756089,39.67937708845774,52.905616841175174,364.1598147015658,31.454224434860297,19.35381481954932,3.77980556778057,5.073172879135361,0.7373678481311036,1.616083622205689,12.32671995661022,24.703825963291056,0.03578967410143227
3857272,United States,-4.246359983400517,-2.6993662302261647,64.28321165986131,39.36659206991046,49.93354431237662,384.51521537125734,32.3300128955371,19.110561050689082,4.059437431203068,5.110324647311462,0.707587605554815,1.5144032773246006,11.450618322404397,24.740005783109474,0.04676600516096598
3857278,Iran,-4.138181895070659,-1.7214347330697883,64.6288580593534,40.90308085909907,49.16880435899846,414.24878246011275,32.89482820267644,21.477345904180254,4.070891259317743,4.858008572395781,0.62320904937483,1.430362473372484,11.759432463739168,25.207393306379632,0.04679844081132366
3857278,United States,0.09562747020909201,3.5541067143490084,60.92766164724197,40.83298026955732,53.09170770565688,417.5659673692772,33.68455850300427,21.14005299693877,4.392343303065593,5.096073111219962,0.7072468298444313,1.529079515684699,10.075678828621317,23.916669521633825,0.03408213623642915
3857277,Morocco,4.008587325156671,3.92104909292295,64.67120375008317,39.29111700727683,48.8034664713547,498.6030829171427,39.388562965638805,20.612657076794243,4.699675824494424,5.110269871566217,0.6827867591218387,1.3852272940697046,10.315186089510538,25.403688222231224,0.019802145357667493
3857277,Croatia,5.722812754170634,4.856774164864503,63.35386036513657,42.79644773098011,49.98681027059175,499.955822506913,37.63794977984331,21.930671051844765,4.606473229905114,5.003293873207852,0.7003400721782402,1.552238347136079,10.489078035495245,25.523867100378386,0.027127781721514005
3857273,Wales,-9.477022102440486,-3.6026373424261924,68.27143353866002,40.78046049165891,44.416754891924356,520.3287970060666,35.76108018714734,23.195861191504235,4.295436248336221,5.549220035841834,0.7181312791101209,1.6140625509608044,9.513858003011103,23.964405551256906,0.034812562136988884
3857273,Iran,0.6951668123846511,-5.8265596203029,69.27216025176047,37.95181372727171,42.57048735727052,570.566953813886,35.35807633698108,26.35002949891268,5.06909463212483,6.104715025949855,0.6641725817960159,1.5215080428285235,9.849557793471046,25.375006719352317,0.018193149128696247
3857275,Tunisia,7.995730074479946,-3.024629189479595,65.68331243154657,39.65495335613877,49.168734668416825,360.631843762671,34.38219993828805,18.776450707632684,4.515197254879431,5.114099135840625,0.7167539290688004,1.688754148590349,9.050500261132509,22.114336744105103,0.06745981539201817
3857275,France,-6.581989441879621,-5.999342683442719,69.01889679973767,39.92529455802114,45.00481784511355,430.662794334261,34.309365673695694,20.828458823999746,3.6255530422544036,5.037564423427022,0.8294183396216451,1.7664367441161675,10.13555409192451,23.762364657924046,0.0229095932938587
3857261,Wales,-7.245440838129069,-3.2843948723609584,71.16917077247778,39.81897324711649,39.46017954819731,703.5599768704839,38.88933192987903,27.04615196605225,5.564153785027051,6.481371955522138,0.7209462289166526,1.5754447908048417,8.683198292952303,24.707321373521502,0.020715516923244123
3857261,England,15.933400677236081,10.018854991343096,61.76485104872857,38.59425001948217,48.24128184144315,755.0281137399315,39.24151426096591,28.959239663331267,5.753763797044828,6.028479478610146,0.6611791754058797,1.4552690674451132,9.785180805700282,26.735527162706685,0.01628651312036362
3857290,Switzerland,-6.6372377583649165,-1.2931803084418227,62.773640083980204,41.05692646590874,51.011531441061585,421.61391614410815,33.30463819601306,20.36516509681073,4.166359543049081,5.348928733302206,0.7385979300211569,1.6011744637873968,8.243632778941507,21.42612521835898,0.028363426145365727
3857290,Cameroon,-5.055868495303217,-1.1664918085646971,63.48359386943243,40.01083358687529,50.10651124698185,461.5483538281525,34.378774614172364,21.07325606502413,4.064422099384407,5.066364513126814,0.6717290816345516,1.6120178484617749,10.361865246610005,23.459977267399392,0.03051143197911171
3857298,Portugal,5.2421052721606936,13.94148333347211,55.99002721941619,41.93943300554888,55.398477360186334,632.7170062294721,38.64695314029236,26.038782960076194,5.255872933537233,5.857952570552516,0.6646152735898858,1.5510276165002792,9.942657912206949,25.185557547022245,0.017012243479116056
3857298,Ghana,-3.373799723123799,-7.75361443872117,69.20927230075735,37.968347968037115,43.09806361910412,528.3358362936877,35.903891347428065,24.03724244199197,5.007827107224083,6.221679030526742,0.6503322894096566,1.572257706528548,9.288838315219735,23.921773525363566,0.022778705489131006
3857285,Senegal,-9.01800788833061,-3.8177043987120918,70.85630884758288,42.123332148753626,39.75493573142507,648.4044174470721,36.819226814766196,26.447403187970373,5.511373058700625,6.5393327519922675,0.637831421582444,1.4853964775756177,11.934464103472434,28.159155281088935,0.01801400175229885
3857285,Netherlands,0.014665412633757535,-0.44205321691129107,68.2782745050492,39.54383890545228,42.80623979746549,660.989011485594,37.75494114250737,26.838902333100897,5.716832050935315,6.240865042689451,0.6353574955223072,1.4874388246460202,10.25398851837225,26.49544175360102,0.019019627032972726
3857282,United States,1.2565614586210416,2.23197565668531,62.74874296612541,39.962850577729654,49.31639259096459,555.2179155681747,36.041844249566864,23.653187734513473,4.619161514076833,5.943854330787883,0.7844447163831049,1.6645695980965025,11.185485341068555,25.866079197167835,0.024577975076964277
3857282,Wales,1.1959013861058576,-2.076531673775662,68.23372788910496,40.428489448658354,43.98229605992183,573.782930775054,38.05938387492812,24.300394574693385,5.189059579556497,5.949219389353182,0.6701147705390202,1.54025520626578,9.478906105532763,24.44350954950904,0.02065183746949546
3857297,Poland,-14.298478527742702,-9.213874911403453,69.30774240259285,38.80533758369632,45.37762331109667,352.48790345490454,31.30116099602989,18.781174223169245,4.2717436913278215,5.038061786357949,0.647573241950427,1.548637459896315,9.901974044704861,22.747945780054092,0.0422144868130196
3857297,Saudi Arabia,3.0226490074668155,0.48041822980559407,62.42010620988966,40.837679006252145,51.675570566159394,386.2569023780708,33.30855626016875,20.332853843747998,3.2197856361347466,4.607540050509656,0.7690015264271406,1.6461058079451427,13.243417764212692,26.528357430405116,0.026165192472218234
3857294,Netherlands,8.179345866705312,12.437514509283117,57.195799144745706,40.09715430934894,55.82271084243119,563.3455126815086,40.01531869151419,23.529111441888308,4.562462898402475,5.2812900743943185,0.6472102211644274,1.5126148053123387,10.281874505685398,25.682378507574768,0.018173755516503205
3857294,Qatar,-1.3286052672106141,-6.93279043533958,71.85242150555806,39.152109903435665,41.60085345718433,486.7993718799669,39.30053399841336,20.91833762372346,5.342628264860981,5.966122942631694,0.7284786139500568,1.639858409818781,9.598009017131929,23.12629522992833,0.030363301585414133
3857266,France,-1.4831508796968984,-2.870191657659076,68.91210391360805,40.13150183785123,43.224024303226614,597.0685646141676,37.983750851660695,23.80994453479806,5.553665698736766,6.428500057715688,0.6407840583361987,1.511236135704148,10.252154891329722,25.35492887092379,0.01985382960539942
3857266,Denmark,-3.633723322642002,-1.663576000940965,67.40646140383033,40.50375902712559,45.355157591676075,549.2069971082369,37.73463890135054,22.593954080145746,5.429168530606561,6.352996970675932,0.6145483563328876,1.4788520804806977,12.213405874654029,27.654257438361252,0.036568407578415035
3857284,Germany,1.3246477925057953,9.601588789842015,56.952478520015,40.81336430639524,56.31402599167509,476.71693190230076,35.640860683221284,22.144515923020453,4.0877782382254315,4.9807466620618825,0.7711077474019463,1.6148897865773566,10.1657603330699,24.388514830040037,0.022543067035077666
3857284,Japan,-7.1480206129519885,-6.212484733898396,69.60099249351757,39.96093361668842,44.18147247657947,435.833176116896,34.85074063945628,20.302500864134196,4.619554200659112,5.5552670429541,0.7986895952609167,1.7831926832955622,9.259511479650213,22.963444065924406,0.025894568181557127
3857254,Denmark,8.171904828536439,5.507357445817761,55.61009362579402,40.41169449148342,59.52570833144704,327.4834905529975,31.090902836671827,18.639872006680097,3.3368969918755624,4.535973500267099,0.7196092683719407,1.7111569943835903,9.196070961581034,21.276086478706087,0.026693488167040435
3857254,Tunisia,-2.9342816399707647,-9.177599913453667,70.46075358644214,40.54063578730866,44.54454259394083,341.8808601216711,33.26370575364853,17.620834492064983,3.7034429822684554,4.962177444339728,0.7199564284189182,1.6147086797048407,11.131011931019556,23.71457309403276,0.034831373199235405
3857265,Mexico,4.198195845732267,-1.7117965460523341,67.03743242659735,38.24913867150961,44.623623731266854,595.1179979724285,36.700225809504005,24.837956405500357,4.543885042041515,5.88008269363719,0.7696819688222567,1.5821387086666032,12.338036239664097,27.790684336625276,0.02080245368185159
3857265,Poland,-11.033549144763832,-3.771087330651395,70.22048908303384,39.863972595615515,42.48517266536919,537.5490395072466,37.10398918692872,23.532222141272058,5.475063784639322,6.052242928808704,0.6634308821787206,1.531789512579232,9.6604152232776,24.98622372274843,0.020279102570229926
3857301,Qatar,-3.791972278740108,0.21297232084721995,67.8359083009001,38.44012358389354,45.139196550136866,511.49899062153725,38.32993810881426,22.130652388007753,4.881952883923028,5.551170168742517,0.6354096368537169,1.4911452198339568,11.141460644470234,25.89333345872768,0.06471843527328815
3857301,Senegal,1.1609536149705668,4.755272149516758,62.41185298461495,39.89605017165552,49.92944845498469,572.9200129815782,37.677240754284796,23.50699137294837,4.717798031200004,5.711664677004236,0.6696035632351649,1.420880644047695,9.511054917275297,24.97307837488163,0.021477974308373768
3857268,Belgium,-16.38805475667,-0.17284871234820887,71.82655419093582,41.59206240414327,38.81540300062223,720.2067034914475,39.337868363800695,28.44478995304066,5.528079067949227,6.244262241389595,0.7328808225818354,1.572732546815565,9.562281939184432,26.099045519157855,0.019557328469666433
3857268,Canada,12.005176312568707,16.839026723237595,58.16652407073816,41.44367405688628,50.56908338001991,841.0569662192316,42.216725227773125,30.62400826193545,5.94105162283949,6.37683014172763,0.5995671498701843,1.3962587049082287,9.789482506180747,27.82605293923829,0.01707559362409846
3857269,Brazil,11.735385146200997,8.714256234880992,56.787687871518806,39.74216380921524,55.21818884182884,574.5872889665545,37.16087535473976,24.78973110049717,5.325541947506548,5.8625160688358084,0.6520319937763209,1.5760279550103373,8.640460239898012,23.422482857337055,0.01970780602539859
3857269,Switzerland,-3.5224892747879935,-10.096560296960615,72.56733339268858,38.14250798575701,40.32659360990799,513.3882562461226,36.79935679891288,21.98417736949554,5.386216039565018,6.497197138319843,0.7141418695864696,1.6101304460508508,9.862488649561657,24.72467521353014,0.0335913250772964
3869321,Netherlands,9.04707121265687,-0.7008850604467288,68.42037355350189,41.03931510522097,42.19978801737472,703.2173656740401,39.53275328801089,26.747964507631146,6.06195920620467,6.771656358381562,0.7195955224209661,1.6388203821768523,9.06458148267226,25.322295163058655,0.14479110890645672
3869321,Argentina,-3.97330801604453,-1.4128543793236714,68.73248023904904,39.83768116165879,42.24002467616939,689.2690835578734,40.34194847082952,26.421037804832654,5.760269942187919,6.899332692728816,0.7414776553670049,1.6235143253919078,10.151312691074617,26.3725326651244,0.026987754933008055
3857292,Costa Rica,-34.53868436526369,-17.660714023163955,76.69645827312263,40.60845340892431,37.72896284385586,370.6258125029132,32.992757625775425,19.16780079512135,4.465700150306578,6.057370667673114,0.7159617395688265,1.6627647413942777,10.904713617632785,23.255586440735684,0.0257657879136649
3857292,Germany,10.662439175813176,8.425153687863661,54.84190339528233,40.191752794069146,58.04506862481458,472.6402818270204,34.3993916482311,21.8670479582078,3.7736864796212632,5.342773879632762,0.8505957272138582,1.7467721938917704,8.624310133354463,22.08568382926317,0.02920572812262551
3857295,Japan,16.601630269392732,12.65454046910449,57.18724848627404,38.82678117500282,54.3283565036583,630.9371054881752,40.08522098051387,25.624342979886606,5.3116668845547785,5.679217104066779,0.6896567252928177,1.4766460351055635,9.857577094601538,26.17877431054524,0.01943394197184356
3857295,Costa Rica,-11.947708043488758,-9.567439433907124,75.96831340127791,39.043162563039154,35.920534136629485,613.3125393300402,39.29290590832388,24.665662995709475,5.781035352928498,6.443052641699845,0.7027175238760756,1.677832549868404,9.088888393943895,24.372042449639338,0.03984931848204725
3869685,Argentina,7.82055491408003,-1.976932997510214,68.7256697787775,38.18917020751112,42.878153524688464,642.3730798812743,37.94370566174141,25.870092153673188,5.722923943979987,6.358638935346884,0.6142550504454356,1.3783156624180888,10.587296733293636,26.843019616267085,0.030933576145051427
3869685,France,0.5535705005524694,-2.081923235843054,68.0756797142252,40.753510890784085,43.08565072641769,637.3681733508888,36.70762394210458,25.92718412780379,5.030485504099001,6.2059448335159075,0.7878853705022997,1.7391256448298658,8.399346779877725,24.282742565293773,0.07191964945438852
3869684,Croatia,2.7540395543799834,4.306283789653664,60.86328740889969,41.839098928806685,52.42173427404503,483.4947334667767,36.40448712764828,21.644179056604163,4.469406328633979,5.355685762516281,0.6459511864354441,1.415019902049608,10.04532582829937,24.73597094794433,0.03507052568300974
3869684,Morocco,-3.868002742040794,1.9311890525490596,65.05036355834389,39.190162166439634,47.275478732402476,563.0999163092195,38.76116827219133,22.67320970709803,4.477621324386495,5.924492447897677,0.7796299471341923,1.673284192883885,9.007682525533196,23.856394630239567,0.02013814111352292
3857256,Serbia,4.585122634670369,6.71519889279574,61.76070513621839,42.98294792299035,49.35056699094326,638.2119087933914,38.670339998162255,27.13534360208592,4.952302683683754,5.477120514205869,0.6975810456672656,1.55874226213816,9.154560757255554,24.620808889012327,0.02182475111830175
3857256,Switzerland,0.7006556842652112,2.0708653262806203,65.34490164359534,38.55426689447731,46.58049191471736,589.4226285952144,37.3430061725805,25.33680875653082,5.162025988646295,5.91968937016287,0.6433632353189906,1.4358143167747914,10.390438088519941,25.7694072322202,0.01982895262460547
3869151,Argentina,0.6746356263988229,8.229441810307545,60.84473405776716,40.96519591951309,49.81769112016099,686.8036392968452,38.492717758662515,28.150711088717493,5.478584874375548,5.8497966215305,0.6333567715171591,1.341785753205337,10.39180875984225,27.30198249697162,0.021218501681320782
3869151,Australia,15.693412680742428,6.209543654576434,63.001333490264486,40.203682263316296,48.045430406148874,678.4692016413791,39.15515754739968,26.279410395751576,6.019593546285959,6.136412000195697,0.7031790251662641,1.5970417159870138,7.842901270397358,24.42213241647399,0.017421684524836858
3857257,Australia,-12.961679232086908,-6.900905905702031,66.88444521432221,40.2636240957417,47.153079240803415,416.3600302129578,33.40139888221814,20.17400333209996,4.032357363758345,5.512777519112119,0.5861768979807168,1.343733632744043,10.753518750332962,24.252560178064464,0.029871085584751475
3857257,Denmark,0.6894584471296594,0.5113646985309974,61.75774986769992,38.193883581129455,51.224275488928825,452.25972171644605,33.08282838243258,22.08169603216706,3.483929487533475,4.963756330381255,0.7575472553360877,1.6052806683222682,12.656271427076858,26.38206260040341,0.020705947111982443
3857258,Brazil,6.074430303002121,12.40709351433593,61.15368413048677,39.627375375287116,48.85401946202841,774.9412524678132,40.6635513146848,29.012721681093108,5.8861828803071035,6.425436822106116,0.7790889230194525,1.633784583848614,9.058508914255219,26.485647119392013,0.016963733829731542
3857258,Serbia,-2.700204832809039,1.8537873408401584,68.99839107355115,39.30564166000844,41.289197023392326,740.412321829537,41.28327292080192,28.53532809161673,5.6501182454195105,6.447106495539375,0.7328214918928797,1.739178022633576,7.636526049327157,24.065726874347405,0.019142488248898623
3857288,Tunisia,-1.3991701728732986,-1.7757492602200773,66.1000548117583,40.22232312548669,46.38518966590296,499.5403943419872,34.966905333669494,23.1976747737985,3.7585909825371235,5.302240892952962,0.8041746636186357,1.7483053359653367,10.419692163374544,24.797646447340405,0.02229496550347864
3857288,Australia,-7.633498076468226,-4.693897398339447,68.00374679777799,39.56037931385883,45.321307261861804,468.17697721165166,34.90217655612383,21.197985752839326,4.387306541128571,5.517362505386039,0.7311564552924318,1.5896066045168593,9.363162688298177,23.627498403596313,0.0250617488210127
3857267,Ecuador,-2.301476710022227,-3.8522229433807453,67.06713171226505,39.13314160228916,46.7466312899425,440.4654520398682,34.32914434448433,20.59535946914462,3.671090910423084,5.2663523829815935,0.8249010318275769,1.7159889192324662,10.669178476322934,24.65091117260758,0.025297514648372585
3857267,Senegal,-2.6668137775186898,-2.1804336560513695,67.053199988353,38.712326811932876,46.7369114375019,465.3300841704,36.28943811068164,21.07922998499769,4.218997607169676,5.477539872346165,0.7856694774550628,1.6744742196916413,9.927360032242916,24.33432566711183,0.024845886352170738
3857287,Uruguay,9.957048542657704,-2.1787372748325367,65.32935074374517,41.76822251484021,49.31630376884719,373.84937166349965,32.77661815688186,19.91432697447333,3.5965371066702407,4.188710264265979,0.6415189121244477,1.398674133436603,11.919637124503693,25.05025966021354,0.022080899975294596
3857287,South Korea,-7.922776195104237,-2.864017375674905,62.92875304376396,39.19488922795259,51.97012081730484,320.891593166926,30.63308007273296,18.63814769738642,3.894186779852869,4.666902524163944,0.655587692428155,1.3945861386733605,11.112861304800228,23.4106706310185,0.04500674685567574
3869486,Morocco,-10.929483286871877,-11.788053675991803,76.25046255983798,39.06339107519337,36.129802947544434,572.5809299800062,38.74793941212541,22.435079820853414,6.598685481078491,7.163186706094038,0.622887234421835,1.4604343900879782,9.692195747062165,24.990438176980497,0.020663916514960908
3869486,Portugal,9.042823743680422,14.607526916228208,58.835381652822434,40.968135879914286,51.148322180568435,720.0725174822983,38.469772175096395,28.37480095965193,5.035673583849816,5.872227055472065,0.9157625188673427,1.8320298468501006,9.32586233597446,26.123478820547195,0.01613543016275362
3857260,Saudi Arabia,-6.04755474700473,-8.279513309305166,74.00874515183524,40.15050000812008,38.14172006347454,592.652244304743,37.86851717698853,23.77909580268662,5.317414136864639,6.545782055075597,0.8218073589244215,1.7751296031957462,8.669043317556673,24.261211447788394,0.02607401137515874
3857260,Mexico,4.793007344681449,3.5760687112118243,66.42160510369531,40.76713111251947,44.49674089633486,674.7583302289496,37.85688751793118,27.2014003373278,4.331014528617664,5.338940281338651,0.8073589458907818,1.6464439564866835,10.655754281327424,27.25029731352005,0.028924140543271647
3857264,Poland,-17.003528931861833,-15.771232420342375,73.93136711346115,41.933956362630894,39.13840266334413,494.48683169221886,35.06872122201609,22.133153380730665,6.263881681486979,7.23076759370284,0.5595992955371439,1.4915255443059598,8.867831591498474,22.95619050470912,0.02532354571141673
3857264,Argentina,16.801712726610308,8.194417133364386,60.377460211304985,39.07099510083105,50.35237844794145,692.0759865837107,38.85521742264315,28.1705295334524,5.042497992969827,5.7825548412894285,0.61521463637814,1.3529703868281802,10.211727641754683,27.135436290474473,0.016737771751059123
3857289,Argentina,5.819816023608871,-0.9359579529333922,68.87065990491465,41.085727595128766,41.95097976784588,666.4082273589788,39.631248485137604,26.758322389166334,5.7764100590405985,6.316897104821592,0.6475852380640741,1.4206979466290541,11.268807742558643,27.98515606281913,0.028660312440847362
3857289,Mexico,15.473018910539665,-1.5794661752984913,68.16893908109363,42.60716637605219,43.05451145703249,646.860142874709,38.81113240620863,25.411271264071722,6.129999921588361,6.492017364266737,0.6520060597857789,1.4718919438894693,10.458579122033813,26.323638398402252,0.039694960749100935
3869254,Portugal,5.737833126617153,-3.5677155107176084,68.49404717881683,39.957295696176786,41.69909327618093,713.9354338317021,37.876849963523036,27.534210286922473,5.715972811307331,6.729161327920736,0.6768318323566668,1.5192602070914847,9.177876534422118,25.702148680950337,0.020414961243722312
3869254,Switzerland,-3.7629392321772093,3.783121184824836,64.02583229189649,40.19663086851137,46.270274758019134,718.917339368351,39.198872368214786,28.40338519852181,5.199688808472728,6.189144298875799,0.779049799014078,1.6912386545756595,8.899698207163043,24.9117638162991,0.016485302502061636
3869118,England,3.92171166115165,5.645168351859198,61.61485935309458,39.50675808651251,52.12645007266194,456.18044403485186,35.290422385124856,20.830065793910258,4.508354848939567,4.9650900552911565,0.7740657662312725,1.5415662911748933,9.818464080746443,24.22787973428172,0.03440323344893523
3869118,Senegal,1.3752000561245148,2.682206421563361,65.01960837705502,39.861568112306756,47.94370711199463,508.5816348379751,35.94986712599928,22.634156528491218,4.262624516929761,5.055563175883143,0.8318978640183935,1.6761424445517894,8.83284472438782,23.244907660997878,0.02209345943453501
3869519,Argentina,4.5698944709062275,-1.8242527761628389,68.64396601437748,38.871031321171486,42.78332465628374,622.9703922656316,38.633737358525885,25.26122866681218,6.216633361563349,6.352780125689235,0.6660034209488355,1.5375946493054675,8.69140908671883,24.83009252775042,0.027316140539338837
3869519,Croatia,9.589877661544758,0.7154869841897904,66.52879799110505,42.31142932037993,44.64841810470581,652.9593544654691,38.460077695306104,26.02081731417129,5.409831455295647,6.1107643609354385,0.800671092369706,1.8643723169777642,9.135010626430715,24.223871191608563,0.030074638492425514
3869354,England,4.457902439666489,1.4389248142063962,64.23540625938143,39.51832349421835,49.53925176857466,451.4233819408045,36.47904801765803,20.54058419786335,4.403688961504277,5.131985281613443,0.5603893021017092,1.2484879787180307,11.23387084362003,25.29389651862887,0.021269441537395004
3869354,France,0.5289494057733712,-0.11358095266412127,65.53179534541614,38.49598495792076,49.14528454372932,388.89854827229385,34.6658969735473,18.91542638959248,4.3268540451473125,4.740223015704082,0.5681428419955595,1.361354201733947,9.610552518207154,22.987671958550298,0.06223943376096318
3869552,France,-4.7816257603914005,-0.05789911145410076,67.37546834232131,40.96771033274489,46.122838220665386,510.22212232206005,38.16080058775991,21.7705230143305,4.913079167328602,5.599199355671623,0.6189436206433327,1.3775228159806792,9.701678142700118,24.719779415842037,0.028120700468378564
3869552,Morocco,10.515775893494839,7.347771246887612,62.05495577868486,40.81004439908835,50.26982775046485,606.1613547539206,41.5826941893442,23.376827438803744,4.514228369139246,5.463370362234748,0.7902050868791486,1.7585077220041037,8.580818745512929,24.169029339234477,0.01804602990042224
3869420,Croatia,4.360755279769979,-7.795197933120434,67.52613743666656,40.938089157428244,47.72109410335284,322.41195583088046,31.593753969792587,18.04285768265043,3.8548815352873427,5.001034890338735,0.6762612543350595,1.5773394388812834,9.923069381320124,22.281333078124714,0.029349015514967294
3869420,Brazil,11.524115275467228,7.504056174138086,55.51413680385746,39.88608754879078,59.53327076159509,365.3339579975531,33.88674011639659,18.71281265541575,3.6567733277996073,4.291075439183778,0.6423189847302156,1.5168678232433712,8.045818199329302,20.988489724098287,0.027754181815708708
3869220,Morocco,-3.659743790009029,-11.028088641938137,75.3019458841277,40.2423269972535,38.677779252577714,418.3319519669981,38.48882952602937,18.496013795070187,5.63525384477437,5.967564999318657,0.5383657006361666,1.3369611648565785,9.34489926415838,23.275468367921146,0.026937213901419246
3869220,Spain,14.970295531065176,10.313320859661117,56.170011292473966,41.01393591661485,56.786290413889915,479.2021740283713,35.68887866809315,22.041853292029348,3.8773570277387677,4.71576041616408,0.8167592249695673,1.7591160532628394,8.323780356083411,22.797834974213956,0.026839337510921685
3869219,Japan,-14.610168767329412,-2.8425255493619366,67.37682305059357,38.24190136264701,46.407736661700305,448.4825288941823,35.04521505079963,20.33978079038959,4.370679464411436,5.406300061055286,0.6818423910853858,1.5612639236211987,10.710040997368257,24.531575112378526,0.0260954110022655
3869219,Croatia,0.5905502205255486,-5.5674642824926135,68.3908908850033,42.50794315417251,44.484878578104095,496.64536271644295,34.73926660417928,22.912206608606912,4.623546064718876,5.676117983095071,0.7092764328561546,1.6866690301058347,9.257361696486653,23.49136245177242,0.02174225702388454
3869253,Brazil,-1.7495555148312025,2.7589115102736965,63.483176283793696,40.268110169663316,48.2315183733522,631.689364307376,38.35287813800561,25.274193228732713,5.663660062407655,6.321673752100262,0.5198404600309927,1.3672959580333184,10.10496003634933,25.548902399535383,0.019414821060189793
3869253,South Korea,2.4677538235217122,-0.9794433878654071,64.8056287238612,37.91935413648988,47.08858222182705,594.3468720373385,37.43025382306181,24.277615714150365,5.295003727824081,6.230318566923084,0.6181813324801768,1.4649891666547206,10.296012586794951,25.132150733947636,0.020951808846166875
3869152,France,-2.4642805841860236,-12.90869326117545,67.93713516766444,39.93855138131483,44.88021177329344,521.0951573756225,37.32152321778273,22.64182908452715,5.080972289047752,5.796580810809875,0.6297293774167504,1.4407660143964374,8.816185563901533,22.93603848470901,1.9678255719030135
3869152,Poland,-2.326936949218006,-2.921504547557966,66.74130890605251,39.785887192734485,46.85203440262074,464.1386800491323,36.60158394083961,20.94235943045442,4.930889201452644,5.808605176443976,0.596779520702992,1.4997313935199024,9.978615736820458,24.42766549093988,0.02864200883839704
3869117,Netherlands,-14.098216260952967,-11.082977656832565,70.65085758737398,39.003005437735304,43.20082161819041,396.4607331185368,32.41156905026873,20.674807415233314,4.361453896398237,5.63234691980752,0.7185829562202909,1.7107014350652254,10.05227830456009,22.480734495696314,0.05451264569655094
3869117,United States,2.0845218254578244,4.143968452124195,58.14378410540079,41.11835890792933,55.50685626459689,428.8735511068614,33.26435004398273,21.00944059173086,3.556943561398061,4.852633502659748,0.7477758443493766,1.6696925133899307,9.49768637807278,22.672355780672508,0.033442749958625256
3857270,Portugal,1.5846941828719263,-0.7429311485957467,66.09865903223951,41.19323069149912,46.72709931514655,532.4287667697189,37.77615850569112,22.824552727600732,4.64849896056374,5.653268476156081,0.8081234621906871,1.7820928174754977,7.020966272710534,21.26187987171733,0.020204107477359862
3857270,Uruguay,8.03588439842585,-0.6533017020010202,63.23047255270259,38.93905136880507,49.76539319665454,500.7625167296801,35.96296977922326,22.989623879374207,4.611620753914373,5.496052531254404,0.6707441235312567,1.6110914034765813,7.538420746503035,21.38032402612813,0.030298190239700925
3857263,Spain,-2.038588661304752,-0.6326960179588179,65.3580203743489,38.960921990161054,48.43667783554245,466.0686766431441,36.31848764194632,20.320800539117336,4.373814717041646,5.4673257043199985,0.8275171006452684,1.7608991548107131,9.809607879251056,23.41190803649614,0.03742153943211505
3857263,Germany,13.971755887823042,10.601297244242636,57.748316136986546,39.8962012931521,55.48132370181807,512.7420977032524,37.106888242383064,22.08402404683867,4.674748664995176,5.173968732416637,0.7093353458767585,1.5814710773914307,8.809651111098924,23.622218887890494,0.021309468225073465
3857259,Cameroon,-8.529156505828517,-0.7269124639400932,64.51845342279087,39.55484566281974,48.88979810071402,478.1795928685604,35.932003745474304,22.27401440234483,3.897991207773364,5.2336725445342065,0.7377896697962939,1.6728525731106505,9.811154298061755,23.231876764084028,0.022806924154820874
3857259,Serbia,-2.974546810425449,1.3076392078573855,63.4592221279032,41.350953900472284,50.35602712910631,458.6491195977438,35.53081794854574,21.19556198494317,4.260880572041339,5.237183994195654,0.6666061551211979,1.4862577497525327,10.73867281984122,24.979523728311136,0.026151462407059952
3857283,Belgium,7.844271052590418,5.660582889233902,63.60440888907257,41.82376863833731,47.7016802905267,637.861966474984,39.46488082406742,26.41045852094843,5.089282006195837,5.960547136580086,0.6015219365359468,1.3642049160235539,8.582825552660665,24.704368951567975,0.019086788823962468
3857283,Morocco,-4.1837171924859975,-5.778652856408798,69.39600128465534,38.09430468177055,42.522018568228134,607.3454142540114,38.855174388847026,23.861177581845116,5.836085855498285,6.959182648961145,0.6295931871329166,1.4505966817067808,10.09601834875678,25.53435430479034,0.0191048346810254
3857286,Qatar,-8.7288578301065,-6.998752820733268,67.68200820083196,40.47125163744279,47.15635621784624,356.96882260494397,33.00829742573039,17.79428674271338,3.8603240831186816,5.084136616873287,0.7131696581475421,1.5772464915463222,11.141562323131025,23.69966455551411,0.061555015521884
3857286,Ecuador,12.372082911206245,12.765291828840276,55.88107690554833,39.03332243228676,58.77396787475614,413.77522130040535,36.050640978278786,19.67471144122608,4.338158616659876,4.347706296035591,0.6238103440276531,1.2965947467368033,9.137071284363453,22.966639786425787,0.0233264715319886
3857300,Argentina,1.3758571190205848,0.8176472064779855,65.41091649945348,41.23375035599641,47.62797380790877,511.31202352646636,37.74430168751266,21.80555436507703,4.105351642248337,5.212396162380225,0.6760377070039197,1.6478225573311052,12.338075176421432,26.817329818338873,0.022002957423606303
3857300,Saudi Arabia,-1.7349874417422084,-2.5366176260531876,66.15412842701768,40.38627797063557,47.85608861753281,434.49888419453646,36.371055080756875,18.7669939684667,5.8080146175662115,6.474237719163068,0.6997488918179532,1.6468050059082433,10.286564839828495,24.24810425767605,0.02901149335681671
3857299,South Korea,0.9831216908480322,-1.1156025905155755,59.960379677339944,37.46047060885495,55.40758740734369,287.8302207148707,28.946155808951104,17.23465855609881,3.017917509626515,4.252219736647725,0.7761131190538683,1.6780076880742036,12.569995249132878,23.81313956972248,0.032489668923956924
3857299,Ghana,-18.231218670411316,-11.45166644729095,70.75961136532943,42.77711234902152,44.686566284762414,280.49955385304577,29.03351684072199,17.298904591554155,3.567886909774537,4.425395694723792,0.6882446774321805,1.5163862684109284,10.217184792291835,22.04059407114533,0.03299754999397449
3857293,Ghana,-1.2107793228835873,-0.790562750057003,62.90854198525615,39.37837350375191,49.86165316149533,470.9942253682717,32.75326616991651,23.760385217834656,4.206387174889249,5.249354599898915,0.724773024882203,1.686903765322086,10.022034321163586,23.600048314813595,0.025591732723530585
3857293,Uruguay,-5.128773848718426,-8.25805686173073,68.97990206540587,39.156894425080026,43.301243248015616,482.30641606704785,32.76555028676219,23.40995961868806,4.43784384240314,5.684080228947032,0.732669886946572,1.6671737823746882,10.231539914339386,24.089539100533536,0.024983525473527782
3857291,Spain,13.837652692516745,13.039065535557507,56.46559756690139,40.720227646043305,56.31083437158254,549.3728477234494,37.73782631477292,22.51527988573441,4.82233681971814,5.266277349146287,0.8227176055607428,1.7038780229440702,9.05095911990744,24.354667999120803,0.018582416999530157
3857291,Costa Rica,-13.930765467440681,-0.038297880227193715,68.34138518124064,37.29766246148607,43.97472054309037,566.3342324167292,39.467066446105264,23.03267168090328,5.700243745199451,6.246730719940939,0.5089780234116059,1.4440868704783545,9.078104951606475,23.319746651073473,0.018308795035196074
3857281,Croatia,7.48480392270276,4.056854982071552,61.15645221879852,41.57337271994956,53.175992445087736,436.1858603742024,35.36056726427583,20.153654730152468,4.183266683180969,4.730022105431199,0.6873643538941755,1.4366215229897679,11.216448740073774,24.702801647053587,0.02635603127116835
3857281,Canada,-6.417022349883927,3.0994004519454683,63.1621999107095,37.193372683384766,50.48397647559229,440.2365413549137,35.27262751957773,20.70390256801323,3.8389540131015423,4.843017952306874,0.6826040449719841,1.6201817123362796,9.88464450590524,23.44131234798486,0.023169128737404454
3857280,Cameroon,-11.819067637836971,-6.381346867180333,70.02961138636847,41.88059421718185,41.2796894999508,613.486641703746,36.48614802361794,25.06865340683465,5.337869457037362,6.759509137893085,0.7901864425957865,1.7413083419056843,9.275734004127985,23.975717114826423,0.02716822932780802
3857280,Brazil,3.184779380725394,2.274042924113814,65.4927379731707,39.288663989293575,44.85467561655911,728.6683702370437,38.9287012756901,28.366555566089527,5.367484357474584,6.638494200110105,0.7175594453890152,1.5009037188820091,11.24480228338,28.232311407281042,0.016461565758334244
3857279,France,8.071895900371423,7.217910820147417,60.779808472631004,39.913875483192854,51.47246984383369,583.7714280715032,38.064489033570176,23.904816499724046,4.768828668908137,4.956245648670988,0.5733279294309184,1.302465794441501,9.319277038305,24.16879426756922,0.03644543632912285
3857279,Australia,-18.934237523291507,-2.505269733130635,69.73946164208643,41.47853440375106,43.56411827789585,491.0338463215336,37.66692609035857,21.005947767303642,5.662619914738594,6.110775727492004,0.622914115274313,1.528746687375013,8.984582453839597,23.682435690403416,2.813944089862687
3857262,South Korea,-8.983697553551062,-3.150855078842978,64.39802539909566,39.19992727500507,49.52989877123575,406.94582970174025,33.5160742067396,21.140516226586,4.275312206299984,5.400858556097227,0.6455527806468876,1.5166882809974362,10.199517565669,23.60710476211296,0.02163761565801279
3857262,Portugal,2.1648407504499145,-3.9596707176205146,63.583308741395086,39.160699943078015,50.58528807229703,378.0700773969047,30.64480139499687,21.091457470107215,3.8927917376355836,5.021073089918555,0.6899681497154067,1.6942475424087866,11.502668674971872,23.95902292622026,0.02974750437907007
