player_id,player_name,team,position_group,publication_global_rank_v3,publication_global_rank_outfield_v4,rank_drop,attack_component_outfield_v4,defensive_component_outfield_v4
296254,Walid Cheddira,Morocco,Forward,256.0,484,228.0,0.12317744756518967,-0.29814968052519863
3347,André Ayew Pelé,Ghana,Attacking Midfield/Wing,131.0,336,205.0,0.33310737859801837,-0.32567204116550313
21736,Zakaria Aboukhlal,Morocco,Forward,204.0,397,193.0,0.18830566233999052,-0.2674758785785746
8776,Takumi Minamino,Japan,Attacking Midfield/Wing,358.0,537,179.0,0.09328541062090862,-0.3126791696560723
29377,Brennan Johnson,Wales,Attacking Midfield/Wing,267.0,445,178.0,0.15061931577562718,-0.2851783925026771
227697,Garang Kuol,Australia,Forward,305.0,482,177.0,0.06920480342763684,-0.24334138761107815
35658,Kamaldeen Sulemana,Ghana,Attacking Midfield/Wing,285.0,461,176.0,0.12392370833182734,-0.28197765814855547
36288,Facundo Pellistri Rebollo,Uruguay,Attacking Midfield/Wing,243.0,418,175.0,0.21340113412747627,-0.3177995286477031
124901,Mohammed Muntari,Qatar,Forward,364.0,539,175.0,0.0816672167083051,-0.3090641366282461
8654,Ante Budimir,Croatia,Forward,326.0,497,171.0,0.0670797847380963,-0.2508609054665574
5246,Luis Alberto Suárez Díaz,Uruguay,Forward,68.0,237,169.0,0.5528320416096247,-0.33529089925460104
29966,Ui-Jo Hwang,South Korea,Forward,249.0,414,165.0,0.1566619763341744,-0.252401082720252
3450,Jordan Ayew,Ghana,Attacking Midfield/Wing,361.0,525,164.0,0.10971125413456574,-0.3169352560361688
5568,Raúl Alonso Jiménez Rodríguez,Mexico,Forward,292.0,454,162.0,0.12143080906252093,-0.2687225542915978
3616,Callum Wilson,England,Forward,188.0,349,161.0,0.18752212697442133,-0.20080835425703542
44225,Osman Bukari,Ghana,Attacking Midfield/Wing,324.0,485,161.0,0.09594125636034229,-0.27231815000950477
25305,Pedro Guilherme Abreu dos Santos,Brazil,Forward,173.0,333,160.0,0.2243317703803555,-0.2125435159915768
59493,Abderrazak Hamdallah,Morocco,Forward,167.0,326,159.0,0.2360851142854442,-0.21489716986487434
10868,Ricardo Jorge Luz Horta,Portugal,Attacking Midfield/Wing,143.0,301,158.0,0.3038904184415316,-0.23049604384118894
3289,Romelu Lukaku Menama,Belgium,Forward,57.0,214,157.0,0.41446337236452746,-0.14825490121110696
30756,Anssumane Fati,Spain,Attacking Midfield/Wing,248.0,405,157.0,0.13830858678660307,-0.2261059370870909
13314,Famara Diedhiou,Senegal,Forward,196.0,346,150.0,0.20351622914911402,-0.21219548714791536
9980,Jamie MacLaren,Australia,Forward,379.0,529,150.0,0.05738604248903274,-0.2683435643411855
5543,Haris Seferović,Switzerland,Forward,342.0,491,149.0,0.07743820026212919,-0.2577070558213524
5239,Alireza Jahanbakhsh,Iran,Attacking Midfield/Wing,411.0,559,148.0,0.0548313480076686,-0.31006361821169875
9638,Jack Grealish,England,Attacking Midfield/Wing,115.0,262,147.0,0.43218596217034794,-0.26145106530018597
3196,Wahbi Khazri,Tunisia,Forward,134.0,281,147.0,0.29154018238710294,-0.1757569806212687
30628,Daizen Maeda,Japan,Forward,197.0,344,147.0,0.23224545284948708,-0.23831055727170442
8217,Kingsley Coman,France,Attacking Midfield/Wing,221.0,367,146.0,0.27272552582919524,-0.30854323927386657
18015,Dušan Vlahović,Serbia,Forward,175.0,320,145.0,0.20394591701416234,-0.16811290355229028
22008,Haji Wright,United States,Forward,116.0,260,144.0,0.4032135170134596,-0.2238994034254623
15452,Carlos Uriel Antuna Romero,Mexico,Attacking Midfield/Wing,252.0,396,144.0,0.15286444640766456,-0.23143268368888587
6393,Iñaki Williams Arthuer,Ghana,Forward,265.0,409,144.0,0.18518129722538543,-0.2755990345752952
149714,Abdessamad Ezzalzouli,Morocco,Attacking Midfield/Wing,405.0,546,141.0,0.06757088644170947,-0.3056431041633128
41711,Sang-Ho Na,South Korea,Attacking Midfield/Wing,297.0,437,140.0,0.14771311574660165,-0.2722398158104883
5633,Yannick Ferreira Carrasco,Belgium,Attacking Midfield/Wing,198.0,335,137.0,0.2029909431092204,-0.1944852692836565
5224,Sardar Azmoun,Iran,Forward,107.0,243,136.0,0.38883045934553,-0.18948277706928207
124495,Almoez Ali Zainalabiddin Abdulla,Qatar,Forward,168.0,304,136.0,0.30331175729235244,-0.23395883404502704
80484,Iliman Ndiaye,Senegal,Attacking Midfield/Wing,240.0,376,136.0,0.19507515860664804,-0.24345095835780436
18360,Rafael Alexandre Conceição Leão,Portugal,Attacking Midfield/Wing,141.0,276,135.0,0.36565148583294615,-0.2332258609681123
3202,Gabriel Fernando de Jesus,Brazil,Forward,177.0,311,134.0,0.2716590842177684,-0.21471101816241364
3557,Naïm Sliti,Tunisia,Attacking Midfield/Wing,219.0,353,134.0,0.21257937270989918,-0.22827649147267026
3457,Michy Batshuayi Tunga,Belgium,Forward,95.0,228,133.0,0.44319579009092547,-0.20391900243620564
54144,Nawaf Shaker Al Abid,Saudi Arabia,Attacking Midfield/Wing,217.0,347,130.0,0.2100328654145771,-0.21875723778190082
3264,Vincent Janssen,Netherlands,Forward,235.0,365,130.0,0.16662424350356608,-0.2006064103105837
88123,Cheikh Ahmadou Bamba Mbacke Dieng,Senegal,Forward,245.0,375,130.0,0.18158391471319105,-0.22950698632786315
4447,Martin Braithwaite Christensen,Denmark,Forward,230.0,357,127.0,0.181584781817348,-0.20385648257243053
6302,Kasper Dolberg,Denmark,Forward,113.0,238,125.0,0.36861865438388364,-0.1566953901125719
24243,Brenden Aaronson,United States,Attacking Midfield/Wing,118.0,240,122.0,0.4031254033527915,-0.19830049005446546
5231,Karim Ansarifard,Iran,Attacking Midfield/Wing,423.0,540,117.0,0.023138959314104864,-0.25193753566413235
5632,Thorgan Hazard,Belgium,Attacking Midfield/Wing,208.0,324,116.0,0.21880655964058918,-0.19503465972089978
132728,Jewison Bennette,Costa Rica,Attacking Midfield/Wing,462.0,578,116.0,0.04476715909925212,-0.35888467574575605
5240,Saman Ghoddos,Iran,Attacking Midfield/Wing,279.0,394,115.0,0.11250719025803939,-0.18782959318493642
51705,Abdulrahman Al-Obood,Saudi Arabia,Attacking Midfield/Wing,356.0,471,115.0,0.07287592964049322,-0.23689445868915454
29976,Gabriel Teodoro Martinelli Silva,Brazil,Attacking Midfield/Wing,87.0,201,114.0,0.5275460227719923,-0.22730146960502248
17042,Andreas Skov Olsen,Denmark,Attacking Midfield/Wing,110.0,224,114.0,0.4388423224943076,-0.19162138648977953
32478,Darwin Gabriel Núñez Ribeiro,Uruguay,Attacking Midfield/Wing,133.0,245,112.0,0.37374156619725823,-0.1785441213101641
5630,Dries Mertens,Belgium,Attacking Midfield/Wing,189.0,298,109.0,0.23618404428531461,-0.1564740805370958
26280,Orbelín Pineda Alvarado,Mexico,Attacking Midfield/Wing,239.0,348,109.0,0.17496554877435536,-0.186206922526819
7829,Wout Weghorst,Netherlands,Forward,272.0,380,108.0,0.1283143809548612,-0.18603819892845097
26400,Henry Josué Martín Mex,Mexico,Forward,64.0,171,107.0,0.5337369233963256,-0.17120633296750704
16352,Issam Jebali,Tunisia,Forward,63.0,169,106.0,0.6218389898445253,-0.25686068096739983
3233,Raheem Sterling,England,Attacking Midfield/Wing,195.0,299,104.0,0.27752444163991513,-0.202534075652479
4319,Edinson Roberto Cavani Gómez,Uruguay,Forward,205.0,308,103.0,0.22657854068232502,-0.16504980699709404
11174,Vincent Paté Aboubakar,Cameroon,Forward,117.0,219,102.0,0.40388156046183543,-0.14663623579030322
132296,Anthony Daniel Contreras Enríquez,Costa Rica,Forward,452.0,553,101.0,0.04239378171311679,-0.2884677504772205
28914,Lovro Majer,Croatia,Attacking Midfield/Wing,100.0,198,98.0,0.5339605690472857,-0.23164651455067112
8949,Takuma Asano,Japan,Forward,99.0,196,97.0,0.47354969738625347,-0.16684244594498854
22168,Joshua Sargent,United States,Forward,94.0,190,96.0,0.45142378624239254,-0.13531967118960692
6297,Maximiliano Gómez González,Uruguay,Forward,370.0,465,95.0,0.040456590247958,-0.20067160387268546
8546,Niclas Füllkrug,Germany,Forward,24.0,118,94.0,0.7410111607740105,-0.15996266394877956
26301,Ernesto Alexis Vega Rojas,Mexico,Attacking Midfield/Wing,126.0,220,94.0,0.4070844215323448,-0.1519432230472916
31090,Takefusa Kubo,Japan,Attacking Midfield/Wing,469.0,563,94.0,0.034521289354762355,-0.29706608246020644
3551,Karl Brillant Toko Ekambi,Cameroon,Attacking Midfield/Wing,275.0,368,93.0,0.1804934464697501,-0.21661790083924964
3135,Chang-Hoon Kwon,South Korea,Attacking Midfield/Wing,307.0,400,93.0,0.09820215525855938,-0.1789197976199226
6319,Luka Jović,Serbia,Forward,329.0,415,86.0,0.06458446901103916,-0.16148146213809328
23910,Youssef Msakni,Tunisia,Attacking Midfield/Wing,72.0,153,81.0,0.6292723855653007,-0.19356351157637908
6399,Gareth Frank Bale,Wales,Forward,108.0,189,81.0,0.4076178799086119,-0.08658962612305346
5732,Andreas Evald Cornelius,Denmark,Forward,56.0,136,80.0,0.6601668733269445,-0.17072398486394932
4318,Davy Klaassen,Netherlands,Attacking Midfield/Wing,150.0,230,80.0,0.33933327920132994,-0.10183326906010474
3053,Leroy Sané,Germany,Attacking Midfield/Wing,81.0,160,79.0,0.5205591565631403,-0.12456656276284674
25363,Antony Matheus dos Santos,Brazil,Attacking Midfield/Wing,130.0,207,77.0,0.4684537131496214,-0.18681512193566324
22097,Randal Kolo Muani,France,Forward,48.0,121,73.0,0.730208815630582,-0.15756697059622501
68574,Nicholas Williams Arthuer,Spain,Attacking Midfield/Wing,328.0,401,73.0,0.14211324976554612,-0.22361973775881144
50436,Fabian Rieder,Switzerland,Attacking Midfield/Wing,397.0,470,73.0,0.06215054495679213,-0.2255245073367622
16459,Cyle Larin,Canada,Forward,161.0,231,70.0,0.2886926722450567,-0.05306177038855103
51469,Saleh Khalid Al Shehri,Saudi Arabia,Forward,154.0,223,69.0,0.320785962812399,-0.07272737974957272
8966,Kai Havertz,Germany,Forward,26.0,94,68.0,0.8373631957386839,-0.1424460088206039
3853,Kieffer Roberto Francisco Moore,Wales,Forward,71.0,139,68.0,0.6048806751922058,-0.12561123677900143
22067,Woo-Yeong Jeong,South Korea,Attacking Midfield/Wing,399.0,467,68.0,0.04787234638994025,-0.2091758086217192
5595,Johan Alberto Venegas Ulloa,Costa Rica,Forward,482.0,550,68.0,0.02530644050169617,-0.269124795395143
27569,Jesper Lindstrøm,Denmark,Attacking Midfield/Wing,127.0,194,67.0,0.3396703640160624,-0.029731269186752143
8259,Steven Bergwijn,Netherlands,Forward,112.0,175,63.0,0.44460296501714747,-0.08615035903023562
20758,Krépin Diatta,Senegal,Attacking Midfield/Wing,271.0,334,63.0,0.20474259087261087,-0.1953868554304594
17033,Mohammed Kudus,Ghana,Attacking Midfield/Wing,60.0,122,62.0,0.7136970623635006,-0.14606884096438064
33492,Mitchell Thomas Duke,Australia,Forward,149.0,210,61.0,0.3704751140639907,-0.09351965995053112
7843,Mason Mount,England,Attacking Midfield/Wing,226.0,287,61.0,0.26287790689613266,-0.15431116896957778
11252,Daniel James,Wales,Attacking Midfield/Wing,458.0,517,59.0,0.03898166019031644,-0.23805839431515752
40542,Gue-Sung Cho,South Korea,Forward,66.0,123,57.0,0.6834040996860039,-0.11693104179536716
38803,Gonçalo Matias Ramos,Portugal,Forward,22.0,73,51.0,0.9688326032462824,-0.10373147673629618
3318,Marcus Rashford,England,Attacking Midfield/Wing,58.0,109,51.0,0.7747312323004213,-0.15889281165238395
5571,Hirving Rodrigo Lozano Bahena,Mexico,Attacking Midfield/Wing,93.0,142,49.0,0.5735618433966118,-0.1058956108173153
16527,Mislav Oršić,Croatia,Attacking Midfield/Wing,114.0,163,49.0,0.470483774105409,-0.09068881542311236
25154,Éverton Augusto de Barros Ribeiro,Brazil,Attacking Midfield/Wing,359.0,404,45.0,0.06912643925027544,-0.15625378097071355
3621,Eden Hazard,Belgium,Attacking Midfield/Wing,349.0,392,43.0,0.12590532318363368,-0.19844007121496804
4272,João Mário Naval da Costa Eduardo,Portugal,Attacking Midfield/Wing,385.0,426,41.0,0.07699160751962081,-0.19123316638648677
4935,Bryan Mbeumo,Cameroon,Attacking Midfield/Wing,244.0,284,40.0,0.23677564283421368,-0.12361535208073775
35592,Anis Ben Slimane,Tunisia,Attacking Midfield/Wing,344.0,384,40.0,0.12185119354556288,-0.18260892397263775
16559,Leandro Trossard,Belgium,Forward,333.0,372,39.0,0.10745168811446626,-0.15144696088305526
3477,Álvaro Borja Morata Martín,Spain,Forward,27.0,65,38.0,0.9258334904493556,0.03301979806821908
30401,Ruben Vargas,Switzerland,Attacking Midfield/Wing,103.0,140,37.0,0.5289688922627884,-0.05285482070059898
7345,Mattéo Guendouzi Olié,France,Attacking Midfield/Wing,484.0,521,37.0,0.028277005938408473,-0.2295980543661622
6748,Ferrán Torres García,Spain,Attacking Midfield/Wing,62.0,97,35.0,0.7471041023915035,-0.0810637376235659
8361,Ritsu Doan,Japan,Attacking Midfield/Wing,172.0,203,31.0,0.305397692546121,-0.00784109370251855
28559,Enner Remberto Valencia Lastra,Ecuador,Attacking Midfield/Wing,32.0,61,29.0,0.9402929006384816,0.045582464407497664
5562,Thomas Müller,Germany,Forward,69.0,98,29.0,0.6318155809074832,0.0334264180943948
23640,Jonathan David,Canada,Forward,37.0,63,26.0,0.8666202532069042,0.11243187343083039
3083,Heung-Min Son,South Korea,Attacking Midfield/Wing,41.0,66,25.0,1.0032041808336292,-0.05204616841720562
5226,Mehdi Taremi,Iran,Forward,50.0,75,25.0,0.8097311161122904,0.034368210259540406
4269,Aleksandar Mitrović,Serbia,Forward,33.0,57,24.0,0.9629863679088588,0.05504224034719147
34339,Giovanni Reyna,United States,Attacking Midfield/Wing,341.0,363,22.0,0.10725180005154059,-0.1405658539466896
3377,Timothy Weah,United States,Attacking Midfield/Wing,39.0,59,20.0,0.936931465308324,0.07947673783915961
22041,Marko Livaja,Croatia,Forward,52.0,72,20.0,0.8787993642297954,-0.0003528597936188844
20611,Boulaye Dia,Senegal,Attacking Midfield/Wing,86.0,106,20.0,0.5463826744696275,0.07508279006565102
40784,Akram Hassan Afif,Qatar,Forward,251.0,270,19.0,0.231666586007354,-0.08242851979897815
2941,Ismaïla Sarr,Senegal,Attacking Midfield/Wing,18.0,36,18.0,1.3664546897873242,0.00964571199565998
7693,Bruno Petković,Croatia,Forward,44.0,62,18.0,0.9042990094480479,0.0764233235509073
2988,Memphis Depay,Netherlands,Forward,34.0,51,17.0,1.0463021802551988,0.09620388558116225
5719,Marco Asensio Willemsen,Spain,Forward,23.0,39,16.0,1.121822688309316,0.13824276533471933
4354,Phil Foden,England,Attacking Midfield/Wing,36.0,52,16.0,0.9509297985338296,0.16320142226310005
5477,Ousmane Dembélé,France,Attacking Midfield/Wing,40.0,56,16.0,1.1106357041306736,-0.08915028590311397
3441,Nikola Vlašić,Croatia,Attacking Midfield/Wing,146.0,162,16.0,0.38126051682785145,0.0023360250250340636
