tournament_impact_rank_outfield_v4,publication_global_rank_outfield_v4,player_id,player_name,team,position_group,predominant_position_subrole_v4,Tournament Performance Score,tournament_impact_score_outfield_v4,attack_component_outfield_v4,defensive_component_outfield_v4,bootstrap_rank_best_outfield_v4,bootstrap_rank_worst_outfield_v4
1,1,5503,Lionel Andrés Messi Cuccittini,Argentina,Attacking Midfield/Wing,offensive,99.0,5.631850229686206,4.6423659769294225,0.9894842527567833,1,17
2,2,3009,Kylian Mbappé Lottin,France,Forward,offensive,88.8,4.225428841672715,3.9066877217897886,0.31874111988292586,1,32
3,3,5474,Ivan Perišić,Croatia,Attacking Midfield/Wing,offensive,80.3,3.0536684009582444,1.9945082310010076,1.059160169957237,1,78
4,4,5456,Mateo Kovačić,Croatia,Central/Wide Midfield,offensive,76.6,2.5494231494104636,1.1537988450451897,1.3956243043652738,3,100
5,5,5487,Antoine Griezmann,France,Attacking Midfield/Wing,offensive,74.8,2.3014634479076914,1.7344609142017948,0.5670025337058965,3,106
6,6,29560,Julián Álvarez,Argentina,Forward,offensive,74.3,2.2310325266115396,1.8076028722724644,0.42342965433907515,3,123
7,7,5463,Luka Modrić,Croatia,Central/Wide Midfield,offensive,73.9,2.1718248475058717,0.8423725778806262,1.3294522696252453,5,139
8,8,3604,Olivier Giroud,France,Forward,offensive,73.5,2.1115496059395067,1.844218463283751,0.26733114265575564,3,142
9,9,39565,Jamal Musiala,Germany,Attacking Midfield/Wing,offensive,73.2,2.0778665689874964,1.7921157724440082,0.28575079654348845,2,177
10,10,27886,Alexis Mac Allister,Argentina,Central/Wide Midfield,offensive,72.8,2.020995620847201,1.1458594662681656,0.8751361545790354,4,136
11,11,7797,Rodrigo Javier De Paul,Argentina,Defensive Midfield,offensive,72.4,1.9616312640290565,1.0577233070648513,0.9039079569642051,5,136
12,13,33018,Joško Gvardiol,Croatia,Center Back,offensive,72.3,1.9547084089430262,0.26683310446814834,1.687875304474878,7,165
13,14,5460,Andrej Kramarić,Croatia,Attacking Midfield/Wing,offensive,71.5,1.8401707334767383,1.2542827446388407,0.5858879888378976,7,142
14,15,10955,Harry Kane,England,Forward,offensive,71.3,1.8177093191779354,1.5018743831652888,0.3158349360126466,3,212
15,16,5469,Marcelo Brozović,Croatia,Defensive Midfield,offensive,71.3,1.8111395073485976,0.4514168654199441,1.3597226419286534,6,199
16,17,5668,Robert Lewandowski,Poland,Forward,hybrid,70.7,1.7305626878226794,1.7796861567438529,-0.04912346892117345,3,269
17,18,4320,Neymar da Silva Santos Junior,Brazil,Attacking Midfield/Wing,offensive,70.6,1.7210425626901469,1.5211304574991489,0.19991210519099803,3,524
18,19,3471,Dejan Lovren,Croatia,Center Back,offensive,70.6,1.7119751967269892,0.22176997377936059,1.4902052229476286,8,216
19,20,3280,Richarlison de Andrade,Brazil,Forward,hybrid,70.1,1.6450047649689583,1.2862754956870095,0.35872926928194887,3,290
20,21,11456,Lautaro Javier Martínez,Argentina,Forward,offensive,70.1,1.6417945960051266,1.7621689733832697,-0.12037437737814312,6,158
21,22,5245,Achraf Hakimi Mouh,Morocco,Fullback/Wingback,hybrid,69.9,1.6271927276236733,0.4337179550840764,1.1934747725395969,6,199
22,23,16532,Daniel Olmo Carvajal,Spain,Attacking Midfield/Wing,offensive,69.6,1.584014116851507,1.4794137642106515,0.10460035264085536,4,295
23,24,8246,Christian Pulisic,United States,Attacking Midfield/Wing,offensive,69.4,1.557242651317343,1.4328100863697617,0.12443256494758116,3,269
24,25,6301,Youssef En-Nesyri,Morocco,Forward,hybrid,69.4,1.5531160599393048,0.8473675391850642,0.7057485207542404,7,200
25,26,5207,Cristiano Ronaldo dos Santos Aveiro,Portugal,Forward,offensive,69.3,1.5439306287445682,1.5562994814543416,-0.012368852709773488,3,248
26,27,5237,Hakim Ziyech,Morocco,Attacking Midfield/Wing,hybrid,69.3,1.5435718824744626,0.7212951423205923,0.8222767401538703,7,209
27,28,3026,Adrien Rabiot,France,Defensive Midfield,offensive,69.3,1.5410602186555105,1.0104359415849546,0.5306242770705557,7,186
28,29,29163,Josip Juranović,Croatia,Fullback/Wingback,offensive,69.1,1.5131100850904358,0.43395976283256454,1.079150322257871,10,228
29,30,5234,Sofyan Amrabat,Morocco,Defensive Midfield,hybrid,69.0,1.496939989541741,0.02475957244962199,1.472180417092119,8,219
30,31,2995,Ángel Fabián Di María Hernández,Argentina,Central/Wide Midfield,offensive,68.9,1.4878565057484308,1.5375428267437836,-0.049686320995352966,7,218
31,32,5545,Breel-Donald Embolo,Switzerland,Forward,hybrid,68.8,1.463485175129775,1.2601349408671039,0.2033502342626711,3,302
32,33,46258,Azzedine Ounahi,Morocco,Central/Wide Midfield,hybrid,68.5,1.4342655484065214,0.4914934647468461,0.9427720836596754,9,227
33,34,30714,Jude Bellingham,England,Defensive Midfield,offensive,68.4,1.4167496762407348,0.8938933276139663,0.5228563486267684,7,245
34,35,10595,Raphael Dias Belloli,Brazil,Attacking Midfield/Wing,offensive,68.3,1.401441657323518,1.3267174924034144,0.0747241649201035,7,313
35,36,2941,Ismaïla Sarr,Senegal,Attacking Midfield/Wing,offensive,68.1,1.376100401782984,1.3664546897873242,0.00964571199565998,6,270
36,37,20750,Cody Mathès Gakpo,Netherlands,Attacking Midfield/Wing,hybrid,67.7,1.3198480744586794,0.9046705062619854,0.415177568196694,9,269
37,39,5719,Marco Asensio Willemsen,Spain,Forward,offensive,67.3,1.2600654536440354,1.121822688309316,0.13824276533471933,10,314
38,40,3625,Sofiane Boufal,Morocco,Central/Wide Midfield,offensive,67.2,1.2424213970332585,0.6511708771437934,0.5912505198894652,16,236
39,41,5204,Bruno Miguel Borges Fernandes,Portugal,Attacking Midfield/Wing,hybrid,67.1,1.2356295508790374,0.8758547486560749,0.35977480222296254,8,294
40,42,8118,Frenkie de Jong,Netherlands,Defensive Midfield,offensive,67.1,1.2282402274268402,0.5619318453087865,0.6663083821180538,9,299
41,43,38718,Enzo Fernandez,Argentina,Defensive Midfield,offensive,67.0,1.214856427582502,0.4233140528671337,0.7915423747153683,14,201
42,44,5539,Carlos Henrique Casimiro,Brazil,Defensive Midfield,offensive,66.8,1.1928920304418416,0.35396423030848234,0.8389278001333592,10,342
43,45,8400,Serge Gnabry,Germany,Attacking Midfield/Wing,offensive,66.7,1.1786982906997825,1.0310571263710149,0.14764116432876764,7,274
44,46,20572,Cristian Gabriel Romero,Argentina,Center Back,hybrid,66.7,1.1774745540531237,0.05516122438046006,1.1223133296726637,14,251
45,47,5187,Salem Mohammed Al Dawsari,Saudi Arabia,Central/Wide Midfield,offensive,66.7,1.1747905790249218,1.055941562926301,0.11884901609862096,6,300
46,48,12041,João Félix Sequeira,Portugal,Attacking Midfield/Wing,offensive,66.5,1.15311793880911,0.9321067445743233,0.22101119423478677,10,314
47,49,10481,Aurélien Djani Tchouaméni,France,Defensive Midfield,offensive,66.5,1.1513997017075925,0.36038029010659756,0.7910194116009949,14,203
48,50,18395,Vinícius José Paixão de Oliveira Júnior,Brazil,Central/Wide Midfield,offensive,66.4,1.1431553404560113,1.0193182291340053,0.12383711132200609,11,338
49,51,2988,Memphis Depay,Netherlands,Forward,offensive,66.4,1.142506065836361,1.0463021802551988,0.09620388558116225,12,289
50,52,4354,Phil Foden,England,Attacking Midfield/Wing,offensive,66.2,1.1141312207969296,0.9509297985338296,0.16320142226310005,10,349
