match_id,match_datetime,team,opponent,opponent_possessions_context_v4,opponent_xg_observed_v4,opponent_final_third_entries_v4,opponent_penalty_area_entries_v4,match_minutes,opponent_attack_strength_match_v4,opponent_expected_exposure_v4,opponent_xg_rate_per100_v4,opponent_penalty_area_entry_rate_v4
3857276,2022-12-01 15:00:00,Canada,Morocco,79,0.401926,42,14,93,0.87190571165222,0.6888055122052538,0.5087670886075949,0.17721518987341772
3857276,2022-12-01 15:00:00,Morocco,Canada,90,1.095618,61,25,93,0.7150238901604417,0.6435215011443975,1.2173533333333333,0.2777777777777778
3857271,2022-11-21 13:00:00,England,Iran,66,1.455659,36,13,102,0.8959245443211505,0.5913101992519594,2.2055439393939396,0.19696969696969696
3857271,2022-11-21 13:00:00,Iran,England,82,1.9871560000000001,58,36,103,1.2452804301035594,1.0211299526849187,2.4233609756097563,0.43902439024390244
3857296,2022-12-01 15:00:00,Croatia,Belgium,72,2.381839,46,29,93,1.4761921103685727,1.0628583194653722,3.3081097222222215,0.4027777777777778
3857296,2022-12-01 15:00:00,Belgium,Croatia,90,0.695022,57,33,93,1.0246561782916976,0.9221905604625279,0.7722466666666667,0.36666666666666664
3857274,2022-11-25 16:00:00,Netherlands,Ecuador,90,1.651054,57,26,95,0.6972277687610157,0.6275049918849142,1.8345044444444445,0.28888888888888886
3857274,2022-11-25 16:00:00,Ecuador,Netherlands,80,0.104464,49,13,96,1.1268362245861638,0.901468979668931,0.13058,0.1625
3857255,2022-12-01 19:00:00,Japan,Spain,74,0.857711,52,25,97,1.1604870705092574,0.8587604321768505,1.159068918918919,0.33783783783783783
3857255,2022-12-01 19:00:00,Spain,Japan,57,1.157801,29,6,96,0.8499782354004932,0.48448759417828113,2.0312298245614038,0.10526315789473684
3857272,2022-11-25 19:00:00,England,United States,71,0.5142869999999999,47,24,94,0.9521582816949594,0.6760323800034211,0.7243478873239436,0.3380281690140845
3857272,2022-11-25 19:00:00,United States,England,66,0.460638,46,24,92,1.2452804301035594,0.8218850838683492,0.6979363636363636,0.36363636363636365
3857278,2022-11-29 19:00:00,Iran,United States,92,1.1696550000000001,66,31,99,0.9521582816949594,0.8759856191593627,1.2713641304347827,0.33695652173913043
3857278,2022-11-29 19:00:00,United States,Iran,90,0.9207909999999999,55,26,99,0.8959245443211505,0.8063320898890355,1.023101111111111,0.28888888888888886
3857277,2022-11-23 10:00:00,Morocco,Croatia,92,0.849861,61,24,95,1.0246561782916976,0.9426836840283619,0.9237619565217391,0.2608695652173913
3857277,2022-11-23 10:00:00,Croatia,Morocco,74,0.362639,44,17,92,0.87190571165222,0.6452102266226427,0.4900527027027026,0.22972972972972974
3857273,2022-11-25 10:00:00,Wales,Iran,78,1.4539590000000002,52,30,100,0.8959245443211505,0.6988211445704974,1.8640500000000004,0.38461538461538464
3857273,2022-11-25 10:00:00,Iran,Wales,95,0.6156360000000001,62,27,102,0.9088508136605026,0.8634082729774775,0.6480378947368421,0.28421052631578947
3857275,2022-11-30 15:00:00,Tunisia,France,97,0.476989,60,24,102,1.3015141674773683,1.2624687424530472,0.49174123711340206,0.24742268041237114
3857275,2022-11-30 15:00:00,France,Tunisia,86,0.29834700000000003,56,30,102,0.7937444980266843,0.6826202683029485,0.34691511627906985,0.3488372093023256
3857261,2022-11-29 19:00:00,Wales,England,82,2.915486,50,32,94,1.2452804301035594,1.0211299526849187,3.555470731707317,0.3902439024390244
3857261,2022-11-29 19:00:00,England,Wales,74,0.20801,36,10,91,0.9088508136605026,0.6725496021087719,0.2810945945945946,0.13513513513513514
3857290,2022-11-24 10:00:00,Switzerland,Cameroon,82,0.613074,56,28,95,0.7030212883253687,0.5764774564268024,0.7476512195121952,0.34146341463414637
3857290,2022-11-24 10:00:00,Cameroon,Switzerland,86,1.426544,61,30,95,0.9684224409178886,0.8328432991893843,1.6587720930232557,0.3488372093023256
3857298,2022-11-24 16:00:00,Portugal,Ghana,91,0.7800239999999999,47,19,99,0.6149010553062335,0.5595599603286725,0.8571692307692306,0.2087912087912088
3857298,2022-11-24 16:00:00,Ghana,Portugal,93,2.096874,66,32,100,1.0971540748884356,1.020353289646245,2.2547032258064514,0.34408602150537637
3857285,2022-11-21 16:00:00,Senegal,Netherlands,87,1.123883,63,35,98,1.1268362245861638,0.9803475153899626,1.291819540229885,0.40229885057471265
3857285,2022-11-21 16:00:00,Netherlands,Senegal,85,0.691492,48,25,100,0.9224761319972314,0.7841047121976468,0.81352,0.29411764705882354
3857282,2022-11-21 19:00:00,United States,Wales,90,1.395336,56,25,100,0.9088508136605026,0.8179657322944522,1.5503733333333332,0.2777777777777778
3857282,2022-11-21 19:00:00,Wales,United States,85,0.6025,55,24,100,0.9521582816949594,0.8093345394407154,0.7088235294117647,0.2823529411764706
3857297,2022-11-26 13:00:00,Poland,Saudi Arabia,95,1.971975,67,39,97,0.6600224633202596,0.6270213401542466,2.0757631578947366,0.4105263157894737
3857297,2022-11-26 13:00:00,Saudi Arabia,Poland,87,1.255929,50,22,96,0.8298069126107784,0.7219320139713773,1.443596551724138,0.25287356321839083
3857294,2022-11-29 15:00:00,Netherlands,Qatar,83,0.128004,36,16,94,0.6650128640561372,0.5519606771665939,0.15422168674698797,0.1927710843373494
3857294,2022-11-29 15:00:00,Qatar,Netherlands,76,1.713953,53,25,96,1.1268362245861638,0.8563955306854845,2.2552013157894737,0.32894736842105265
3857266,2022-11-26 16:00:00,France,Denmark,78,0.8885449999999999,57,25,96,1.070602487212355,0.8350699400256368,1.1391602564102563,0.32051282051282054
3857266,2022-11-26 16:00:00,Denmark,France,81,1.93357,55,29,95,1.3015141674773683,1.0542264756566684,2.3871234567901234,0.35802469135802467
3857284,2022-11-23 13:00:00,Germany,Japan,72,1.249259,38,20,96,0.8499782354004932,0.6119843294883551,1.7350819444444443,0.2777777777777778
3857284,2022-11-23 13:00:00,Japan,Germany,100,2.768021,72,38,98,1.0465836545434244,1.0465836545434244,2.768021,0.38
3857254,2022-11-22 13:00:00,Denmark,Tunisia,93,1.059936,51,19,97,0.7937444980266843,0.7381823831648164,1.1397161290322582,0.20430107526881722
3857254,2022-11-22 13:00:00,Tunisia,Denmark,100,1.566558,76,34,97,1.070602487212355,1.070602487212355,1.566558,0.34
3857265,2022-11-22 16:00:00,Mexico,Poland,86,1.1379270000000001,64,21,96,0.8298069126107784,0.7136339448452695,1.3231709302325583,0.2441860465116279
3857265,2022-11-22 16:00:00,Poland,Mexico,85,0.529135,59,35,97,1.004484855501983,0.8538121271766854,0.6225117647058823,0.4117647058823529
3857301,2022-11-25 13:00:00,Qatar,Senegal,84,0.9029659999999999,61,28,95,0.9224761319972314,0.7748799508776745,1.0749595238095238,0.3333333333333333
3857301,2022-11-25 13:00:00,Senegal,Qatar,94,0.960085,58,25,93,0.6650128640561372,0.625112092212769,1.0213670212765957,0.26595744680851063
3857268,2022-11-23 19:00:00,Belgium,Canada,85,2.546212,62,37,95,0.7150238901604417,0.6077703066363754,2.9955435294117647,0.43529411764705883
3857268,2022-11-23 19:00:00,Canada,Belgium,83,0.65249,43,19,94,1.4761921103685727,1.2252394516059153,0.7861325301204819,0.2289156626506024
3857269,2022-11-28 16:00:00,Brazil,Switzerland,76,0.28862899999999997,34,14,92,0.9684224409178886,0.7360010550975954,0.379775,0.18421052631578946
3857269,2022-11-28 16:00:00,Switzerland,Brazil,89,0.922731,68,35,95,1.6029923560741046,1.4266631969059531,1.036776404494382,0.39325842696629215
3869321,2022-12-09 19:00:00,Netherlands,Argentina,111,1.939196,71,27,121,1.3740120640741063,1.5251533911222581,1.7470234234234234,0.24324324324324326
3869321,2022-12-09 19:00:00,Argentina,Netherlands,108,0.569538,79,38,120,1.1268362245861638,1.216983122553057,0.52735,0.35185185185185186
3857292,2022-12-01 19:00:00,Costa Rica,Germany,91,4.316106,82,59,99,1.0465836545434244,0.9523911256345161,4.742973626373627,0.6483516483516484
3857292,2022-12-01 19:00:00,Germany,Costa Rica,87,1.034745,46,15,100,0.7854812330822029,0.6833686727815165,1.189362068965517,0.1724137931034483
3857295,2022-11-27 10:00:00,Japan,Costa Rica,86,0.199368,33,10,96,0.7854812330822029,0.6755138604506945,0.2318232558139535,0.11627906976744186
3857295,2022-11-27 10:00:00,Costa Rica,Japan,81,0.7735339999999999,66,33,95,0.8499782354004932,0.6884823706743995,0.9549802469135801,0.4074074074074074
3869685,2022-12-18 17:00:00,Argentina,France,133,2.272618,72,33,123,1.3015141674773683,1.7310138427448998,1.7087353383458646,0.24812030075187969
3869685,2022-12-18 17:00:00,France,Argentina,113,2.758307,72,37,123,1.3740120640741063,1.5526336324037402,2.4409796460176993,0.3274336283185841
3869684,2022-12-17 17:00:00,Croatia,Morocco,87,0.991456,52,23,95,0.87190571165222,0.7585579691374313,1.1396045977011495,0.26436781609195403
3869684,2022-12-17 17:00:00,Morocco,Croatia,85,0.813293,58,29,96,1.0246561782916976,0.870957751547943,0.9568152941176472,0.3411764705882353
3857256,2022-12-02 19:00:00,Serbia,Switzerland,91,3.103515,54,23,97,0.9684224409178886,0.8812644212352787,3.4104560439560436,0.25274725274725274
3857256,2022-12-02 19:00:00,Switzerland,Serbia,98,1.1890040000000002,59,28,99,0.8836290813235866,0.8659564996971149,1.2132693877551022,0.2857142857142857
3869151,2022-12-03 21:00:00,Argentina,Australia,73,0.426117,40,20,96,0.7341728707692982,0.5359461956615876,0.5837219178082192,0.273972602739726
3869151,2022-12-03 21:00:00,Australia,Argentina,83,1.200972,50,15,97,1.3740120640741063,1.1404300131815082,1.4469542168674698,0.18072289156626506
3857257,2022-11-30 15:00:00,Australia,Denmark,92,0.737155,71,40,95,1.070602487212355,0.9849542882353666,0.8012554347826087,0.43478260869565216
3857257,2022-11-30 15:00:00,Denmark,Australia,86,0.469723,53,23,96,0.7341728707692982,0.6313886688615964,0.5461895348837209,0.26744186046511625
3857258,2022-11-24 19:00:00,Brazil,Serbia,79,0.15223799999999998,44,18,97,0.8836290813235866,0.6980669742456334,0.19270632911392402,0.22784810126582278
3857258,2022-11-24 19:00:00,Serbia,Brazil,90,2.123891,57,35,96,1.6029923560741046,1.4426931204666942,2.359878888888889,0.3888888888888889
3857288,2022-11-26 10:00:00,Tunisia,Australia,87,0.359037,58,25,93,0.7341728707692982,0.6387303975692894,0.4126862068965518,0.28735632183908044
3857288,2022-11-26 10:00:00,Australia,Tunisia,104,1.052171,65,37,96,0.7937444980266843,0.8254942779477517,1.0117028846153846,0.3557692307692308
3857267,2022-11-29 15:00:00,Ecuador,Senegal,89,1.707463,56,28,96,0.9224761319972314,0.8210037574775361,1.9184977528089886,0.3146067415730337
3857267,2022-11-29 15:00:00,Senegal,Ecuador,84,1.001661,56,25,95,0.6972277687610157,0.5856713257592532,1.1924535714285713,0.2976190476190476
3857287,2022-11-24 13:00:00,Uruguay,South Korea,77,0.492993,57,14,97,0.8111311847268484,0.6245710122396733,0.6402506493506493,0.18181818181818182
3857287,2022-11-24 13:00:00,South Korea,Uruguay,77,0.417293,50,29,96,0.985809127618053,0.7590730282659008,0.5419389610389611,0.37662337662337664
3869486,2022-12-10 17:00:00,Morocco,Portugal,112,0.74412,85,47,97,1.0971540748884356,1.228812563875048,0.6643928571428571,0.41964285714285715
3869486,2022-12-10 17:00:00,Portugal,Morocco,66,0.580931,33,13,97,0.87190571165222,0.5754577696904652,0.8801984848484848,0.19696969696969696
3857260,2022-11-30 19:00:00,Saudi Arabia,Mexico,105,2.322123,88,38,97,1.004484855501983,1.0547090982770821,2.2115457142857142,0.3619047619047619
3857260,2022-11-30 19:00:00,Mexico,Saudi Arabia,94,1.076111,60,21,96,0.6600224633202596,0.6204211155210441,1.1447989361702129,0.22340425531914893
3857264,2022-11-30 19:00:00,Poland,Argentina,65,2.89711,50,33,96,1.3740120640741063,0.893107841648169,4.4570923076923075,0.5076923076923077
3857264,2022-11-30 19:00:00,Argentina,Poland,66,0.197595,30,8,94,0.8298069126107784,0.5476725623231138,0.2993863636363636,0.12121212121212122
3857289,2022-11-26 19:00:00,Argentina,Mexico,73,0.206392,52,18,95,1.004484855501983,0.7332739445164475,0.28272876712328765,0.2465753424657534
3857289,2022-11-26 19:00:00,Mexico,Argentina,82,0.325204,48,15,96,1.3740120640741063,1.1266898925407671,0.396590243902439,0.18292682926829268
3869254,2022-12-06 21:00:00,Portugal,Switzerland,86,1.271826,54,21,94,0.9684224409178886,0.8328432991893843,1.478867441860465,0.2441860465116279
3869254,2022-12-06 21:00:00,Switzerland,Portugal,77,2.284263,49,27,93,1.0971540748884356,0.8448086376640954,2.966575324675325,0.35064935064935066
3869118,2022-12-04 21:00:00,England,Senegal,75,0.9728079999999999,42,19,94,0.9224761319972314,0.6918570989979236,1.2970773333333332,0.25333333333333335
3869118,2022-12-04 21:00:00,Senegal,England,77,1.0200230000000001,54,24,90,1.2452804301035594,0.9588659311797407,1.324705194805195,0.3116883116883117
3869519,2022-12-13 21:00:00,Argentina,Croatia,92,0.410054,63,24,94,1.0246561782916976,0.9426836840283619,0.4457108695652173,0.2608695652173913
3869519,2022-12-13 21:00:00,Croatia,Argentina,91,1.864363,48,22,94,1.3740120640741063,1.2503509783074367,2.0487505494505496,0.24175824175824176
3869354,2022-12-10 21:00:00,England,France,83,0.839362,51,23,97,1.3015141674773683,1.0802567590062155,1.0112795180722893,0.27710843373493976
3869354,2022-12-10 21:00:00,France,England,96,2.352551,56,30,100,1.2452804301035594,1.195469212899417,2.4505739583333335,0.3125
3869552,2022-12-14 21:00:00,France,Morocco,77,1.230364,54,26,95,0.87190571165222,0.6713673979722095,1.5978753246753248,0.33766233766233766
3869552,2022-12-14 21:00:00,Morocco,France,72,2.00245,47,16,95,1.3015141674773683,0.9370902005837052,2.7811805555555553,0.2222222222222222
3869420,2022-12-09 17:00:00,Croatia,Brazil,116,1.816329,81,36,121,1.6029923560741046,1.8594711330459615,1.5658008620689656,0.3103448275862069
3869420,2022-12-09 17:00:00,Brazil,Croatia,140,0.63289,61,26,122,1.0246561782916976,1.4345186496083766,0.4520642857142857,0.18571428571428572
3869220,2022-12-06 17:00:00,Morocco,Spain,120,0.494993,94,42,122,1.1604870705092574,1.3925844846111088,0.4124941666666667,0.35
3869220,2022-12-06 17:00:00,Spain,Morocco,102,0.570375,44,14,118,0.87190571165222,0.8893438258852643,0.5591911764705881,0.13725490196078433
3869219,2022-12-05 17:00:00,Japan,Croatia,107,0.82432,69,48,120,1.0246561782916976,1.0963821107721166,0.7703925233644859,0.4485981308411215
3869219,2022-12-05 17:00:00,Croatia,Japan,116,1.068977,77,33,116,0.8499782354004932,0.9859747530645722,0.9215318965517243,0.28448275862068967
3869253,2022-12-05 21:00:00,Brazil,South Korea,77,0.344828,46,23,93,0.8111311847268484,0.6245710122396733,0.4478285714285714,0.2987012987012987
3869253,2022-12-05 21:00:00,South Korea,Brazil,86,3.261425,54,29,93,1.6029923560741046,1.3785734262237301,3.792354651162791,0.3372093023255814
3869152,2022-12-04 17:00:00,France,Poland,74,1.593526,58,23,98,0.8298069126107784,0.614057115331976,2.1534135135135135,0.3108108108108108
3869152,2022-12-04 17:00:00,Poland,France,77,1.049855,54,27,94,1.3015141674773683,1.0021659089575734,1.3634480519480519,0.35064935064935066
3869117,2022-12-03 17:00:00,Netherlands,United States,85,1.652098,65,37,95,0.9521582816949594,0.8093345394407154,1.9436447058823532,0.43529411764705883
3869117,2022-12-03 17:00:00,United States,Netherlands,76,1.481948,42,22,96,1.1268362245861638,0.8563955306854845,1.9499315789473683,0.2894736842105263
3857270,2022-11-28 19:00:00,Portugal,Uruguay,81,1.216679,49,23,100,0.985809127618053,0.7985053933706229,1.5020728395061729,0.2839506172839506
3857270,2022-11-28 19:00:00,Uruguay,Portugal,96,1.213732,53,22,99,1.0971540748884356,1.0532679118928983,1.2643041666666668,0.22916666666666666
3857263,2022-11-27 19:00:00,Spain,Germany,86,1.146951,53,28,95,1.0465836545434244,0.900061942907345,1.333663953488372,0.32558139534883723
3857263,2022-11-27 19:00:00,Germany,Spain,96,0.6395000000000001,42,17,95,1.1604870705092574,1.114067587688887,0.6661458333333334,0.17708333333333334
3857259,2022-11-28 10:00:00,Cameroon,Serbia,87,1.7380680000000002,57,33,95,0.8836290813235866,0.7687573007515204,1.9977793103448278,0.3793103448275862
3857259,2022-11-28 10:00:00,Serbia,Cameroon,91,1.928933,57,28,96,0.7030212883253687,0.6397493723760855,2.1197065934065935,0.3076923076923077
3857283,2022-11-27 13:00:00,Belgium,Morocco,67,0.9911079999999999,42,14,94,0.87190571165222,0.5841768268069873,1.479265671641791,0.208955223880597
3857283,2022-11-27 13:00:00,Morocco,Belgium,87,0.642611,59,34,95,1.4761921103685727,1.284287136020658,0.7386333333333334,0.39080459770114945
3857286,2022-11-20 16:00:00,Qatar,Ecuador,79,1.154011,59,29,94,0.6972277687610157,0.5508099373212023,1.460773417721519,0.3670886075949367
3857286,2022-11-20 16:00:00,Ecuador,Qatar,78,0.304188,36,12,95,0.6650128640561372,0.518710033963787,0.3899846153846154,0.15384615384615385
3857300,2022-11-22 10:00:00,Argentina,Saudi Arabia,66,0.15346100000000001,44,17,102,0.6600224633202596,0.43561482579137134,0.23251666666666668,0.25757575757575757
3857300,2022-11-22 10:00:00,Saudi Arabia,Argentina,94,2.4916329999999998,57,33,103,1.3740120640741063,1.2915713402296598,2.6506734042553193,0.35106382978723405
3857299,2022-11-28 13:00:00,South Korea,Ghana,73,1.180536,41,19,100,0.6149010553062335,0.4488777703735504,1.6171726027397262,0.2602739726027397
3857299,2022-11-28 13:00:00,Ghana,South Korea,83,1.367792,64,39,100,0.8111311847268484,0.6732388833232842,1.6479421686746987,0.46987951807228917
3857293,2022-12-02 15:00:00,Ghana,Uruguay,90,1.63656,56,28,99,0.985809127618053,0.8872282148562476,1.8183999999999998,0.3111111111111111
3857293,2022-12-02 15:00:00,Uruguay,Ghana,96,1.392695,63,30,98,0.6149010553062335,0.5903050130939842,1.4507239583333333,0.3125
3857291,2022-11-23 16:00:00,Spain,Costa Rica,61,0.0,30,9,95,0.7854812330822029,0.4791435521801437,0.0,0.14754098360655737
3857291,2022-11-23 16:00:00,Costa Rica,Spain,82,2.761922,59,37,98,1.1604870705092574,0.9515993978175911,3.3681975609756103,0.45121951219512196
3857281,2022-11-27 16:00:00,Croatia,Canada,97,0.286794,57,20,95,0.7150238901604417,0.6935731734556283,0.2956639175257732,0.20618556701030927
3857281,2022-11-27 16:00:00,Canada,Croatia,90,2.61021,61,33,95,1.0246561782916976,0.9221905604625279,2.900233333333333,0.36666666666666664
3857280,2022-12-02 19:00:00,Cameroon,Brazil,89,2.378219,60,42,99,1.6029923560741046,1.4266631969059531,2.672156179775281,0.47191011235955055
3857280,2022-12-02 19:00:00,Brazil,Cameroon,74,0.383359,48,18,99,0.7030212883253687,0.5202357533607729,0.5180527027027028,0.24324324324324326
3857279,2022-11-22 19:00:00,France,Australia,65,0.305396,37,13,97,0.7341728707692982,0.4772123660000438,0.46984000000000004,0.2
3857279,2022-11-22 19:00:00,Australia,France,73,3.170497,50,38,97,1.3015141674773683,0.9501053422584788,4.343146575342466,0.5205479452054794
3857262,2022-12-02 15:00:00,South Korea,Portugal,78,0.973722,54,31,96,1.0971540748884356,0.8557801784129798,1.2483615384615385,0.3974358974358974
3857262,2022-12-02 15:00:00,Portugal,South Korea,77,1.374271,52,20,96,0.8111311847268484,0.6245710122396733,1.7847675324675325,0.2597402597402597
