player_id,player_name,team,tournament_impact_rank_outfield_v4,tournament_impact_score_outfield_v4,tournament_impact_interval_low_outfield_v4,tournament_impact_interval_high_outfield_v4,tournament_impact_uncertainty_std_outfield_v4,bootstrap_rank_best_outfield_v4,bootstrap_rank_worst_outfield_v4
2941,Ismaïla Sarr,Senegal,35,1.376100401782984,0.0744218065461732,3.0456453511986448,0.9098996311071461,6,270
2954,Youri Tielemans,Belgium,521,-0.23656322968773702,-0.40117381599944746,0.0020607005402368843,0.12784722903025625,297,546
2972,Marcus Thuram,France,272,0.11396898783432988,-0.27651385165707065,0.6573446013040506,0.29432834377981726,107,495
2988,Memphis Depay,Netherlands,49,1.142506065836361,-0.009834732651396949,2.472440185951977,0.776489936750667,12,289
2989,Alexander Djiku,Ghana,536,-0.25622298572260294,-0.32354005629811594,-0.12302516752361342,0.0658629915951305,354,528
2995,Ángel Fabián Di María Hernández,Argentina,30,1.4878565057484308,0.22766284771563605,3.2294679741304138,0.9284482171847569,7,218
3009,Kylian Mbappé Lottin,France,2,4.225428841672715,1.6591813960470403,7.741392019473807,1.8577248233029435,1,32
3026,Adrien Rabiot,France,27,1.5410602186555105,0.3118015225599896,3.1315908162563186,0.8749670899436123,7,186
3034,Kamil Glik,Poland,237,0.19515718210550453,-0.36644330221578336,0.8707834340189448,0.3775674443177887,75,537
3043,Christian Dannemann Eriksen,Denmark,82,0.7913259171481747,-0.08927324900921074,2.110735438346797,0.7013320404152786,15,345
3053,Leroy Sané,Germany,154,0.3959925938002936,-0.20912269189631624,1.3476747972580152,0.504304768906924,41,431
3063,Danilo Luiz da Silva,Brazil,192,0.3022389189774153,-0.2906738762162237,1.0243951138193041,0.402068576729757,74,489
3077,Jan Vertonghen,Belgium,281,0.10171580424622778,-0.3551597472498196,0.6282352477058587,0.33369609100823494,108,531
3083,Heung-Min Son,South Korea,63,0.9511580124164235,-0.01878296237899807,2.081324420403184,0.6605607794487962,15,318
3086,Ben Davies,Wales,369,-0.06218825731859423,-0.44469064326563873,0.44289492421796894,0.2753769732342944,147,546
3089,Kevin De Bruyne,Belgium,114,0.5767327728087477,-0.11165967757019171,1.4162437796475578,0.5141768786969246,40,358
3090,Nicolás Hernán Otamendi,Argentina,74,0.8413868320693767,0.00627758380644254,1.8609699461836324,0.5508061693214285,28,291
3135,Chang-Hoon Kwon,South Korea,383,-0.08071764236136322,-0.20059999873860776,0.1590470703931258,0.12154651606439794,228,439
3141,André-Frank Zambo Anguissa,Cameroon,227,0.22046525211208745,-0.4783765118189262,1.0024780869914267,0.4264638892329378,68,542
3167,Antonio Rüdiger,Germany,95,0.6586241356711185,-0.09610056064371658,1.729511041442594,0.5866272481235384,28,349
3176,Thomas Meunier,Belgium,344,-0.029817873693206695,-0.4215653776161123,0.5074117041644155,0.2933581143627079,135,545
3193,Bernardo Mota Veiga de Carvalho e Silva,Portugal,73,0.8435073667338031,-0.13157718934749377,1.9058504455099328,0.6354572187638385,19,362
3196,Wahbi Khazri,Tunisia,270,0.11578320176583423,-0.32292868260989394,0.6872376174631144,0.31299329565489376,99,514
3202,Gabriel Fernando de Jesus,Brazil,298,0.05694806605535477,-0.23790572678098915,0.49252738755875347,0.23695447301488876,143,468
3205,Kyle Walker,England,302,0.047663716905519835,-0.32648178072720435,0.574862193501533,0.28260757137515324,127,535
3233,Raheem Sterling,England,287,0.07499036598743614,-0.337439721932342,0.6378416960810661,0.29208100387303326,118,521
3244,John Stones,England,76,0.8315575385842973,-0.008124460998275532,1.7814276144723906,0.551118455876443,27,305
3247,Fábio Henrique Tavares,Brazil,405,-0.10872973692432068,-0.235762306079947,0.14533540138693196,0.1314111403653138,233,465
3264,Vincent Janssen,Netherlands,350,-0.03398216680701763,-0.3358479132945894,0.3419814864262772,0.20485702391977625,179,525
3280,Richarlison de Andrade,Brazil,19,1.6450047649689583,0.0193010888342863,3.532460097545918,1.1244518513129322,3,290
3281,Aaron Mooy,Australia,124,0.5314039125982045,-0.26479947201069925,1.549781734692947,0.5396635850791355,35,484
3289,Romelu Lukaku Menama,Belgium,206,0.2662084711534205,-0.20784118746272545,1.1759320369854702,0.4558767430947013,56,428
3295,Thiago Emiliano da Silva,Brazil,85,0.7408764742184328,-0.21100497733077805,1.9326799518962323,0.6263787536933498,27,421
3300,Maya Yoshida,Japan,123,0.5431786581496496,-0.2376389670322619,1.4299910403414802,0.554576520752591,39,463
3306,Nathan Aké,Netherlands,150,0.41730710872044835,-0.2859318193707947,1.262652120809582,0.47951764661013413,49,490
3308,Kieran Trippier,England,288,0.07363919642874658,-0.3605809148879753,0.6222643790863941,0.3037215706996189,112,526
3311,Daley Blind,Netherlands,88,0.7234604367098288,-0.17657071264474744,1.726970879774226,0.5780690933665175,30,382
3318,Marcus Rashford,England,105,0.6158384206480374,-0.16942720364246072,1.538542888852596,0.5414622424870627,36,390
3336,Harry Maguire,England,53,1.0434967051093884,0.08497712081027153,2.200294339010384,0.6458185608071056,17,258
3347,André Ayew Pelé,Ghana,322,0.007435337432515232,-0.455164476231797,0.4893089035039285,0.32660800813666646,132,550
3377,Timothy Weah,United States,56,1.0164082031474837,-0.09164185104379707,2.2074105003609445,0.735987978850825,13,336
3382,Luke Shaw,England,71,0.8516723195308751,-0.03437985709100427,1.8379026974313302,0.5678159838404214,27,302
3404,Youssouf Sabaly,Senegal,188,0.307383799939568,-0.29703146308297484,1.0070703375930146,0.4098857785333985,68,517
3436,Idrissa Gana Gueye,Senegal,184,0.31475178381047425,-0.23891594442487332,1.0197030541217715,0.41481057456278064,68,470
3441,Nikola Vlašić,Croatia,156,0.3835965418528855,-0.24641323017959726,1.1078872673994111,0.406721043032188,67,461
3450,Jordan Ayew,Ghana,503,-0.20722400190160306,-0.37695277877408023,0.023335018008248276,0.13235642779355739,283,535
3457,Michy Batshuayi Tunga,Belgium,220,0.23927678765471982,-0.3090168582127201,0.8955947056789638,0.3531125953597247,84,505
3471,Dejan Lovren,Croatia,18,1.7119751967269892,0.20201704666419987,3.1836242296847246,0.9359173847300032,8,216
3477,Álvaro Borja Morata Martín,Spain,62,0.9588532885175747,-0.056968885468989074,2.06981209530033,0.6590062706820657,18,332
3499,Jean-Eric Maxim Choupo-Moting,Cameroon,160,0.3692004094310743,-0.4117594723349081,1.2499055920166928,0.45982702605066406,52,516
3500,Granit Xhaka,Switzerland,99,0.6287124688072399,-0.17100024702303135,1.5839211215174402,0.5533367241497349,30,392
3517,Aaron Ramsey,Wales,167,0.36050465416767524,-0.22721230654503136,1.1593494559086648,0.4523282484455602,56,443
3530,Hiroki Sakai,Japan,496,-0.1997830449314204,-0.4669232550780507,0.14232697728938729,0.18576551146756706,226,551
3532,Jordan Brian Henderson,England,126,0.5199139258609232,-0.14071527762874642,1.3717948973945684,0.4934698471490975,46,498
3533,Xherdan Shaqiri,Switzerland,108,0.6041903143965297,-0.13582926762876807,1.6199234424322284,0.5436795031257348,29,367
3551,Karl Brillant Toko Ekambi,Cameroon,353,-0.03612445436949954,-0.411971440413559,0.4414246006871141,0.23744067188961113,156,531
3557,Naïm Sliti,Tunisia,338,-0.01569711876277108,-0.36946848570281704,0.4267841485518093,0.25950900832188356,147,530
3570,Pierre-Emile Højbjerg,Denmark,153,0.401484731427576,-0.2141857971502928,1.371514059432246,0.5067207221294384,42,455
3604,Olivier Giroud,France,8,2.1115496059395067,0.491914685187163,4.017274919454028,1.103816269428224,3,142
3616,Callum Wilson,England,335,-0.013286227282614083,-0.2733214304656697,0.27935506922140396,0.17837218426826348,184,485
3621,Eden Hazard,Belgium,375,-0.07253474803133436,-0.31011097108463637,0.2045905998819405,0.156091145266906,211,506
3625,Sofiane Boufal,Morocco,38,1.2424213970332585,0.14648660422572465,2.2203252627063996,0.6693365816283071,16,236
3634,Abdelhamid Sabiri,Morocco,301,0.04768940701470856,-0.3934988412607539,0.496349568754922,0.2716990991105032,139,538
3637,Grzegorz Krychowiak,Poland,310,0.025623068805699582,-0.3932002227417469,0.5382700668211943,0.2796669564361321,128,540
3658,DeAndre Yedlin,United States,534,-0.2544958493549401,-0.3332602929407564,-0.13756551800859831,0.05935114236970933,364,524
3669,Virgil van Dijk,Netherlands,67,0.8978444286590082,-0.12778873430868434,2.040576706246037,0.658095689329906,20,362
3684,Cheikhou Kouyaté,Senegal,412,-0.11811587273067849,-0.26483384064171733,0.17532006309139886,0.13302393778850038,236,494
3709,Daniel Amartey,Ghana,155,0.39141790620275896,-0.2802156103364109,1.303600986244632,0.5124780306077167,44,505
3767,Ellyes Joris Skhiri,Tunisia,239,0.1904071525678498,-0.33586076730567194,0.876562969689679,0.3958788859907744,77,528
3831,Dušan Tadić,Serbia,79,0.8123115285234497,-0.38399080958191134,1.9937127925146996,0.66292102224577,21,514
3853,Kieffer Roberto Francisco Moore,Wales,134,0.47926943841320435,-0.18093796726215816,1.384837886849077,0.496659898708646,39,401
3913,Edimilson Fernandes,Switzerland,391,-0.09035872342168538,-0.38664720568160815,0.37210798022919667,0.2309101285459699,165,543
3943,Declan Rice,England,61,0.9637648793640106,-0.006943586142711032,2.0408596581817946,0.6338395865067046,21,295
3957,César Azpilicueta Tanco,Spain,327,-0.003471421888835896,-0.2750611607129085,0.31120343595727173,0.18711237213578405,180,489
3959,Andreas Christensen,Denmark,141,0.4568678404511668,-0.18634933458671013,1.462943779135496,0.5394796005310454,35,425
4269,Aleksandar Mitrović,Serbia,55,1.0180286082560503,-0.3802498989022847,2.425638262025446,0.8080904026615094,9,512
4272,João Mário Naval da Costa Eduardo,Portugal,408,-0.11424155886686596,-0.2226318707640778,0.08936944785183298,0.10194803549814398,246,450
4318,Davy Klaassen,Netherlands,222,0.23750001014122518,-0.3057962420523001,0.9224168911041869,0.39357724473427147,75,512
4319,Edinson Roberto Cavani Gómez,Uruguay,295,0.061528733685230985,-0.28969580124311406,0.5482409727905068,0.28111439185010423,129,514
4320,Neymar da Silva Santos Junior,Brazil,17,1.7210425626901469,-0.3746078765790671,3.8429740614345165,1.249451684582899,3,524
4324,Daniel Alves da Silva,Brazil,417,-0.12326960421242292,-0.3350912649709095,0.16619590452836092,0.16495973026764035,220,525
4353,Aymeric Laporte,Spain,201,0.27808279962168003,-0.39699347738569013,0.9401241976015404,0.3790858037791208,82,524
4354,Phil Foden,England,50,1.1141312207969296,-0.08509328848645244,2.480786579859704,0.8223826904526887,10,349
4372,Marcos Aoás Corrêa,Brazil,83,0.76319634576325,-0.07237716312932216,1.7201362275345782,0.5715263521233173,29,327
4445,Jules Koundé,France,104,0.6166912025639183,-0.08645511220195422,1.5584528331741763,0.5034072083757358,39,336
4447,Martin Braithwaite Christensen,Denmark,342,-0.02227170075508253,-0.3151969291265463,0.37896414628627145,0.21864666110599643,164,516
4506,Nampalys Mendy,Senegal,221,0.2385017580841835,-0.4288496517736063,0.9059676045569133,0.39033714984009943,79,544
4614,Antonee Robinson,United States,91,0.6762837973354935,-0.2408917999664581,1.7758580970879385,0.6245238123960032,24,451
4664,Sebastian Szymański,Poland,433,-0.14635266534915004,-0.38963551068348456,0.13703747114628137,0.16586139666656638,223,537
4706,Kalvin Phillips,England,458,-0.17296244646086287,-0.22365256424221566,-0.07234621187448022,0.04900681888637426,331,455
4734,Matty Cash,Poland,198,0.28683924867277866,-0.2902885400288679,1.0117172671499988,0.4233288637412364,65,498
4767,Chris Mepham,Wales,257,0.15705874437683448,-0.344996461908992,0.8059509863059114,0.3626348553219827,92,524
4774,Connor Roberts,Wales,469,-0.1795327327395526,-0.3900912811184903,0.11682992219173266,0.16024146840642398,243,540
4934,Ethan Ampadu,Wales,264,0.1356777264800901,-0.3148339304415418,0.7553035676911354,0.3309397940301912,98,510
4935,Bryan Mbeumo,Cameroon,273,0.11316029075347593,-0.40812104565621415,0.6478726553405973,0.3037954224326019,113,515
5178,Salman Mohammed Al Faraj,Saudi Arabia,479,-0.18746584072490335,-0.27222383074799633,-0.017949860678717608,0.08584422086251585,296,501
5183,Yasir Gharsan Al Shahrani,Saudi Arabia,497,-0.19991509028146243,-0.2972459084495246,-0.005253453945338202,0.09857817828469093,289,517
5187,Salem Mohammed Al Dawsari,Saudi Arabia,45,1.1747905790249218,-0.019138513681887126,2.7504911815437088,0.9109758229336226,6,300
5191,Mohammed Al Burayk,Saudi Arabia,381,-0.08035034145670991,-0.2449049937886516,0.24294078646781378,0.16587224034657422,201,472
5199,Jorge Resurrección Merodio,Spain,443,-0.15827072518873792,-0.34261070014484973,0.06435748193672303,0.12261453454727328,260,525
5203,Sergio Busquets i Burgos,Spain,84,0.7563099694836278,-0.19723339660297287,1.7392477022865178,0.5942027518496753,27,410
5204,Bruno Miguel Borges Fernandes,Portugal,39,1.2356295508790374,-0.018457814859829114,2.581025214754733,0.8314169095968584,8,294
5206,Rúben Santos Gato Alves Dias,Portugal,207,0.2660937702365002,-0.3472143308290375,0.9219708129673869,0.37640524500589595,76,524
5207,Cristiano Ronaldo dos Santos Aveiro,Portugal,25,1.5439306287445682,0.09577841685359531,3.494282269266343,1.0062938345967944,3,248
5209,Raphaël Adelino José Guerreiro,Portugal,132,0.48758606501460455,-0.2857866806375754,1.3701583807738453,0.4952597466336523,44,513
5211,Jordi Alba Ramos,Spain,125,0.5258179905543111,-0.24477064027734322,1.338175040915041,0.4908513303047235,48,466
5214,William Silva de Carvalho,Portugal,366,-0.05838023947713458,-0.3658079933083242,0.34597609241152677,0.23630990529798904,172,543
5219,Romain Saïss,Morocco,64,0.9485760290017372,-0.20238736022699452,2.3010727633903194,0.739439416240121,15,448
5220,Morteza Pouraliganji,Iran,175,0.339433639295459,-0.3343172767236556,1.1831418970186263,0.48942202445031774,51,547
5222,Roozbeh Cheshmi,Iran,552,-0.3525864788223898,-0.44567623569869397,-0.21855996424307889,0.06838226761552356,443,549
5224,Sardar Azmoun,Iran,234,0.19934768227624794,-0.2983366972733346,0.7841371716938567,0.3491267351716538,90,508
5226,Mehdi Taremi,Iran,72,0.8440993263718308,-0.10062038254329522,2.081910042572678,0.7043717826968771,18,524
5228,Seyed Majid Hosseini,Iran,306,0.03710600506433992,-0.448595014402762,0.6388137308538094,0.3417314464990316,109,551
5230,Ehsan Hajsafi,Iran,323,0.006340710199291305,-0.34464636116485314,0.45141078402399754,0.26347251454436166,147,538
5231,Karim Ansarifard,Iran,517,-0.22879857635002748,-0.3472211094144066,-0.08480399399155994,0.08280521963482484,325,527
5234,Sofyan Amrabat,Morocco,29,1.496939989541741,0.17906765320560142,2.779558357705652,0.8093768308824945,8,219
5235,Ramin Rezaeian,Iran,275,0.1103418935587771,-0.41426841059870234,0.8062750819127594,0.37065328531597697,93,543
5237,Hakim Ziyech,Morocco,26,1.5435718824744626,0.22786027403702602,2.816177633700712,0.8117679837694721,7,209
5239,Alireza Jahanbakhsh,Iran,535,-0.25523227020403016,-0.3698869094048775,-0.09442427884198976,0.08300793413105403,344,531
5240,Saman Ghoddos,Iran,377,-0.07532240292689703,-0.22737078502195598,0.22877436126322073,0.153576121371889,208,461
5245,Achraf Hakimi Mouh,Morocco,21,1.6271927276236733,0.24173848775076767,2.9884031066049292,0.8490617155298967,6,199
5246,Luis Alberto Suárez Díaz,Uruguay,228,0.2175411423550237,-0.2833151154209773,0.9753271952858732,0.40136227559375365,70,514
5248,José Martín Cáceres Silva,Uruguay,436,-0.14935636866184313,-0.2357721808970707,0.023475255808612004,0.0881135963283231,275,466
5249,Diego Roberto Godín Leal,Uruguay,416,-0.12239814651417057,-0.4082647639973491,0.2708056090442941,0.21219817495616405,191,541
5255,Matías Vecino Falero,Uruguay,404,-0.10861094580040605,-0.4415265585430521,0.31646242006714936,0.24604118994611154,176,551
5258,Giorgian Daniel De Arrascaeta Benedetti,Uruguay,247,0.18177061675137468,-0.37561040174299054,1.001068901971684,0.41548918957687553,67,532
5259,José María Giménez de Vargas,Uruguay,361,-0.04944903377769494,-0.4140039050392946,0.45673110029419994,0.2754668675725293,149,549
5260,Rodrigo Bentancur Colmán,Uruguay,224,0.22769012485152273,-0.4250016756314247,1.0834548535183663,0.4927051858535743,61,546
5264,Guillermo Varela Olivera,Uruguay,385,-0.08167416265931748,-0.35202514410702623,0.4029413510330909,0.2507062347072057,163,530
5456,Mateo Kovačić,Croatia,4,2.5494231494104636,0.7429424971682578,4.442672791703863,1.132111428645965,3,100
5460,Andrej Kramarić,Croatia,13,1.8401707334767383,0.48914165609636423,3.425624254069115,0.8810999510976423,7,142
5463,Luka Modrić,Croatia,7,2.1718248475058717,0.5106797702293147,3.7875470456870404,0.9948520020520467,5,139
5469,Marcelo Brozović,Croatia,15,1.8111395073485976,0.2564746867790388,3.442574647265823,0.9787288333817413,6,199
5474,Ivan Perišić,Croatia,3,3.0536684009582444,0.8861487464756268,5.301403392752727,1.3072326186681866,1,78
5476,Benjamin Pavard,France,442,-0.15814491948445458,-0.21253366965072115,-0.04936741915192145,0.05513343211872248,307,450
5477,Ousmane Dembélé,France,54,1.0214854182275597,0.08623042803117884,2.092648439449254,0.6209990785041352,16,251
5479,Aziz Eraltay Behich,Australia,179,0.3265580958779445,-0.30421162573326227,1.1813722218536513,0.4638657906201168,56,523
5481,Mathew Leckie,Australia,144,0.4428342790581895,-0.2610528844119452,1.354728951634059,0.48839207623357506,47,473
5485,Raphaël Varane,France,152,0.40319667680010496,-0.17848283746752303,1.2003399507112917,0.4277476533029973,57,412
5487,Antoine Griezmann,France,5,2.3014634479076914,0.7354599030356584,4.300147156649889,1.1154589512845656,3,106
5490,Jackson Irvine,Australia,87,0.7296521159419086,-0.12175048942150998,1.8827454642832901,0.6400279453318887,26,379
5503,Lionel Andrés Messi Cuccittini,Argentina,1,5.631850229686206,2.081038792261841,10.04254291422093,2.3980281840279125,1,17
5507,Nicolás Alejandro Tagliafico,Argentina,92,0.6684176613255282,-0.16741017454523377,1.7067878936648346,0.5702747118753769,32,389
5527,Thomas Delaney,Denmark,468,-0.1795045604958277,-0.2622756130276925,-0.013962455432098203,0.08276292431397889,294,489
5534,Simon Thorup Kjær,Denmark,500,-0.20356996430140353,-0.2783125681282206,-0.05408475664776945,0.07473526401234468,312,501
5537,Fabian Lukas Schär,Switzerland,355,-0.04007404937021246,-0.3854679007011956,0.5109517694695159,0.2768503992243981,142,536
5538,Denis Lemi Zakaria Lako Lado,Switzerland,508,-0.2124633199053096,-0.3784058794956247,-0.005178241233131424,0.11832138474133222,285,532
5539,Carlos Henrique Casimiro,Brazil,42,1.1928920304418416,-0.10961955739807226,2.76560363347705,0.860888820500195,10,342
5543,Haris Seferović,Switzerland,470,-0.1802688555592232,-0.3971289733586189,0.05139405677165468,0.12669631839494877,260,531
5544,Ricardo Iván Rodríguez Araya,Switzerland,149,0.4240169713142948,-0.2528387345794566,1.3399657611071496,0.49322275524313075,47,456
5545,Breel-Donald Embolo,Switzerland,31,1.463485175129775,-0.06055247667048769,3.2746275504262345,1.0170193592922772,3,302
5549,Manuel Obafemi Akanji,Switzerland,109,0.5999269816162095,-0.2745651321511552,1.6578098937417423,0.5871019538006423,28,482
5562,Thomas Müller,Germany,94,0.6652419990018781,-0.08128532279367268,1.700982807168924,0.5821601733571312,29,339
5567,Edson Omar Álvarez Velázquez,Mexico,409,-0.11480024093566632,-0.4145160122923857,0.26395642692928284,0.212821718042727,190,541
5568,Raúl Alonso Jiménez Rodríguez,Mexico,434,-0.14729174522907687,-0.36139009869099026,0.12148381187634087,0.1588280892669092,229,536
5571,Hirving Rodrigo Lozano Bahena,Mexico,137,0.46766623257929646,-0.210776043803291,1.4994869602580234,0.5491770434678277,34,440
5573,Héctor Alfredo Moreno Herrera,Mexico,185,0.31259348886943467,-0.18058963985651694,1.008625048192633,0.3893755786197744,69,419
5575,Héctor Miguel Herrera López,Mexico,345,-0.032120288679619316,-0.39208661360644126,0.44858278158120546,0.2698388815328018,133,539
5576,Jesús Daniel Gallardo Vasconcelos,Mexico,195,0.2986393022806005,-0.2808142426515314,1.0694862237717864,0.4516139639068677,59,516
5579,Joshua Kimmich,Germany,86,0.7350139590596964,-0.03837115718420468,1.8855355239157878,0.6301264601541905,21,319
5581,Joel Nathaniel Campbell Samuels,Costa Rica,339,-0.01776550141812172,-0.33352685467474796,0.4024921272057155,0.22990406967315646,159,523
5582,Celso Borges Mora,Costa Rica,389,-0.08875707183248123,-0.4458350883043831,0.29058333554744603,0.23310052340901144,183,548
5589,Sergej Milinković-Savić,Serbia,112,0.5836051971528525,-0.4128300662926004,1.5815124763204724,0.5741198759728142,34,522
5591,Filip Kostić,Serbia,204,0.27430141525873947,-0.38024939782185535,1.003449704593864,0.4471854936924739,67,535
5595,Johan Alberto Venegas Ulloa,Costa Rica,526,-0.24381835489344683,-0.27108343481929936,-0.1892881950417417,0.026169740882357902,403,499
5598,Óscar Esau Duarte Gaitán,Costa Rica,424,-0.12960443622390672,-0.4568548798617232,0.269152253021655,0.22719842018979985,199,551
5600,Francisco Javier Calvo Quesada,Costa Rica,459,-0.17339591163713958,-0.3617540855154084,0.13370382165289157,0.15437457303061541,239,534
5603,Nikola Milenković,Serbia,138,0.46675822776465725,-0.24947936573515914,1.286519387515877,0.48458709726364607,51,428
5604,Young-Gwon Kim,South Korea,159,0.37694736025954945,-0.23558101594601574,1.1703024038880254,0.4413211275534319,55,488
5618,Woo-Young Jung,South Korea,267,0.12537641661963067,-0.32163406055480726,0.7218773410241518,0.32491764321,95,519
5620,Hee-Chan Hwang,South Korea,139,0.4638792259158806,-0.22255934367112457,1.4884413391652767,0.5335995249238181,41,441
5623,Jae-Sung Lee,South Korea,269,0.11852950727726072,-0.31496223847440324,0.7131633134368285,0.33296639523666943,103,517
5630,Dries Mertens,Belgium,286,0.07970996374821882,-0.28906760960212713,0.555056534767993,0.26744836616862033,124,497
5632,Thorgan Hazard,Belgium,311,0.023771899919689393,-0.34561333173169334,0.41230856676556166,0.25334673169088473,152,525
5633,Yannick Ferreira Carrasco,Belgium,321,0.008505673825563886,-0.39139471226807543,0.559586625398972,0.2913224589436734,132,536
5642,Axel Witsel,Belgium,197,0.2970081154830433,-0.2837844893330172,0.9958757186678852,0.4265760089373037,68,500
5647,Ali Maâloul,Tunisia,452,-0.16440600784741474,-0.28330460572328237,0.07339118790432048,0.11872476924914198,256,506
5650,Ferjani Sassi,Tunisia,504,-0.2073029124642436,-0.2513159004407352,-0.11993090260178435,0.04188984964434608,352,480
5651,Yassine Meriah,Tunisia,373,-0.07117451766296029,-0.448919507984728,0.4697344314275022,0.28435257082113674,145,551
5655,Dylan Daniel Mahmoud Bronn,Tunisia,487,-0.19438806285074517,-0.40397545853712685,0.12009150294733023,0.15976217743811474,244,542
5660,Piotr Zieliński,Poland,177,0.3349394297517101,-0.292524818892306,1.0906179371085625,0.41900709542453846,57,494
5665,Arkadiusz Milik,Poland,423,-0.12956955187282312,-0.3289357068822059,0.12963344270337315,0.1400906555425624,233,519
5668,Robert Lewandowski,Poland,16,1.7305626878226794,0.19628914415776882,3.5785346915255647,1.0645323821920936,3,269
5673,Bartosz Bereszyński,Poland,422,-0.12910787846107416,-0.49746202700962266,0.325321317851836,0.25311716633273784,179,551
5675,Kalidou Koulibaly,Senegal,165,0.3623204915238083,-0.3486048890941895,1.1243062716394001,0.44319587797724397,57,525
5690,Yuto Nagatomo,Japan,386,-0.08348082513100621,-0.4205366355083446,0.2753724873141647,0.22804624041617286,189,547
5713,Mohammed Kanoo,Saudi Arabia,122,0.5454957693005427,-0.15686259552014323,1.5713754745748432,0.5536805860257666,33,385
5715,Ali Albulayhi,Saudi Arabia,343,-0.024759657785887988,-0.4192427655788913,0.511837664009969,0.283138246205044,135,547
5719,Marco Asensio Willemsen,Spain,37,1.2600654536440354,-0.07712646279236049,2.4948800622887606,0.8053486202290278,10,314
5720,Milad Mohammadi,Iran,543,-0.27870015348707244,-0.48255915925069204,-0.05484422444248974,0.1416056394933453,309,553
5721,Daniel Carvajal Ramos,Spain,406,-0.1117290602639122,-0.32527573039425495,0.18257435982096795,0.1627987465107251,214,521
5722,Saeid Ezatolahi Afagh,Iran,285,0.08216997312028324,-0.33092827490045085,0.624350556552071,0.31897564661751837,108,533
5732,Andreas Evald Cornelius,Denmark,131,0.4894428884629951,-0.1841433702477833,1.4268864491569526,0.5280767968814543,33,423
5833,Nemanja Radonjić,Serbia,420,-0.12708153671435685,-0.20336602910046644,-0.03297458274989014,0.055677273322657456,302,420
5836,Bryan Oviedo,Costa Rica,502,-0.20518317727677715,-0.42387774559647884,0.07161288569842315,0.1598975869014995,252,548
5839,Yeltsin Ignacio Tejeda Valverde,Costa Rica,233,0.20120904579690757,-0.3424021578418394,0.8382421075691724,0.3756116791251439,85,525
5986,Chul Hong,South Korea,494,-0.19903320420301934,-0.26653649469598106,-0.06402662321709593,0.06883202695662674,319,498
6297,Maximiliano Gómez González,Uruguay,445,-0.16021501362472745,-0.21155012758251202,-0.08336730477602727,0.038133784951309674,331,428
6300,Sebastián Coates Nión,Uruguay,448,-0.16268389150481852,-0.37928567163835036,0.1416136683914281,0.1684358754065887,235,535
6301,Youssef En-Nesyri,Morocco,24,1.5531160599393048,0.232385872663444,2.8641617096525076,0.8052070782998918,7,200
6302,Kasper Dolberg,Denmark,229,0.21192326427131175,-0.26193536069022016,0.8707206906632935,0.38030362068542645,73,491
6318,Andrija Živković,Serbia,226,0.22066705338334816,-0.47172936039461516,0.8557103668922491,0.3843386169325464,85,541
6319,Luka Jović,Serbia,398,-0.09689699312705412,-0.21662645972339706,0.14256194006563164,0.11746192708248111,231,450
6321,Milos Veljkovic,Serbia,263,0.13863061007317415,-0.45410957052256956,0.7878114717957024,0.3794890802740533,100,540
6322,Niklas Süle,Germany,176,0.3354314414111076,-0.2226267710682854,1.1583529727275566,0.4303108141392218,60,444
6324,Leon Goretzka,Germany,171,0.3563441539313596,-0.14305490273671467,1.0886562449033759,0.375582790922953,65,376
6328,Kendall Jamaal Waston Manley,Costa Rica,284,0.09505902205942744,-0.35988946660369914,0.7936929337310782,0.3545528691117622,97,535
6331,Leander Dendoncker,Belgium,372,-0.06970935022042932,-0.4110142379937029,0.333777664295241,0.23103916599967267,173,542
6383,Thomas Teye Partey,Ghana,256,0.15721047875853306,-0.29834010189858806,0.7445775909842148,0.35442371857136873,92,503
6393,Iñaki Williams Arthuer,Ghana,392,-0.0904177373499098,-0.39103744404316376,0.2850445603103175,0.21571653990796402,185,537
6399,Gareth Frank Bale,Wales,182,0.32102825378555844,-0.3174365201169689,1.0909284694202617,0.4494009920943782,57,504
6583,Carlos Soler Barragán,Spain,258,0.15097666137919197,-0.2949065166496288,0.6856368878655664,0.2988780715370918,113,505
6687,Saša Lukić,Serbia,169,0.3581214319459647,-0.4496694245856428,1.16828443812047,0.4774623006272107,54,535
6704,Theo Bernard François Hernández,France,97,0.6446352420311889,-0.0533015001133495,1.5464013670517684,0.4945658011837481,34,312
6748,Ferrán Torres García,Spain,93,0.6660403647679376,-0.1915287469648925,1.5207852181366404,0.5353944069734365,37,421
6765,Rodrigo Hernández Cascante,Spain,80,0.8078336024917725,-0.1724374118736436,1.7947390163218673,0.6141773923208271,26,383
6773,Federico Santiago Valverde Dipetta,Uruguay,238,0.19088423868905102,-0.3153349595656854,0.8969048378613834,0.3832916395139158,80,528
6840,Marcos Llorente Moreno,Spain,396,-0.09503170644064048,-0.2784365843077738,0.2717780492936259,0.1800725826306483,190,504
6892,Pau Francisco Torres,Spain,394,-0.09258833877212468,-0.16375010004150545,0.04973518376663688,0.07056472087625151,270,400
6901,Nemanja Maksimović,Serbia,427,-0.13663391478528597,-0.406702615132434,0.20324906475609997,0.18369015482619425,219,542
6945,Alex Sandro Lobo Silva,Brazil,300,0.048397368737243665,-0.35278565746282087,0.6123071442455639,0.28707299100989264,123,526
6983,Remo Freuler,Switzerland,120,0.5630822994771008,-0.24842389456378158,1.5774042241756627,0.5534633854334576,32,451
6989,Timothy Castagne,Belgium,351,-0.03573124506279665,-0.3501339289440764,0.34252707999664433,0.23163705818082814,171,533
6994,Marten de Roon,Netherlands,294,0.06456871411529004,-0.5087078056969195,0.645538770106432,0.3482343087019711,111,551
7005,João Pedro Cavaco Cancelo,Portugal,161,0.36734904841665167,-0.2720275592095923,1.1179771969426653,0.4149104941278101,60,479
7006,Alejandro Darío Gómez,Argentina,374,-0.07190287827170097,-0.3043686211851452,0.24846294199289684,0.17706016754982015,201,509
7104,Mathías Olivera Miramontes,Uruguay,376,-0.07440672327856579,-0.42139094543187344,0.40224614474397247,0.2801303546326432,159,549
7153,Jordan Veretout,France,512,-0.21559347679267687,-0.24807514690293148,-0.1506301365721677,0.03243418221544422,369,473
7161,Germán Alejandro Pezzella,Argentina,531,-0.24754480143079488,-0.26517183119216103,-0.21558329263056347,0.016491890655554703,421,495
7345,Mattéo Guendouzi Olié,France,499,-0.20132104842775372,-0.2435562497879709,-0.1168506457073194,0.04217345389487208,350,467
7426,Jean-Charles Castelletto,Cameroon,243,0.1874708314401363,-0.43209505620823185,0.8732587825450214,0.40859209281663295,77,547
7439,Axel Disasi,France,411,-0.11698909539651145,-0.2610143861328475,0.1679502991306302,0.14224798446991496,223,484
7459,Jawad El Yamiq,Morocco,209,0.2640422309493633,-0.40947395334897885,1.105506926933096,0.47548062055112433,59,545
7472,Nicolas Alexis Julio N'Koulou Ndoubena,Cameroon,225,0.22609097848577214,-0.322142527496524,1.0979138308826428,0.45031758952489614,59,510
7551,Enzo Ebosse,Cameroon,317,0.015318932245943212,-0.29133956495987057,0.6286359266575705,0.3172284327427899,113,513
7693,Bruno Petković,Croatia,59,0.9807223329989552,0.0077000107593055145,1.9572941840616636,0.5822071559365741,27,290
7745,Steven Berghuis,Netherlands,214,0.25145984380327446,-0.302922133530789,0.8741486777474343,0.3770108152572368,78,515
7796,Silvan Widmer,Switzerland,242,0.18757827965715487,-0.34969988616024245,0.9618756057712875,0.4202909299279077,71,535
7797,Rodrigo Javier De Paul,Argentina,11,1.9616312640290565,0.5168047045656226,3.755480334332273,0.975276453203109,5,136
7829,Wout Weghorst,Netherlands,364,-0.057723817973589775,-0.2500834383284766,0.2905012743845241,0.1782900791864514,187,468
7843,Mason Mount,England,276,0.10856673792655488,-0.31853454975275625,0.6760495964231373,0.28910901081317136,111,513
7891,Teun Koopmeiners,Netherlands,346,-0.03221840149151463,-0.43707413050457383,0.4986443868485244,0.29644762586551887,137,549
7979,Przemysław Frankowski,Poland,357,-0.04530115777079652,-0.4198984010583225,0.3869916939159388,0.24329034101726263,156,543
7993,Filip Mladenović,Serbia,277,0.10764725560287033,-0.2732786068612908,0.8694989805311921,0.37270253995133606,90,502
8069,Matthijs de Ligt,Netherlands,440,-0.15726107485832014,-0.25269378632405576,0.03295008646333221,0.08633336090247144,292,480
8118,Frenkie de Jong,Netherlands,40,1.2282402274268402,-0.007878304636866645,2.8340789198005227,0.8588125425360228,9,299
8125,Denzel Dumfries,Netherlands,115,0.5757758388111177,-0.20414471958787672,1.4582891630742685,0.5156450972789155,40,418
8217,Kingsley Coman,France,352,-0.03581771344467133,-0.3981321365934993,0.40953578150086395,0.24412906993449607,157,535
8227,Mario Götze,Germany,410,-0.11503735645651468,-0.2249194015028551,0.07406082789125085,0.0912795004224809,261,445
8246,Christian Pulisic,United States,23,1.557242651317343,0.02023666971860827,3.352349386113419,1.023894429749239,3,269
8247,Joachim Andersen,Denmark,200,0.2799725882917725,-0.28504369749917624,1.14904566059261,0.44953238047164934,59,513
8259,Steven Bergwijn,Netherlands,168,0.35845260598691187,-0.24736100681533754,1.0453727297697235,0.40625503170353927,69,459
8346,Craig Goodwin,Australia,218,0.2429147916503228,-0.30245833699582336,0.9434794126019698,0.38074600712625006,76,505
8361,Ritsu Doan,Japan,196,0.2975565988436024,-0.27725090820409387,0.9300190207335737,0.39598722047745283,76,497
8400,Serge Gnabry,Germany,43,1.1786982906997825,0.03402030072119028,2.726275111186682,0.8517355025385749,7,274
8507,Lukas Klostermann,Germany,528,-0.24436729846968985,-0.38465227015535963,-0.06986581565164358,0.09836527199204884,313,542
8511,Thilo Kehrer,Germany,363,-0.05644692267022774,-0.29891542924120007,0.428490090471717,0.24607195509980678,155,518
8519,Dayotchanculle Upamecano,France,172,0.3529132798333255,-0.21187849804125602,1.1849841019350247,0.430970299838389,58,429
8526,Weston McKennie,United States,111,0.5874835216135421,-0.22851842798078642,1.5224494123621473,0.5377933033378959,36,442
8546,Niclas Füllkrug,Germany,113,0.581048496825231,-0.21905131903557823,1.6227380955775175,0.5648434340924237,32,441
8553,Abdou Diallo,Senegal,248,0.18156928075439388,-0.32317877641231785,0.7848742889194027,0.3535308518348133,93,522
8591,Samuel Yves Oum Gwet,Cameroon,456,-0.1711132915413404,-0.26642577290824315,0.019420490514571696,0.09826046326080366,268,495
8654,Ante Budimir,Croatia,476,-0.18378112072846114,-0.2850357136557287,0.012504132091297637,0.09848420583354796,278,506
8776,Takumi Minamino,Japan,515,-0.21939375903516367,-0.33311394596597077,-0.0678546394540715,0.0878562710977824,317,526
8814,Nico Elvedi,Switzerland,399,-0.10144774478919596,-0.3892467362236586,0.3301042645650642,0.2151873587859638,177,538
8836,Karol Świderski,Poland,509,-0.21344884025952005,-0.2152601653848754,-0.20982619000880914,0.0017331144743166949,400,456
8859,Ajdin Hrustic,Australia,513,-0.2183309891837241,-0.38587325734517874,0.008720188639084303,0.12140187607810901,282,539
8949,Takuma Asano,Japan,189,0.3067072514412649,-0.254677854097679,0.8817995307563831,0.3580785715526774,82,458
8966,Kai Havertz,Germany,90,0.69491718691808,-0.2916399991597942,1.8347189290381156,0.6635733505541489,20,501
9236,Mohamed Dräger,Tunisia,488,-0.19657656553704042,-0.4213889755801827,0.07561402406529402,0.15239928107727066,254,545
9411,Daichi Kamada,Japan,100,0.6240772920434849,-0.2532149723547377,1.5370587380125873,0.5611677710729102,33,447
9540,Harry Wilson,Wales,395,-0.09287439488760246,-0.32547881484802377,0.20181198902992759,0.16453195507546026,208,510
9638,Jack Grealish,England,252,0.17073489687016197,-0.2681638801690249,0.7541944783190406,0.31163444105686505,95,477
9904,Frederico Rodrigues Santos,Brazil,261,0.14371178285508301,-0.2826625379777529,0.7303128460872553,0.3174764612658503,104,512
9922,David Junior Hoilett,Canada,255,0.1640417316747716,-0.3770861173091916,0.70199482987503,0.3026231673282495,106,507
9927,Rúben Diogo Da Silva Neves,Portugal,151,0.4147560759055057,-0.2503704889033407,1.2183868662552684,0.4344467341512645,54,462
9980,Jamie MacLaren,Australia,507,-0.21095752185215277,-0.34601399762874185,-0.050691451534264104,0.09137571061642906,305,526
10287,İlkay Gündoğan,Germany,119,0.5631479407298156,-0.2304775589014157,1.621650147139216,0.5786001737019516,29,449
10481,Aurélien Djani Tchouaméni,France,47,1.1513997017075925,0.23152345213258207,2.386993857356687,0.6462515658828498,14,203
10595,Raphael Dias Belloli,Brazil,34,1.401441657323518,-0.08206636615210511,2.9466823648626472,0.9334938640616847,7,313
10868,Ricardo Jorge Luz Horta,Portugal,289,0.07339437460034265,-0.28472860986324955,0.6346524900847846,0.293746079965936,110,501
10931,Joe Allen,Wales,475,-0.18278643020451513,-0.3637303872498752,0.12861640432486263,0.1602892863108929,238,536
10955,Harry Kane,England,14,1.8177093191779354,0.2179847627618099,3.598619737413771,1.036839799807215,3,212
10956,Eric Dier,England,483,-0.19276428729350278,-0.1981313401775279,-0.1820856159240461,0.0051586375134693736,381,435
11127,Borna Barišić,Croatia,524,-0.2403085242324231,-0.3275076659855547,-0.06591024072616,0.08739115290731449,319,530
11135,Ibrahima Konaté,France,203,0.27531217366017763,-0.2252200613711235,0.9441526276828086,0.3588844855904312,74,433
11174,Vincent Paté Aboubakar,Cameroon,211,0.2572453246715322,-0.34229352437549576,0.9797388936746924,0.41915882728683107,70,517
11183,Alex Nicolao Telles,Brazil,491,-0.19789391583783814,-0.2137673102771346,-0.17025941394450278,0.014362834775147935,385,445
11184,Otávio Edmilson da Silva Monteiro,Portugal,205,0.27003221759295254,-0.4135516744099166,0.9307497940985395,0.38825038075349366,75,532
11187,Stephen Antunes Eustáquio,Canada,283,0.10037648977289275,-0.34205946950048377,0.6951261683652389,0.32174238739684735,105,523
11250,Joe Rodon,Wales,240,0.1887340909589437,-0.3501656288649391,0.9084908844762716,0.3915716602653667,79,528
11252,Daniel James,Wales,495,-0.1990767341248411,-0.37772505651511806,0.03741602005214498,0.13636303499229566,273,539
11388,Néstor Alejandro Araújo Razo,Mexico,444,-0.16000414851222042,-0.2453946172501089,0.010776788963556622,0.08556125001692746,274,477
11456,Lautaro Javier Martínez,Argentina,20,1.6417945960051266,0.4280893054554656,3.262733464968028,0.8941659191335822,6,158
11493,Gleison Bremer Silva Nascimento,Brazil,501,-0.203811039244215,-0.3952866237455808,0.0721139178669889,0.14064298601344777,266,543
11603,Mario Pašalić,Croatia,143,0.4490726242268359,-0.26291095171570494,1.1600002705732906,0.435310637873457,57,480
11737,Krystian Bielik,Poland,548,-0.29964337498104116,-0.48017634315527724,-0.06940357559213214,0.1228692974438068,326,551
11846,Steven de Sousa Vitoria,Canada,129,0.5071222555581775,-0.4044591939505561,1.4369597492321748,0.5185157476762675,43,523
11990,Youssouf Fofana,France,314,0.02115431329524628,-0.3614752310351982,0.49689717603608446,0.2650497591522517,136,528
12034,David Raum,Germany,133,0.4801280435501686,-0.2146419822260007,1.4273371997053093,0.5121302146659865,40,435
12041,João Félix Sequeira,Portugal,46,1.15311793880911,-0.03607184839400618,2.447474209986275,0.7587386546432634,10,314
12149,Nayef Aguerd,Morocco,127,0.5121942633380765,-0.3464933183783962,1.5849825789468108,0.5897251968446152,39,526
12169,João Maria Lobo Alves Palhinha Gonçalves,Portugal,460,-0.17369298696754815,-0.22081501412264704,-0.1046750835473928,0.03539376725310739,338,444
12325,Abdul Rahman Baba,Ghana,462,-0.1747097495384884,-0.38703194840609323,0.1614104541914262,0.17779563262571718,227,536
12365,Alphonso Davies,Canada,57,1.0025016128073274,-0.4013798442654601,2.406383069880115,0.7877953128026984,13,520
12524,Walker Zimmerman,United States,210,0.2624394022157866,-0.25167976041222995,1.0461488728127784,0.41224751183001046,65,484
12583,Carlos Armando Gruezo Arboleda,Ecuador,514,-0.21936513953805628,-0.25870974604188135,-0.14067592653040617,0.03824947822149739,366,489
12623,Pierre Kunde Malong,Cameroon,358,-0.04782511152971482,-0.37518026620874106,0.347002168475692,0.23698395683563633,164,535
12625,Borna Sosa,Croatia,110,0.5927080060613653,-0.27589151279143137,1.502713441259432,0.5452287734262026,41,485
12751,Tyler Adams,United States,106,0.6155178881911617,-0.27311182472773476,1.6515338626108558,0.5954036311299545,31,487
12770,Jonathan Osorio,Canada,367,-0.06009987984955528,-0.3704084277775527,0.36282782768482336,0.21184306058125868,174,531
12803,Romario Andrés Ibarra Mina,Ecuador,402,-0.10611842944947718,-0.23068803839991897,0.13808938581634495,0.1282450653524091,223,458
13035,Kellyn Kai Perry-Acosta,United States,540,-0.26870762439651913,-0.37911357816729513,-0.1403046418589951,0.07733081706312418,362,538
13314,Famara Diedhiou,Senegal,332,-0.008679257998801343,-0.33772952244500704,0.500895011374367,0.27986491693722293,136,525
13454,Nouhou Tolo,Cameroon,340,-0.019176375404593125,-0.47892128209119983,0.5787893512506809,0.3200979443456864,124,550
13620,Éder Gabriel Militão,Brazil,107,0.6107133864700957,-0.18804745717518154,1.7055949715380745,0.6003417648634874,32,448
13621,Danilo Luís Hélio Pereira,Portugal,511,-0.21437173273700694,-0.25692702340318935,-0.12926115140464217,0.0420712106087663,358,485
15452,Carlos Uriel Antuna Romero,Mexico,379,-0.07856823728122131,-0.28648949374141197,0.21547881719712692,0.16045223827756053,208,498
15872,Érick Gabriel Gutiérrez Galaviz,Mexico,484,-0.1933059814323222,-0.2622008040906444,-0.05551633611567776,0.06903261257921926,310,494
15890,Noussair Mazraoui,Morocco,251,0.17652703353851196,-0.3838332856020983,0.7936935621418342,0.3587880862614902,91,534
15957,Miloš Degenek,Australia,279,0.10432649683739466,-0.31655768241862414,0.8836286713565338,0.39001280608756667,88,515
15970,Pape Abou Cissé,Senegal,467,-0.17753905989741386,-0.28389031710242507,-0.005392926486414255,0.08425078215012087,303,500
15971,Cameron Carter-Vickers,United States,477,-0.1846907637880917,-0.2800576072034927,0.006042923042710247,0.09632506257160278,285,508
16015,Nicolas Moumi Ngamaleu,Cameroon,403,-0.10648541289543831,-0.24108254101971818,0.15431689427932166,0.13522520446788278,230,465
16026,Djibril Sow,Switzerland,181,0.32105823571527325,-0.2682797108273672,1.0410838875076511,0.4155009742394657,64,497
16028,José Diogo Dalot Teixeira,Portugal,326,-0.0019402680981272236,-0.3136011188551007,0.47154733164634044,0.25473481548413945,143,525
16120,Richie Laryea,Canada,245,0.18248249720485982,-0.3758250065824491,0.8365867908909607,0.35024012983756336,87,517
16190,Rasmus Nissen Kristensen,Denmark,293,0.06690411048507439,-0.3491868135135686,0.6712838169962603,0.3141984459744101,113,536
16252,Mark Anthony Kaye,Canada,438,-0.1539352475616361,-0.24533171079739838,0.02885767890988844,0.0939112591556271,272,477
16308,Leandro Daniel Paredes,Argentina,230,0.20989777696361867,-0.2976930684336185,0.8468579207322438,0.36303412044910527,85,515
16346,Ngoran Suiru Fai Collins,Cameroon,244,0.18586807772488873,-0.43121832230064533,0.9634637044340929,0.4012904241606048,74,525
16352,Issam Jebali,Tunisia,162,0.3649783088771255,-0.32817110876300815,1.29799005247822,0.5056563853846794,45,527
16459,Cyle Larin,Canada,223,0.23563090185650565,-0.3924378119182756,0.8636996156312868,0.350178533384432,85,515
16489,Nemanja Gudelj,Serbia,296,0.059817510693283664,-0.34044007305860063,0.6420274725896934,0.3303487184837529,114,522
16527,Mislav Oršić,Croatia,157,0.3797949586822966,-0.1486784885184386,1.1143798715727151,0.3902443525200018,61,393
16532,Daniel Olmo Carvajal,Spain,22,1.584014116851507,-0.03364267347569416,3.1330720397179816,0.9850576197024338,4,295
16554,Joakim Mæhle,Denmark,163,0.3641135411947036,-0.24747939321377915,1.3021130713057003,0.48349286949411974,49,486
16559,Leandro Trossard,Belgium,356,-0.043995272768589,-0.3390235418102962,0.3894841594902224,0.23406434131035614,164,529
17033,Mohammed Kudus,Ghana,117,0.56762822139912,-0.17869182737807868,1.529922279661495,0.586110397475481,28,400
17042,Andreas Skov Olsen,Denmark,216,0.24722093600452807,-0.3276541172826896,0.9081653543396909,0.4072601794498609,75,513
17043,Victor Nelsson,Denmark,365,-0.057953284450525,-0.23938953329504226,0.3049192132385095,0.1849352444597218,182,471
18015,Dušan Vlahović,Serbia,307,0.035833013461872065,-0.21658093480128884,0.5025736519022985,0.23026094347137052,146,438
18242,Tim Ream,United States,103,0.6193587142505367,-0.24637198573709623,1.612926268469206,0.5795105902236046,32,456
18360,Rafael Alexandre Conceição Leão,Portugal,265,0.13242562486483386,-0.21633560768133217,0.5776960654894882,0.25176495233183477,122,442
18395,Vinícius José Paixão de Oliveira Júnior,Brazil,48,1.1431553404560113,-0.0955777076891144,2.5521184935657546,0.8234778141009944,11,338
18722,Mathias Jensen,Denmark,291,0.07113899797334755,-0.3392006430904302,0.5481059558062958,0.29149339587900214,124,520
19597,Marcos Javier Acuña,Argentina,66,0.9093734745373523,0.04318072762793883,2.0780980127467625,0.6279428959635032,20,277
20005,Toby Alderweireld,Belgium,282,0.10059841437951636,-0.318663123123237,0.616666207115885,0.29867926317445637,116,520
20016,Kléper Laveran Lima Ferreira,Portugal,140,0.4630394438054012,-0.2485148697489881,1.443023885565328,0.512778898272616,42,477
20033,Luuk de Jong,Netherlands,435,-0.14915975729630546,-0.256290039397331,0.0651008069057458,0.10997703312416379,256,486
20572,Cristian Gabriel Romero,Argentina,44,1.1774745540531237,0.086495324853732,2.5866896172287746,0.7451759933231851,14,251
20611,Boulaye Dia,Senegal,102,0.6214654645352785,-0.20734273830553804,1.4983707692761628,0.5256192549233436,37,415
20750,Cody Mathès Gakpo,Netherlands,36,1.3198480744586794,0.0651246963623224,2.69509764842364,0.8138325507316869,9,269
20758,Krépin Diatta,Senegal,320,0.009355735442151486,-0.42616410056975246,0.4448755714540555,0.24113909717221585,152,535
21026,Pape Gueye,Senegal,325,-0.0013255611208589646,-0.37878238880419857,0.47896863872978884,0.27703495576970727,138,542
21214,Ilias Chair,Morocco,449,-0.16279400127638077,-0.23419720367020963,-0.01998759648872303,0.07506464771046388,298,466
21736,Zakaria Aboukhlal,Morocco,380,-0.07917021623858406,-0.3043423115829164,0.19725583298295077,0.15984869681313368,211,513
21809,Jurriën David Norman Timber,Netherlands,180,0.3226757786809535,-0.2802860577891749,1.2480260886539634,0.47116509531058404,53,512
21881,Sergino Dest,United States,170,0.3576067889609239,-0.29530449403546,1.08290625197804,0.43487618849081394,62,506
22008,Haji Wright,United States,250,0.1793141135879973,-0.3386353894614641,0.7806473634898063,0.33677902244485647,94,521
22041,Marko Livaja,Croatia,69,0.8784465044361766,-0.13074136250773016,2.0793436569560435,0.6939323708371722,19,364
22067,Woo-Yeong Jeong,South Korea,447,-0.16130346223177894,-0.22053985440066365,-0.04283067789400935,0.06005868845032969,313,459
22084,Bukayo Saka,England,65,0.9193920097470776,-0.0902745002337389,1.9990657392592626,0.6399544607241693,21,342
22097,Randal Kolo Muani,France,116,0.572641845034357,-0.13420460821246893,1.55236809834689,0.5446264168863479,37,367
22168,Joshua Sargent,United States,183,0.31610411505278563,-0.3420138826257937,1.0203452120155274,0.4361442836295222,65,522
22293,Harry Souttar,Australia,78,0.8169899173678696,-0.1889248752438364,2.015536627045275,0.7008491930184222,18,418
22433,Jesus Ferreira,United States,429,-0.1414232049672175,-0.22579534701351217,0.027321079125371975,0.08460110716977158,274,458
22600,Lucas Tolentino Coelho de Lima,Brazil,51,1.088789520314773,-0.18553691257316512,2.6206818272751775,0.8573216040215923,12,429
22740,Kang-In Lee,South Korea,341,-0.019844724379012052,-0.3045350986532026,0.34772820315411485,0.21224350121104624,168,521
23527,Junya Ito,Japan,148,0.4303025038460717,-0.2383542883441703,1.3025217330659977,0.49306752512937546,48,478
23538,Sadegh Moharrami,Iran,457,-0.17135838654540808,-0.2737498655182731,0.033424571400321824,0.0989478818124773,277,499
23615,Gideon Mensah,Ghana,537,-0.2587163516113887,-0.27014266534755543,-0.23586372413905501,0.011584929326209572,439,502
23640,Jonathan David,Canada,60,0.9790521266377346,-0.31698136082875056,2.388417933643904,0.7897724274375124,12,481
23721,Wataru Endo,Japan,101,0.6238939961167597,-0.2406850126991525,1.726287230958953,0.6460645580762671,26,462
23730,Takehiro Tomiyasu,Japan,308,0.03546035409736506,-0.4132494163856372,0.6165357419409916,0.34744964057428024,115,545
23763,In-Beom Hwang,South Korea,130,0.49124982842026965,-0.229976132328149,1.276363727524489,0.468196935094781,44,443
23774,Selim Amallah,Morocco,89,0.7020051961312583,-0.13456458656801382,1.6446326063666625,0.5446205551266777,34,374
23828,Kamal Miller,Canada,246,0.18243675551021976,-0.42075920182833393,0.851890720759598,0.3554812082299078,88,531
23830,Jhegson Sebastián Méndez Carabalí,Ecuador,259,0.14977594552047946,-0.3760465614472775,0.9027246298283392,0.383130236117365,82,530
23874,Ali Gholizadeh,Iran,316,0.017085253248703358,-0.3540889829870841,0.5200039052239682,0.27931874956028485,138,541
23910,Youssef Msakni,Tunisia,147,0.43570887398892166,-0.3441706164748465,1.3553214649463587,0.5153403918393284,43,523
24024,Tajon Buchanan,Canada,77,0.8295149931445509,-0.3889942322695676,2.037508746950143,0.6681045532048588,21,511
24085,Pervis Josué Estupiñán Tenorio,Ecuador,219,0.24216646350758203,-0.4535325413641683,0.9986318336522653,0.4324783054496591,67,541
24118,Nico Schlotterbeck,Germany,407,-0.11190316841006923,-0.21133576548711605,0.0864327581019059,0.09550968660006107,255,444
24243,Brenden Aaronson,United States,231,0.20482491329832606,-0.3331109742819667,0.7912211769652491,0.35273583558607724,97,503
24443,Mikkel Damsgaard,Denmark,241,0.1877847163441554,-0.296390686786394,0.883048096090516,0.3800759128583954,86,510
24547,Alexander Hartmann Bah,Denmark,480,-0.18895359186898636,-0.2580249242174274,-0.06425190416572876,0.06467227414564891,319,483
24778,Eduardo Camavinga,France,544,-0.2790574521632878,-0.4437665683097375,-0.04685791250766798,0.12631985839961007,297,549
25104,Rodrygo Silva de Goes,Brazil,68,0.8954693187137699,-0.054026867541941304,1.9677516157063444,0.6568012788869533,20,298
25142,Bruno Guimarães Rodriguez Moura,Brazil,271,0.11487059359690055,-0.2921845450142708,0.6904318440216348,0.3184451272840315,101,502
25154,Éverton Augusto de Barros Ribeiro,Brazil,387,-0.08712734172043811,-0.18313915459015476,0.10489628401899519,0.09932115757096564,249,415
25305,Pedro Guilherme Abreu dos Santos,Brazil,319,0.011788254388778702,-0.33868479311633093,0.4763695130627164,0.25128849836301165,146,529
25363,Antony Matheus dos Santos,Brazil,199,0.2816385912139582,-0.3074769949897756,1.0012138283855534,0.38227998724568696,74,492
25582,Nader Ghandri,Tunisia,390,-0.08936206932399077,-0.3105404670696094,0.3529947261672463,0.22085503701783618,174,520
26280,Orbelín Pineda Alvarado,Mexico,334,-0.011241373752463646,-0.2586615716821896,0.48359902210698846,0.2509447555797623,142,487
26297,Carlos Alberto Rodríguez Gómez,Mexico,545,-0.2798993442899841,-0.3622752710386205,-0.16187796256947967,0.05842261242545447,389,531
26301,Ernesto Alexis Vega Rojas,Mexico,212,0.25514119848505323,-0.2125066431196093,0.9313916138164333,0.38111135169162613,69,443
26368,César Jasib Montes Castro,Mexico,324,0.0047296531149945975,-0.3930153976998347,0.5024706789600106,0.2948259862797087,130,547
26400,Henry Josué Martín Mex,Mexico,164,0.3625305904288186,-0.3371981709213305,1.3248060019420493,0.514170385500549,43,518
26404,Guido Rodríguez,Argentina,466,-0.17681741184441085,-0.21200342140267545,-0.10644539272788182,0.03525638171812565,340,447
26406,Jorge Eduardo Sánchez Ramos,Mexico,419,-0.12686102618153994,-0.415215917808793,0.2561007630143578,0.20396966034126163,198,542
27163,Juan Pablo Vargas Campos,Costa Rica,489,-0.19677064500431288,-0.308792047974316,0.02727216093569338,0.10752108913583262,277,521
27569,Jesper Lindstrøm,Denmark,187,0.30993909482931026,-0.3443453887091714,1.2450564042823797,0.4988837028547756,51,532
27719,Strahinja Pavlović,Serbia,217,0.24331919584515313,-0.444291464686579,1.0025372845078777,0.4297075506222797,78,542
27768,Lisandro Martínez,Argentina,280,0.10298251470802672,-0.37408438456794707,0.7068227513453654,0.3182410103374257,101,534
27886,Alexis Mac Allister,Argentina,10,2.020995620847201,0.5565289257659631,3.9949405540460163,1.056463093613145,4,136
28263,Gonzalo Ariel Montiel,Argentina,542,-0.2786431216808738,-0.39264747135495665,-0.09767208022333826,0.08863938359409831,342,543
28268,Exequiel Alejandro Palacios,Argentina,539,-0.26518726418872984,-0.3667569695389945,-0.15415584299817164,0.06276662433083538,367,534
28370,Fran Karačić,Australia,305,0.0378217609518375,-0.31122349025822027,0.6008123345381164,0.28446991957137385,127,511
28453,Michał Skóraś,Poland,453,-0.1655862589384989,-0.20308908952076635,-0.090580597773964,0.03588350738370129,332,440
28559,Enner Remberto Valencia Lastra,Ecuador,58,0.9858753650459793,-0.40046700964702125,2.6074658630877465,0.8832648474455951,8,523
28616,Daniel-Kofi Kyereh,Ghana,546,-0.29031713510924173,-0.36554142100032927,-0.16223814479303297,0.06672485010514298,391,535
28729,Diego Nicolás De La Cruz Arcosa,Uruguay,510,-0.2134819867277756,-0.24931374978868845,-0.16284186525175515,0.027953990845767468,382,470
28825,Luis Gerardo Chávez Magallón,Mexico,174,0.3408384480605893,-0.19846155463707654,1.099713682064507,0.4361555733211792,56,441
28914,Lovro Majer,Croatia,191,0.30231405449661464,-0.16466886481404908,0.871160594571928,0.32063049903510865,81,388
28966,Gaël Ondoua,Cameroon,525,-0.24305296783804434,-0.41522524477986733,-0.035120534101678466,0.12100047131506086,298,544
29006,Noah Okafor,Switzerland,485,-0.19358024025731746,-0.3143228271291756,-0.05276404831573913,0.081576397274307,309,515
29012,Eray Ervin Cömert,Switzerland,505,-0.20855266638651265,-0.25347929337755704,-0.11881031068729729,0.04477950375784308,361,482
29163,Josip Juranović,Croatia,28,1.5131100850904358,0.15836679951242044,3.000052954509611,0.8521105365187082,10,228
29201,Nahuel Molina Lucero,Argentina,52,1.0847299208532406,0.11002600519932203,2.37341122708391,0.6832837023876622,18,245
29377,Brennan Johnson,Wales,426,-0.13455907672704995,-0.33106241943524356,0.11531622261944753,0.1392475150534544,234,515
29560,Julián Álvarez,Argentina,6,2.2310325266115396,0.598648439572743,4.3814175940256375,1.1228817269375642,3,123
29595,Ko Itakura,Japan,186,0.3117520079382744,-0.4746252941631025,1.140528818392542,0.4795794853784533,55,541
29758,Sam Adekugbe,Canada,428,-0.1392002615512966,-0.4461440949197439,0.1867269850521199,0.18140465018169394,214,544
29966,Ui-Jo Hwang,South Korea,397,-0.09573910638607763,-0.2890806814890267,0.22606266541020634,0.17268895393554962,199,501
29976,Gabriel Teodoro Martinelli Silva,Brazil,194,0.30024455316696974,-0.28065963374213615,1.1832829035871195,0.46919196402944896,53,479
30016,Martin Hongla Yma II,Cameroon,446,-0.16126217767478376,-0.3985856411953811,0.13497310711310237,0.16545054765762618,221,537
30111,Felix Eduardo Torres Caicedo,Ecuador,193,0.300895570394077,-0.4721147010491056,1.0900746818691394,0.45128772766109687,59,546
30401,Ruben Vargas,Switzerland,135,0.47611407156218943,-0.1748166514460938,1.2952988066783073,0.4473873295981821,47,403
30486,Pedro González López,Spain,81,0.8063286411710067,-0.14633390165116178,1.793658723385971,0.5962705014012105,25,373
30500,Kevin Nahin Álvarez Campos,Mexico,492,-0.19798393720412313,-0.2621576977648026,-0.07388789582805302,0.062099165398798305,322,489
30519,Mohamed Salisu,Ghana,331,-0.0069222080122835206,-0.43263058440811725,0.5312018656166175,0.3013617385746147,131,547
30628,Daizen Maeda,Japan,330,-0.006065104422217332,-0.3866706165578202,0.49499777869715755,0.2942198878757235,136,543
30681,Ali Abdi,Tunisia,481,-0.18910062741577122,-0.4002526569983844,0.19166953295588077,0.190693923236737,219,543
30714,Jude Bellingham,England,33,1.4167496762407348,0.10259403087242602,2.8529804431580525,0.8449754222877913,7,245
30756,Anssumane Fati,Spain,388,-0.08779735030048783,-0.26272874351840947,0.09306772472814703,0.11904529915152305,241,482
31029,Salis Abdul Samed,Ghana,309,0.02853459554215408,-0.3803613020338898,0.5651034995646372,0.31326286943199927,122,539
31090,Takefusa Kubo,Japan,538,-0.2625447931054441,-0.4102484547253398,-0.04750284381402693,0.10205013049919907,320,544
31152,Gonzalo Jordy Plata Jiménez,Ecuador,145,0.4412770560584199,-0.44873015854392084,1.37706566133305,0.5224881181001193,41,538
31295,Yahia Attiyat allah,Morocco,178,0.3344657471258543,-0.39680345784146387,1.1528242064674474,0.46327763224422575,59,535
31684,Atiba Hutchinson,Canada,274,0.11067774365284958,-0.43405248639464483,0.66701049523753,0.31167883362535315,108,539
31751,Pathé Ismaël Ciss,Senegal,493,-0.1982662557592429,-0.4925712128549457,0.11589635119808869,0.1780795871565182,228,549
31955,Jakub Kamiński,Poland,297,0.057665105569974395,-0.31742465858768093,0.5283209268212143,0.2628420403143181,131,521
32450,Montassar Omar Talbi,Tunisia,329,-0.005645720484263442,-0.41018224185232355,0.5216449407684922,0.30557776663017716,133,548
32478,Darwin Gabriel Núñez Ribeiro,Uruguay,236,0.19519744488709415,-0.23609466179486593,0.8362756338397906,0.36029711554473054,81,474
32915,Ismail Jakobs,Senegal,439,-0.15512142771523865,-0.46272803148171576,0.20426012268199195,0.20761704372637138,207,550
33018,Joško Gvardiol,Croatia,12,1.9547084089430262,0.3488750651640813,3.484158485356403,0.9389142030011285,7,165
33477,Riley McGree,Australia,249,0.17987864587293764,-0.3401843781455292,0.8465322385155636,0.35662392205126925,88,520
33488,Keanu Baccus,Australia,336,-0.013852965947833883,-0.37759825404276826,0.4875022162839623,0.28420846667607597,141,536
33492,Mitchell Thomas Duke,Australia,202,0.27695545411345956,-0.26668599313124264,0.983815055095551,0.3890095795428332,75,474
33495,Kye Rowles,Australia,173,0.35094537009865956,-0.1373654568516581,1.144263250537481,0.4120568894664466,63,378
33572,Nathaniel Atkinson,Australia,474,-0.18183476445304406,-0.2554131273427569,-0.03467803867361842,0.07458578590950511,299,485
33602,Tariq Lamptey,Ghana,551,-0.3191839937971717,-0.4426581704815866,-0.14879068109394628,0.08839663035364034,377,550
34339,Giovanni Reyna,United States,348,-0.03331405389514902,-0.18726155143342976,0.25704146397441185,0.14524400622225977,199,415
34396,Michael Steveen Estrada Martínez,Ecuador,190,0.3047208379224971,-0.43007930832225927,1.0904108443809553,0.4363029503875085,59,531
34639,Vitor Machado Ferreira,Portugal,437,-0.1508030305739425,-0.29194177180065967,0.09196839857045434,0.12476019430845897,245,509
34794,Neco Williams,Wales,425,-0.13065708742046134,-0.4203850377942083,0.2176304561881988,0.20060639782637776,204,542
35592,Anis Ben Slimane,Tunisia,368,-0.06075773042707487,-0.3838505498384706,0.37366851330070616,0.24242290582181608,160,538
35658,Kamaldeen Sulemana,Ghana,441,-0.15805394981672813,-0.3463330739297272,0.17358257275732183,0.17117033119309122,225,525
36148,José Adoni Cifuentes Charcopa,Ecuador,454,-0.16686148825609498,-0.24254484392661033,-0.025903168270050334,0.06846418829372045,300,467
36288,Facundo Pellistri Rebollo,Uruguay,401,-0.10439839452022684,-0.3385425740277103,0.2498338704486874,0.18747514012342703,197,533
37122,Yuki Soma,Japan,378,-0.07837493965671898,-0.21490802079182167,0.1946912226134863,0.14144395333546372,209,451
37148,Josip Šutalo,Croatia,478,-0.18590706343576258,-0.27902873735273276,0.0003362843981774624,0.09789680872058766,286,507
37208,Ao Tanaka,Japan,266,0.12707979866235428,-0.4020071256650697,0.789137848627925,0.41288739881848874,85,541
37209,Miki Yamane,Japan,473,-0.1813080199423251,-0.25444730125362075,-0.035029457319733934,0.07576998194706754,298,483
37211,Kaoru Mitoma,Japan,354,-0.03908709548711814,-0.43207436926976756,0.4065818593289332,0.26796753378333266,154,547
37215,Shogo Taniguchi,Japan,304,0.03821341143484922,-0.4056679075348372,0.5951537025232768,0.31635381996424944,123,540
37221,Hidemasa Morita,Japan,146,0.438225602066202,-0.2862055700375281,1.4114019638623398,0.5465373938401592,40,511
37726,Moisés Isaac Caicedo Corozo,Ecuador,136,0.47285696542546873,-0.46089708185973455,1.4081414800052894,0.5453856016399947,38,543
37737,Angelo Smit Preciado Quiñónez,Ecuador,278,0.10458143286125586,-0.4489309888637628,0.7244057722114183,0.347441077445212,98,539
37945,Alan Steven Franco Palma,Ecuador,523,-0.2385916408763036,-0.27711485054959156,-0.16172982182093876,0.03735636684885131,384,505
38004,Piero Martín Hincapié Reyna,Ecuador,299,0.05302981132340147,-0.4662141015066079,0.6451902584850154,0.3304325611457561,112,545
38285,Ayase Ueda,Japan,465,-0.1764936582914747,-0.25673162434083174,-0.016017726192760665,0.08312399479498649,289,489
38718,Enzo Fernandez,Argentina,41,1.214856427582502,0.23148196924481113,2.5475886714965053,0.6964323264374738,14,201
38792,Yunus Dimoara Musah,United States,96,0.6576156934200761,-0.21864012657913617,1.6163176898990543,0.581598451709946,30,428
38803,Gonçalo Matias Ramos,Portugal,70,0.8651011265099862,-0.23853315093626867,2.496362729517112,0.8551770710140509,10,447
39161,Alejandro Balde Martínez,Spain,232,0.20412122358637577,-0.3526266807252675,0.7511441719917991,0.3281725871582571,98,519
39565,Jamal Musiala,Germany,9,2.0778665689874964,0.32364691027712345,4.4205648299832525,1.3464892381255504,2,177
40211,Jeremy Leonel Sarmiento Morante,Ecuador,400,-0.1030261757383614,-0.39093284350519053,0.18571860258458506,0.16920129726866065,209,526
40538,Jin-Su Kim,South Korea,208,0.2649226917102603,-0.33606216901171426,0.9994089579480109,0.3994244712386497,73,518
40542,Gue-Sung Cho,South Korea,118,0.5664730578906367,-0.1896201623365871,1.5164806405920237,0.531907601604727,34,402
40558,Jun-Ho Son,South Korea,482,-0.19187093965721616,-0.3726032246830603,0.08243617287322984,0.1458010041844286,244,533
40564,Kyung-Won Kwon,South Korea,486,-0.19375608886055917,-0.25747768369590046,-0.06888440024204168,0.062407968528574054,322,486
40672,Moon-Hwan Kim,South Korea,142,0.45278231947862735,-0.2947745849891863,1.3174554973223676,0.483896201483877,46,471
40784,Akram Hassan Afif,Qatar,260,0.14923806620837582,-0.2913461001934884,0.7667220801693667,0.33254003759766976,94,509
40874,Matheus Luiz Nunes,Portugal,370,-0.06337676101754433,-0.2005119340226202,0.1760897122488284,0.1207392254054838,217,424
41711,Sang-Ho Na,South Korea,418,-0.12452670006388664,-0.329853095173436,0.15622315943307732,0.1511886856712452,220,521
43565,Min Jae Kim,South Korea,158,0.3772472365163273,-0.43165419896937235,1.3551233993916219,0.507609712576641,47,529
44166,Jakub Piotr Kiwior,Poland,328,-0.00388982740243915,-0.3923995222412517,0.4600316109603853,0.24880827122641092,144,536
44225,Osman Bukari,Ghana,464,-0.17637689364916248,-0.35207800096820285,0.03467431081054759,0.12790138561146477,268,525
44703,Alistair Johnston,Canada,75,0.8384985857165863,-0.4429977572618259,2.1199949286949984,0.7120922875122073,16,541
44955,Aïssa Bilal Laïdouni,Tunisia,253,0.1689822619199776,-0.3506113929576359,0.8737091288632006,0.3954373652173536,76,535
45047,Alidu Seidu,Ghana,520,-0.2354145564654772,-0.4415827190899819,0.03138283462683828,0.15400116450328522,270,547
46258,Azzedine Ounahi,Morocco,32,1.4342655484065214,0.1731673737321552,2.681739611623604,0.7983904173002273,9,227
48347,Amadou Onana,Belgium,382,-0.08057308365171212,-0.34239336444723784,0.28026810532828406,0.20131569509018712,183,523
49337,Josip Stanišić,Croatia,431,-0.1434423799916843,-0.2605980366507659,0.09086893332647882,0.12316321676858173,250,490
50436,Fabian Rieder,Switzerland,450,-0.16337396237997007,-0.2784654550350467,0.02148965295907429,0.09334318598100454,274,491
50498,Pape Matar Sarr,Senegal,414,-0.11919453555051662,-0.2091672249862475,0.040416489863740995,0.08342219969161166,264,436
50502,Nicola Zalewski,Poland,549,-0.3048613118044846,-0.3856220253334464,-0.20589473458605162,0.055320783511604986,415,539
51094,Abdulelah Al Amri,Saudi Arabia,312,0.021284906652959828,-0.4286241483974155,0.6016662953671165,0.32984311859226045,118,546
51096,Ali Al Hassan,Saudi Arabia,532,-0.24909315457978273,-0.29483967628216246,-0.15760011117502334,0.046398191430145744,380,513
51099,Firas Tariq Nasser Al Albirakan,Saudi Arabia,98,0.6300115566561039,-0.11656432919402662,1.6891405637989365,0.5844422670586065,27,360
51103,Abdullah Mohammed Madu,Saudi Arabia,547,-0.2917572344880554,-0.32456220146169706,-0.2261473005407719,0.03327228127649,440,529
51469,Saleh Khalid Al Shehri,Saudi Arabia,215,0.2480585830628263,-0.2640012162367482,0.9809204750063787,0.3918737405306777,70,481
51470,Riyadh Sharahili,Saudi Arabia,533,-0.25189640975974814,-0.3201773802516117,-0.11533446877602103,0.06925364862773405,356,525
51546,Hassan Mohammed Al-Tambakti,Saudi Arabia,128,0.5121691578893264,-0.4730524007157225,1.910640611272242,0.6938720381038547,20,551
51632,Sami Khalil Al Naji,Saudi Arabia,471,-0.180905327086247,-0.23043383984086138,-0.08184830157701833,0.050899029055515625,330,462
51705,Abdulrahman Al-Obood,Saudi Arabia,451,-0.16401852904866132,-0.26265344014713854,-0.03348131839071148,0.07311894012255937,301,480
51710,Saud Abdullah Abdul Hamid,Saudi Arabia,262,0.14327139058932298,-0.29971091428789015,0.7617608834572228,0.3273414825286302,98,508
51969,Jackson Gabriel Porozo Vernaza,Ecuador,318,0.014730856513078032,-0.2701322678683991,0.5559345022517876,0.2774470557812952,128,489
54144,Nawaf Shaker Al Abid,Saudi Arabia,333,-0.008724372367323707,-0.35386037321480024,0.40897626926557057,0.24422251543016568,161,533
56755,Abdulelah Saad Hameed Al-Malki,Saudi Arabia,213,0.25440820847759393,-0.2566373005806335,1.0191001939633577,0.39888523061929726,70,475
57620,Sultan Abdullah Salim Al Ghannam,Saudi Arabia,413,-0.11907307493782388,-0.42857996140302707,0.38118988566007833,0.26184182422514,169,548
59493,Abderrazak Hamdallah,Morocco,313,0.02118794442056987,-0.2759417041366779,0.39476053304750547,0.20366154598411704,160,483
67700,Badr Banoun,Morocco,506,-0.20953229672106222,-0.4100453716799347,0.18783502726417967,0.20879897030291922,215,549
68574,Nicholas Williams Arthuer,Spain,384,-0.08150648799326532,-0.3667954932109283,0.2081282831841923,0.17904604047314726,211,530
74588,Christopher Wooh,Cameroon,337,-0.014753496290576242,-0.2868015327907268,0.5293425767097248,0.28142501524024177,131,510
80484,Iliman Ndiaye,Senegal,360,-0.04837579975115633,-0.4313080800888356,0.3482099718222521,0.22425020115991473,171,536
88123,Cheikh Ahmadou Bamba Mbacke Dieng,Senegal,359,-0.0479230716146721,-0.3644238784819205,0.29006544538321105,0.2048749953205167,179,531
95272,Hiroki Ito,Japan,430,-0.14202369758771705,-0.20710553442195775,-0.011860023919235574,0.06742272433637947,287,439
102816,Mohamed Ali Ben Romdhane,Tunisia,421,-0.12798272926568852,-0.26285942923700645,0.14177067067694754,0.13467951151029184,233,489
105944,Wajdi Kechrida,Tunisia,371,-0.06912241023608004,-0.3555041855263329,0.41415857858905425,0.24267162215903795,158,529
108340,Brandon Aguilera Zamora,Costa Rica,553,-0.4332719209224619,-0.5188459997557253,-0.32026347351757606,0.06087937381974695,505,553
124161,Mehdi Torabi,Iran,472,-0.18113971086379865,-0.3918069289034549,0.08941049806223113,0.15230212263005788,246,538
124167,Ahmad Nourollahi,Iran,347,-0.03270119506682083,-0.3945415335594235,0.427262112955881,0.25789882997634056,154,545
124175,Mohammad Hossein Kanani Zadegan,Iran,518,-0.23166171450958775,-0.2762941998201926,-0.1423967438883782,0.04313141997569177,375,501
124488,Hassan Khalid Al Heidos,Qatar,268,0.12106140663638665,-0.33484950275788256,0.741785002278233,0.3379300969725622,94,529
124492,Karim Boudiaf,Qatar,315,0.01960353918544066,-0.34661746229883755,0.5273109863029037,0.2857001041919755,129,532
124493,Boualem Khoukhi,Qatar,349,-0.03379201669910681,-0.3681206985792568,0.45445098267938855,0.2655793277623258,143,545
124494,Abdelkarim Hassan Al Haj Fadlalla,Qatar,290,0.07116808156031115,-0.3728444944841674,0.7096150249701022,0.320917262604291,104,534
124495,Almoez Ali Zainalabiddin Abdulla,Qatar,292,0.0693529232473254,-0.313665748777998,0.6895260558226781,0.3175443832651869,106,523
124500,Assim Omer Al Haj Madibo,Qatar,455,-0.1710992612335776,-0.3918565624663161,0.1693228267285268,0.18422925611874535,212,539
124503,Bassam Hisham Al Rawi,Qatar,530,-0.24634454148591348,-0.2598519918386391,-0.21932964078046224,0.014489543439327547,422,490
124506,Pedro Miguel Correia,Qatar,303,0.046865635803765765,-0.40595717248300933,0.6670680311637615,0.3281754489088305,106,547
124514,Abdulaziz Hatem Mohammed Abdullah,Qatar,490,-0.19715597145549463,-0.3733617879241334,0.05019428757398946,0.14115130673577156,265,538
124899,Ismaeel Mohammad Mohammad,Qatar,235,0.19869819653231968,-0.3285628064245387,0.8810671221093007,0.3809832203019109,77,519
124900,Homam Alamin Ahmed,Qatar,415,-0.12008626031675568,-0.3776501151349532,0.2599845981946265,0.194585613801402,202,542
124901,Mohammed Muntari,Qatar,516,-0.22739691991994102,-0.36122220927767407,-0.03354639763854464,0.10359681973954835,300,534
125818,Ali Karimi,Iran,432,-0.14495462466623688,-0.39761266207410095,0.19033897683171955,0.17619853497932178,218,538
130185,Keysher Fuller Spence,Costa Rica,166,0.3618722256496847,-0.19885130795157252,1.1994383899163683,0.44217800741415914,51,418
132271,Carlos Manuel Martínez Castro,Costa Rica,527,-0.24408156299022224,-0.2799720015838269,-0.17230068580301278,0.033348586364253155,395,505
132296,Anthony Daniel Contreras Enríquez,Costa Rica,529,-0.2460739687641037,-0.3667789357144533,-0.08599788260392326,0.084136386889663,337,532
132497,Gerson Torres Barrantes,Costa Rica,519,-0.23314326110249936,-0.25169025963079394,-0.19604926404591033,0.01921410380941393,401,482
132728,Jewison Bennette,Costa Rica,550,-0.31411751664650395,-0.4357410194994056,-0.11844156778715653,0.09825987475519875,359,550
132756,Youstin Delfin Salas Gómez,Costa Rica,541,-0.27224629358941066,-0.2890700905213901,-0.23916875131224063,0.015863016786904764,445,512
133229,Ismael Koné,Canada,362,-0.0548526600521204,-0.40382617306255364,0.2941208529583128,0.19446602029810758,188,528
133353,Pablo Martín Páez Gavira,Spain,121,0.5547257189073568,-0.24890225340110833,1.3503299551889423,0.4987310560905951,46,468
139016,Achraf Dari,Morocco,254,0.16829237687681248,-0.47219287327533205,0.8947023721472356,0.42150262563377944,77,550
143854,António João Pereira Albuquerque Tavares Silva,Portugal,498,-0.20081630092197245,-0.22694247522259103,-0.14856395232073522,0.02614208600231209,366,460
149714,Abdessamad Ezzalzouli,Morocco,522,-0.23807221772160334,-0.40409993188340904,-0.04891952586582117,0.10454053003585885,309,541
156734,Bilal El Khannous,Morocco,393,-0.09224560003700719,-0.27209243568865094,0.26744807126628034,0.18906910204911367,191,501
227697,Garang Kuol,Australia,461,-0.1741365841834413,-0.3204894486476976,0.04155943570707593,0.11564079021477831,265,519
296254,Walid Cheddira,Morocco,463,-0.17497223296000897,-0.41711754959726655,0.16039685532121364,0.17311586213828525,230,545
