player_id,xd_total,xd_actions,xd_mean_action_threat,xd90,xd90_pct
11456,7.065347222222222,35,0.40649801587301587,2.3292353479853483,0.09876543209876543
5503,25.60607638888889,143,0.3990554584304584,3.1401374506063497,0.16
29560,32.21725694444444,168,0.4011078042328042,5.975585199560348,0.7407407407407407
2995,9.987118055555555,54,0.3958204732510288,2.948790939909235,0.07352941176470588
27886,35.329479166666665,149,0.4521462527964206,5.756591155969946,0.5294117647058824
19597,30.130381944444444,114,0.4695967348927875,6.822259319049017,0.45794392523364486
7006,4.515520833333333,22,0.38456439393939396,3.7851307823657248,0.16176470588235295
28268,6.986736111111111,27,0.48980195473251026,9.283556840551183,0.9705882352941176
5507,30.440034722222222,107,0.4944152388369678,6.965092690677967,0.5046728971962616
7797,39.48197916666667,185,0.4357150900900901,5.5982220223715995,0.16666666666666666
29201,37.405659722222225,139,0.4740582533972822,5.6675242003367,0.24299065420560748
28263,8.925243055555557,31,0.5101590501792115,6.142004906333633,0.32710280373831774
26404,3.9128125000000002,12,0.5503472222222222,6.203519524368762,0.26666666666666666
38718,54.221041666666665,194,0.5307882302405498,8.11804766129703,0.6222222222222222
27768,23.59826388888889,62,0.5670586917562724,6.341409554615577,0.2336448598130841
3090,64.15743055555556,160,0.6098263888888888,7.86778682381796,0.4766355140186916
7161,4.184097222222222,12,0.5188657407407408,5.3833988563259485,0.14018691588785046
20572,54.134618055555556,137,0.62290399432279,8.45975799450152,0.6261682242990654
16308,24.858541666666667,84,0.5492559523809524,9.506134480560867,0.8333333333333334
227697,2.4119444444444444,11,0.4143623737373737,4.3313934153641505,0.4691358024691358
9980,2.945902777777778,16,0.3741319444444444,3.6311059118922624,0.30864197530864196
33492,18.823125,98,0.3793154761904762,6.2221397526934386,0.8148148148148148
33477,18.980868055555558,87,0.406206098339719,6.407244327061325,0.8271604938271605
5490,34.07774305555556,118,0.49942914312617703,8.20601170568562,0.9506172839506173
8346,12.764097222222222,52,0.4323985042735043,4.7528702937525855,0.3235294117647059
5481,27.094583333333336,120,0.42486111111111113,7.1381543640532765,0.7647058823529411
8859,6.207986111111111,31,0.4205533154121864,6.93056129832541,0.7352941176470589
5479,27.035729166666666,80,0.5676041666666667,6.288733038983417,0.35514018691588783
28370,13.084756944444445,42,0.528587962962963,11.733259299236135,0.9345794392523364
33572,8.40236111111111,22,0.6316603535353535,8.990043590251634,0.8037383177570093
15957,21.54684027777778,55,0.6087058080808081,9.579527210604315,0.8504672897196262
3281,33.06979166666667,113,0.5157724926253687,7.692305621365498,0.5444444444444444
33488,14.938055555555556,60,0.4997453703703704,10.040515309932784,0.9333333333333333
33495,31.91,75,0.6704027777777778,7.422528537583461,0.411214953271028
22293,41.154270833333335,90,0.6744212962962963,9.572821990092615,0.822429906542056
3289,2.6810069444444444,12,0.4290509259259259,3.7988552873261616,0.345679012345679
3457,4.449618055555556,27,0.3436085390946502,2.636376728110599,0.13580246913580246
16559,6.262013888888889,28,0.473561507936508,5.009611111111112,0.6049382716049383
5630,2.788923611111111,15,0.3958101851851852,3.1148267838676316,0.15
5633,9.50982638888889,29,0.5362188697318008,7.346646995708156,0.86
3089,10.088472222222222,50,0.40923611111111113,3.194051946529081,0.17
3621,4.794409722222222,21,0.48057208994708994,3.3492642302716686,0.21
5632,9.2221875,44,0.45520833333333327,7.548857435197817,0.9
3176,19.2134375,55,0.5810795454545454,7.955264721668456,0.7009345794392523
6989,19.722083333333334,61,0.5284665300546447,6.244092987804878,0.3364485981308411
48347,6.744027777777778,27,0.509863683127572,5.5320902324168335,0.12222222222222222
2954,8.719444444444445,32,0.4886284722222222,7.623866580310881,0.5333333333333333
5642,23.87138888888889,76,0.5666849415204678,7.557780253283303,0.5
3077,25.1803125,55,0.647594696969697,7.972190871247656,0.5046728971962616
20005,25.164375,53,0.6321344339622641,7.967144992964353,0.4953271028037383
6331,15.165277777777778,40,0.6269444444444445,8.189250000000001,0.5794392523364486
3280,20.31996527777778,101,0.3912300605060506,5.571353769992385,0.6666666666666666
3202,4.726284722222222,29,0.34541427203065134,4.027447924885593,0.4074074074074074
4320,8.233402777777778,47,0.3770316193853428,2.6325048848362846,0.05
29976,7.239027777777777,29,0.5071000957854406,4.915838782696176,0.52
25305,3.242326388888889,14,0.44221230158730157,3.8752905046480746,0.35802469135802467
10595,16.990069444444444,91,0.38168116605616603,4.6273452867302165,0.44
25363,10.65125,49,0.42497874149659864,5.140932248838039,0.57
25154,1.0408333333333335,6,0.43368055555555557,2.0505290040131343,0.04
18395,12.414270833333333,64,0.4016927083333333,3.6443089154661585,0.14705882352941177
25104,11.2696875,62,0.3859206989247312,5.089171475163071,0.38235294117647056
6945,20.92503472222222,62,0.5366823476702509,9.438288297694621,0.8411214953271028
13620,27.859444444444446,101,0.5258835258525852,6.896218198487278,0.4953271028037383
4324,8.133784722222222,32,0.47881944444444446,5.566143391205171,0.22429906542056074
22600,20.4484375,91,0.45161401098901105,5.773374594792429,0.2
11183,2.3489930555555554,10,0.41284722222222225,3.2675328438948985,0.056074766355140186
3063,14.677083333333334,44,0.5322916666666667,4.5406044113434545,0.1308411214953271
25142,4.159965277777778,20,0.503263888888889,4.460645849880858,0.044444444444444446
9904,12.757430555555556,49,0.507234977324263,7.580339458626762,0.5111111111111111
11493,9.864722222222223,26,0.621607905982906,7.257425068119892,0.3644859813084112
3247,11.002361111111112,32,0.5698784722222222,9.892232767232768,0.9
5539,34.16673611111111,118,0.5063265065913372,7.517127403846154,0.4666666666666667
3295,23.868368055555557,67,0.5368521973466004,5.251352163461538,0.11214953271028037
4372,24.12138888888889,67,0.5658322968490879,4.771088971099959,0.06542056074766354
11174,9.101979166666668,28,0.5293154761904761,4.987891972802924,0.5925925925925926
3499,12.032361111111111,55,0.4411300505050505,4.0110346317673935,0.3950617283950617
3551,8.93329861111111,45,0.42587191358024695,4.532538992765198,0.42
4935,10.688402777777778,55,0.3803724747474747,4.2899788167087864,0.35
16015,6.5261458333333335,34,0.41537990196078434,5.847218765555002,0.5735294117647058
30016,11.975729166666667,34,0.5675857843137254,8.796101400979328,0.9264705882352942
13454,29.626215277777778,82,0.5908621273712737,9.114200564006152,0.8130841121495327
16346,19.569270833333334,67,0.5140080845771144,6.020284994018116,0.29906542056074764
3141,21.56704861111111,88,0.4719065656565657,7.016209560816917,0.4111111111111111
12623,13.286180555555557,42,0.5357969576719577,8.894789858666007,0.7777777777777778
8591,9.135972222222223,30,0.5424768518518519,7.332676872770512,0.4444444444444444
28966,6.4174652777777785,28,0.47286706349206353,10.036001303214599,0.9222222222222223
7472,19.150625,48,0.6435763888888889,8.955865159781762,0.7383177570093458
7426,26.948263888888892,56,0.6861111111111111,12.602461678358019,0.9906542056074766
74588,10.214548611111113,23,0.7016153381642513,9.183909840159842,0.7663551401869159
7551,9.398750000000001,26,0.6499198717948718,8.450424575424577,0.6074766355140186
23640,7.080659722222222,42,0.3861937830687831,3.1607474993800113,0.20987654320987653
16459,6.328090277777778,30,0.41793981481481485,3.9985592674935644,0.38271604938271603
12365,15.674826388888889,87,0.35055475734355046,4.950524184115101,0.3382352941176471
24024,15.493541666666667,72,0.4512731481481482,5.162920394939833,0.4264705882352941
9922,7.4958680555555555,39,0.3858529202279202,4.030036589008363,0.20588235294117646
44703,21.648645833333333,77,0.4970102813852814,6.837214147853549,0.4766355140186916
16120,13.156840277777778,49,0.5054776077097506,7.24451284796574,0.5700934579439252
29758,3.4880902777777782,25,0.3250694444444444,2.972804214015152,0.018691588785046728
12770,7.845104166666667,40,0.44229166666666664,5.398695361284568,0.1111111111111111
11187,11.630902777777779,38,0.48280336257309947,8.350867570801755,0.7111111111111111
31684,14.672326388888889,42,0.5526620370370371,8.04207901948843,0.6111111111111112
16252,3.7186805555555558,22,0.35224116161616165,5.592000835421889,0.15555555555555556
133229,5.011423611111112,27,0.4370241769547325,3.6944283276450514,0.022222222222222223
11846,20.06111111111111,58,0.5525981800766284,6.335828751900807,0.22429906542056074
23828,25.339375,59,0.6115289548022599,8.002843899871328,0.514018691588785
5595,6.256631944444445,24,0.5011574074074074,7.6890788575330005,0.9382716049382716
132296,9.751770833333333,46,0.4288496376811594,6.60971036776704,0.8641975308641975
5581,17.4525,79,0.460456223628692,5.371224210646303,0.6419753086419753
132497,4.353159722222222,21,0.5043816137566137,6.115260796045786,0.72
132728,9.8378125,52,0.42940705128205126,7.420615658611538,0.89
108340,10.030868055555556,40,0.5443055555555556,8.668056889102257,0.95
5839,27.75621527777778,79,0.6138669127988748,8.705556281582158,0.9117647058823529
132271,5.916111111111111,20,0.5578472222222223,11.832222222222223,0.9439252336448598
130185,22.842083333333335,70,0.5582440476190477,7.6732348367029575,0.6728971962616822
132756,8.798923611111112,27,0.6033822016460905,12.65694925412893,0.9813084112149533
5836,21.243993055555556,58,0.5984794061302682,7.083954705446462,0.5327102803738317
5582,27.21777777777778,73,0.6035625951293759,9.419726975581622,0.8222222222222222
6328,26.020937500000002,56,0.6694940476190476,9.388191521346965,0.7850467289719626
5600,17.327881944444446,53,0.5975956498951782,8.021479854264896,0.5327102803738317
27163,15.5696875,32,0.74140625,14.008049400199937,1.0
5598,31.76996527777778,71,0.6871429968701095,9.710636355917813,0.8411214953271028
7693,13.212430555555557,61,0.4233663479052824,4.705033302558693,0.5555555555555556
8654,4.2384375,19,0.3888706140350877,6.773472181118675,0.8765432098765432
22041,12.949722222222222,70,0.3799900793650794,4.560950952256718,0.5061728395061729
5474,45.95576388888889,180,0.4487114197530865,6.0220127884685395,0.71
5460,10.657152777777778,65,0.35297542735042736,2.0047594579530417,0.02
28914,9.919756944444446,41,0.47788787262872634,5.884509227727124,0.68
16527,8.5290625,41,0.44814532520325207,4.09795689118249,0.33
11603,24.988298611111112,100,0.4614861111111111,7.7239159988551815,0.92
5456,52.98961805555556,217,0.48389176907322073,7.3379648031798945,0.8088235294117647
3441,10.675,55,0.4068371212121212,4.23704520396913,0.34
5463,46.67010416666667,196,0.46902636054421765,6.244265671456888,0.6764705882352942
12625,35.87524305555556,106,0.5350170335429769,7.3303432912062965,0.5981308411214953
11127,10.846979166666667,40,0.453125,8.068001033057852,0.719626168224299
49337,4.378611111111111,18,0.431983024691358,4.09854394175767,0.102803738317757
29163,48.43871527777778,139,0.5847097322142286,6.984860673467208,0.514018691588785
5469,52.795833333333334,184,0.5394021739130435,8.33813465138044,0.7
33018,84.39520833333334,205,0.6355030487804878,10.545251290001621,0.8878504672897196
3471,51.34770833333334,115,0.6296105072463768,7.404337347788935,0.3925233644859813
37148,6.665590277777778,14,0.6295138888888889,6.239242069682787,0.21495327102803738
5732,7.021805555555556,32,0.4014756944444444,6.028259141494437,0.7530864197530864
6302,6.135208333333334,33,0.3913825757575758,4.364970355731225,0.48148148148148145
4447,3.318611111111111,21,0.33758267195767194,2.706206584113561,0.14814814814814814
17042,6.621840277777777,30,0.4240509259259259,4.467508433283357,0.37
27569,12.274861111111111,61,0.37509676684881604,5.175626610447412,0.58
18722,4.712777777777777,18,0.4810570987654321,4.604487063506423,0.2647058823529412
24443,10.594826388888889,48,0.44768518518518513,5.865497488209965,0.67
3043,14.024826388888888,66,0.42530513468013464,4.340558373452544,0.22058823529411764
16554,21.7003125,77,0.47633928571428574,7.395032658084058,0.6355140186915887
16190,17.262291666666666,51,0.5198733660130719,6.633201095851421,0.411214953271028
3570,24.202673611111113,74,0.577149024024024,7.4905110900962875,0.8235294117647058
24547,8.014097222222222,26,0.4982104700854701,12.7470176730486,1.0
5527,4.108333333333333,17,0.4813112745098039,8.120424597364568,0.6333333333333333
3959,22.768020833333335,54,0.5978780864197532,7.046498882393398,0.35514018691588783
8247,27.56329861111111,74,0.5593562312312312,8.530594480742778,0.6355140186915887
5534,8.533159722222223,20,0.5884027777777778,12.002881609794219,0.9719626168224299
17043,6.544791666666667,19,0.6046600877192982,6.063111168296448,0.205607476635514
28559,13.973298611111112,75,0.3524398148148148,4.801515272033089,0.5
34396,13.248819444444445,69,0.3537087359098229,5.280362019337221,0.6296296296296297
31152,18.70826388888889,99,0.39825687429854095,5.983453269367449,0.6176470588235294
40211,5.813506944444445,26,0.4134882478632479,5.084699951409135,0.36764705882352944
12803,3.6560069444444445,20,0.40493055555555557,4.441493250843645,0.23529411764705882
37945,4.000381944444444,16,0.4954861111111111,7.141177685950415,0.7794117647058824
24085,21.794027777777778,80,0.4883680555555555,6.801580650754205,0.4485981308411215
37737,20.190034722222222,86,0.4179182816537468,6.578542659747782,0.3925233644859813
37726,21.38954861111111,82,0.4893377371273712,6.803131258098714,0.36666666666666664
36148,4.643194444444444,20,0.47159722222222217,5.860974754558205,0.23333333333333334
12583,2.7886458333333333,11,0.5292613636363637,5.5772916666666665,0.14444444444444443
30111,21.858333333333334,46,0.6315670289855072,6.82164942495521,0.2897196261682243
23830,12.235312500000001,51,0.5130106209150327,5.751779185165841,0.18888888888888888
38004,24.21125,70,0.5771726190476191,7.555958504305611,0.4392523364485981
51969,11.024722222222222,30,0.576087962962963,9.161819021237303,0.7570093457943925
3616,2.3296875,14,0.38705357142857144,3.2348450758549756,0.24691358024691357
9638,8.184826388888888,34,0.4542687908496732,6.606586322869955,0.78
3318,6.315,33,0.34996843434343433,3.3350611246943767,0.19
22084,15.993611111111111,78,0.40957086894586897,4.9411007494707935,0.53
10955,16.621388888888887,70,0.4079662698412698,3.5489106796884267,0.2839506172839506
3233,5.197951388888889,27,0.4071887860082305,2.9250664339308043,0.1
4354,11.305625000000001,55,0.4094128787878788,3.6928608153883387,0.25
7843,11.117604166666666,62,0.3880712365591398,4.880899390243902,0.51
3532,10.766909722222223,53,0.42453485324947593,3.4579108183656486,0.1323529411764706
3382,16.56041666666667,69,0.4214221014492754,3.2601622311337963,0.04672897196261682
30714,30.77284722222222,144,0.42798996913580245,6.269273937976307,0.2777777777777778
3308,14.083506944444444,52,0.49724893162393163,5.588282570357852,0.2336448598130841
3336,32.48590277777778,76,0.6086440058479532,6.443958233846382,0.2523364485981308
3205,15.138506944444444,45,0.534945987654321,5.416999370485721,0.21495327102803738
3943,24.841145833333336,90,0.49284722222222227,4.973202369035702,0.07777777777777778
4706,4.022013888888889,16,0.4753472222222222,7.263837792642141,0.4222222222222222
3244,21.08940972222222,49,0.6579152494331065,4.082845606424551,0.04672897196261682
10956,2.043784722222222,8,0.5038194444444445,3.631601678183613,0.028037383177570093
3009,12.454375,76,0.3699013157894737,1.7131189821182942,0.012345679012345678
22097,14.010486111111112,77,0.3673926767676768,6.177563893198335,0.8024691358024691
3604,20.795555555555556,93,0.40788903823178013,4.326231844974381,0.4567901234567901
5487,48.07840277777778,197,0.46669663000564016,7.383425049057248,0.88
5477,23.75215277777778,131,0.4004426420695505,4.771637834821429,0.49
7345,1.7402430555555555,8,0.47152777777777777,2.005401728553137,0.03
8217,15.699270833333333,66,0.47724116161616165,6.873363264147885,0.8
2972,13.573958333333334,59,0.4120939265536723,6.727799449288666,0.7205882352941176
7153,4.107569444444445,16,0.4710069444444444,5.894465851714059,0.5882352941176471
6704,46.362430555555555,144,0.5781057098765432,7.60732680036463,0.6635514018691588
3026,44.270208333333336,161,0.5011840062111801,7.528235710911668,0.4777777777777778
24778,21.469583333333333,71,0.513512323943662,12.358570514870483,0.9719626168224299
5476,2.9303125,10,0.46729166666666666,2.9777356981558145,0.028037383177570093
7439,9.12232638888889,22,0.5810290404040405,7.438925173663546,0.6542056074766355
4445,38.61704861111111,112,0.5762152777777778,6.756263162157784,0.42990654205607476
11990,22.079375000000002,97,0.4889926975945017,7.738600960602326,0.5555555555555556
10481,40.79232638888889,143,0.5174703768453768,5.54397006266831,0.13333333333333333
5485,30.91013888888889,65,0.663659188034188,5.108175725302975,0.102803738317757
11135,33.158611111111114,75,0.6279953703703703,9.020933044485867,0.7476635514018691
8519,54.318333333333335,137,0.6498707420924574,9.433299028751529,0.8130841121495327
8966,4.1721875,27,0.3326003086419753,3.3402242401779088,0.2716049382716049
8546,2.043645833333333,12,0.29756944444444444,1.986622412241224,0.04938271604938271
39565,13.607395833333333,78,0.3611378205128205,4.46849534784724,0.38
5562,13.524340277777778,72,0.3775848765432099,6.03415991902834,0.7654320987654321
8400,15.474305555555556,74,0.3837180930930931,5.095198170731708,0.56
3053,6.684930555555556,26,0.47705662393162396,4.744200946247866,0.47
10287,9.46295138888889,49,0.38852749433106576,4.481271375953696,0.4
8227,3.7020833333333334,22,0.3652462121212121,6.158733826247689,0.6617647058823529
12034,20.26670138888889,87,0.4229685504469987,7.287267778665601,0.5887850467289719
5579,17.362951388888888,73,0.42688831811263317,5.315189200680272,0.19626168224299065
8507,3.691076388888889,17,0.42722630718954246,4.075201901451646,0.09345794392523364
6322,18.576527777777777,56,0.5609126984126984,5.813575775137641,0.27102803738317754
8511,9.462118055555555,35,0.4969742063492063,12.282557091346154,0.9626168224299065
6324,9.391111111111112,39,0.46676460113960117,4.917288858722002,0.06666666666666667
3167,17.242118055555554,48,0.5968171296296296,5.278199404761904,0.12149532710280374
24118,7.815416666666667,26,0.5377403846153846,6.5319996904503945,0.2616822429906542
17033,20.049618055555555,96,0.45162037037037034,7.078186290533473,0.85
44225,4.092256944444444,22,0.38203914141414147,4.625955097341428,0.43
35658,4.6634722222222225,15,0.5171064814814815,5.3614541196508405,0.61
6393,13.000104166666667,62,0.4005712365591398,4.289152715830634,0.43209876543209874
3347,14.0715625,60,0.41868055555555556,6.359229851870449,0.77
3450,11.453923611111112,54,0.43064557613168725,7.034139372227909,0.84
12325,16.2834375,56,0.5026785714285714,6.85832325871617,0.48598130841121495
23615,11.078576388888889,29,0.5890924329501916,11.392937059607693,0.9158878504672897
33602,13.2396875,39,0.585496794871795,10.618492870934208,0.9065420560747663
28616,6.676354166666667,19,0.528344298245614,10.118527224249227,0.9444444444444444
45047,18.735555555555557,68,0.5491625816993464,10.168040201005024,0.8691588785046729
31029,30.280069444444447,91,0.5611683455433456,10.285737875070767,0.9555555555555556
30519,35.576145833333335,74,0.664724099099099,10.63032246015936,0.9065420560747663
6383,26.690694444444446,85,0.5562459150326797,7.975307104913679,0.5888888888888889
2989,12.981458333333334,24,0.688888888888889,10.573133484162897,0.897196261682243
3709,28.290868055555556,68,0.6695057189542484,8.45344663014608,0.616822429906542
5224,5.468888888888889,23,0.4104317632850242,3.5490926571325563,0.2962962962962963
5226,24.017187500000002,106,0.43095518867924526,7.084716076696164,0.9012345679012346
5240,2.2531250000000003,11,0.4413825757575758,3.694769207409657,0.26
5231,1.9802777777777776,9,0.37982253086419754,3.084366887799249,0.14
5239,6.2039583333333335,27,0.431983024691358,7.818290548424738,0.93
23874,12.837048611111111,55,0.47931186868686865,5.482447208161974,0.47058823529411764
124161,7.588993055555556,29,0.518977490421456,7.124576234353269,0.75
5235,19.51152777777778,61,0.573320810564663,8.692537744410528,0.7850467289719626
5230,14.024756944444444,59,0.4679319679849341,5.050259235796213,0.16822429906542055
23538,9.819340277777778,31,0.540445788530466,8.573069927243333,0.7757009345794392
5720,23.477222222222224,80,0.5431944444444444,9.96752889378096,0.8598130841121495
125818,9.97875,40,0.490625,7.622754279247418,0.5222222222222223
5722,18.21,66,0.524084595959596,6.824484697064335,0.37777777777777777
124167,20.66604166666667,71,0.5094043427230047,8.277453271028039,0.6777777777777778
5220,25.681770833333335,64,0.6229166666666667,7.5757436086529,0.4485981308411215
5222,5.445069444444444,15,0.573587962962963,7.027575286806883,0.34579439252336447
124175,4.9746875,10,0.7164583333333334,7.708267575322813,0.4672897196261682
5228,29.62979166666667,81,0.6373328189300411,8.740351524090462,0.6915887850467289
8949,9.690451388888889,47,0.41166518912529554,4.68012141132278,0.5308641975308642
38285,4.438993055555556,22,0.3670138888888889,8.877986111111111,0.9629629629629629
30628,19.291215277777777,104,0.402590811965812,9.58349241030359,0.9876543209876543
31090,9.809236111111112,50,0.4443472222222222,9.809236111111112,0.98
8361,19.639895833333334,84,0.430109126984127,7.623306318286372,0.91
9411,21.11746527777778,99,0.4433466610549944,5.63605557752187,0.64
8776,5.011041666666667,19,0.5458881578947369,6.123472505091651,0.73
37122,2.2544444444444447,16,0.35225694444444444,2.47993481360766,0.04411764705882353
3530,15.578784722222222,44,0.5235164141414141,11.589122124259537,0.9252336448598131
23527,26.075868055555556,93,0.496598715651135,6.776212102983638,0.4392523364485981
37209,2.9669097222222223,15,0.3965509259259259,4.337117623172713,0.11214953271028037
5690,14.648472222222223,55,0.4870896464646465,6.282903097696586,0.34579439252336447
37208,15.698402777777778,56,0.5198412698412699,8.160509722757029,0.6555555555555556
37221,29.882361111111113,105,0.5187466931216931,9.01378337615909,0.7888888888888889
37211,21.814722222222223,76,0.5553910818713451,10.548894062863795,0.897196261682243
23721,37.36052083333333,133,0.5149984335839599,10.31372693113849,0.9666666666666667
29595,28.133784722222224,72,0.6076003086419752,8.685749099536906,0.6822429906542056
37215,15.557638888888889,29,0.693690134099617,6.422387432153505,0.24299065420560748
95272,0.4254166666666667,3,0.35451388888888896,0.7456183057448881,0.009345794392523364
23730,18.094305555555557,44,0.6068497474747475,8.047874969112923,0.5420560747663551
3300,42.28013888888889,88,0.638794191919192,9.224384873338451,0.7757009345794392
26400,7.0247222222222225,35,0.374593253968254,4.307687940040882,0.4444444444444444
5568,2.2562152777777778,8,0.40868055555555555,2.5579597942473224,0.12345679012345678
5571,17.591215277777778,92,0.38304649758454107,5.922598821622295,0.69
15452,3.0360763888888886,13,0.4564369658119658,2.807330907534246,0.08
26301,12.802013888888888,59,0.4321033427495292,5.933980686695279,0.7
26280,8.106562499999999,40,0.41604166666666664,9.551699214488325,0.97
26297,2.7371875,11,0.43607954545454547,5.09156476059249,0.39705882352941174
26406,13.608958333333334,40,0.5237499999999999,6.68927498634626,0.4205607476635514
30500,5.257743055555555,19,0.4356542397660819,6.124204594477998,0.3177570093457944
5576,26.396875,97,0.49388960481099653,8.149978559176672,0.7383177570093458
28825,18.829097222222224,77,0.45898719336219335,5.813443396226416,0.2222222222222222
5575,12.600104166666666,50,0.4684583333333333,6.801335715713714,0.35555555555555557
15872,5.259861111111111,19,0.5179641812865498,8.511612226550795,0.7333333333333333
5567,19.692743055555557,65,0.5208386752136752,9.67262256685465,0.8555555555555555
5573,17.9540625,49,0.6062712585034014,5.543278301886792,0.14953271028037382
26368,23.506944444444446,54,0.6169110082304528,7.257718696397942,0.37383177570093457
11388,5.162777777777778,16,0.5548611111111111,4.815857661081362,0.07476635514018691
59493,5.528090277777778,25,0.3847361111111111,5.69254147597254,0.6790123456790124
296254,7.739166666666668,28,0.5450892857142857,9.197073063380282,0.9753086419753086
21736,5.252395833333334,27,0.38722993827160496,4.695850579470198,0.5432098765432098
6301,40.33756944444445,170,0.4536805555555556,6.555204038640946,0.8518518518518519
149714,12.957951388888889,53,0.4896291928721174,10.907706547155104,1.0
3625,30.88048611111111,145,0.4496671455938698,5.830581293706295,0.5588235294117647
5237,45.680625,215,0.42384205426356586,6.204421122792898,0.74
21214,1.784340277777778,10,0.37006944444444445,3.139601661779081,0.10294117647058823
156734,5.765000000000001,20,0.5189583333333333,9.427922471229559,0.9852941176470589
46258,39.59638888888889,160,0.49539930555555556,6.0478150190920665,0.6323529411764706
23774,42.25361111111111,168,0.47903439153439153,8.975277318857684,0.9558823529411765
31295,31.09947916666667,95,0.5736074561403509,7.992822212174575,0.7102803738317757
3634,16.30607638888889,51,0.5224332788671023,7.551699185248715,0.8529411764705882
15890,35.758541666666666,103,0.5585052588996764,8.540297434763378,0.7663551401869159
5245,64.49920138888889,215,0.5518136304909561,8.784697525726394,0.794392523364486
5219,47.67545138888889,102,0.6704180283224401,8.832725066044533,0.7009345794392523
5234,66.13020833333333,228,0.5531980994152047,8.522137436460397,0.7444444444444445
7459,32.26229166666667,68,0.6733455882352941,8.652844690573161,0.6728971962616822
12149,26.951979166666668,53,0.7126375786163522,6.570389034355109,0.27102803738317754
139016,24.323194444444447,55,0.6356755050505051,10.92086555250686,0.9252336448598131
67700,7.336701388888889,16,0.6315972222222223,9.388196090047392,0.794392523364486
2988,11.162083333333333,67,0.3483364427860697,3.1832717190388164,0.2222222222222222
3264,4.346736111111111,26,0.35868055555555556,4.266928740229049,0.41975308641975306
8259,5.687951388888889,31,0.3846214157706093,2.334848916761688,0.1111111111111111
7829,9.051875,40,0.45687500000000003,10.511854838709677,1.0
20033,3.6183680555555555,16,0.3951388888888889,5.709873611922852,0.7037037037037037
20750,28.099270833333335,112,0.4343005952380952,5.4950951544562345,0.63
4318,8.1228125,37,0.4437781531531532,3.6304574987584837,0.22
8125,32.179409722222225,124,0.46042786738351255,5.684106260835433,0.2523364485981308
3311,35.84583333333333,137,0.48953010948905107,7.129820619543998,0.5420560747663551
8118,36.045069444444444,140,0.5025496031746032,6.495257283011311,0.34444444444444444
7745,9.589583333333334,47,0.44505762411347516,4.068490729101194,0.03333333333333333
7891,21.36996527777778,89,0.4757685705368289,7.94696043660905,0.5777777777777777
6994,22.630034722222224,76,0.536750730994152,10.401956716036773,0.9777777777777777
8069,5.649652777777778,16,0.5611111111111111,4.919078523057078,0.09345794392523364
21809,45.576006944444444,140,0.5562400793650794,10.019151502198339,0.8598130841121495
3306,46.554965277777775,119,0.6138276143790851,8.276165805240979,0.5887850467289719
3669,44.80295138888889,94,0.6753472222222222,7.913903290700338,0.48598130841121495
5668,24.747430555555557,93,0.4308281063321386,5.7146087235407315,0.7160493827160493
8836,3.575902777777778,18,0.395408950617284,7.151805555555556,0.9135802469135802
5665,5.143368055555555,25,0.3841805555555555,3.9739859064243817,0.17647058823529413
31955,14.681215277777778,67,0.45024357379767826,5.209525726113813,0.4411764705882353
50502,6.400625000000001,28,0.49122023809523807,7.786297589547196,0.8676470588235294
28453,1.6740972222222223,6,0.5734953703703703,2.9533240770989875,0.08823529411764706
4664,15.069791666666667,57,0.5185489766081871,10.0502500926269,1.0
5660,21.27621527777778,81,0.5087662894375857,5.5597175175417375,0.4852941176470588
7979,17.176805555555557,70,0.44106150793650795,6.073516893661604,0.6470588235294118
5673,34.347430555555555,92,0.5911382850241546,8.452247767043382,0.7570093457943925
11737,26.28857638888889,77,0.5757620851370852,9.857531595028124,0.8888888888888888
3637,31.44434027777778,102,0.5471881808278867,8.13488418052029,0.6444444444444445
3034,34.94909722222222,66,0.6926031144781145,8.070349583066067,0.5607476635514018
4734,31.254097222222224,87,0.5735432630906769,7.217110327132778,0.5607476635514018
44166,25.10809027777778,52,0.6962873931623932,5.998747345367667,0.19626168224299065
5207,7.056979166666666,37,0.36359797297297297,2.097516925363276,0.06172839506172839
38803,9.131006944444444,47,0.36373374704491723,4.781095462038205,0.5802469135802469
18360,4.040763888888889,19,0.4031980994152047,2.932418357747614,0.11
10868,6.231493055555555,37,0.3509102852852853,4.0669642857142865,0.32
12041,11.345972222222223,55,0.39148358585858584,3.0012858822376804,0.12
4272,5.169965277777778,28,0.3651289682539683,4.952601117615753,0.55
5204,25.029861111111114,108,0.449292695473251,5.851896350175347,0.66
40874,1.6353819444444446,9,0.43630401234567906,1.78261253532499,0.014705882352941176
3193,20.082395833333333,103,0.4096379449838188,4.730216239204396,0.3088235294117647
34639,6.8244444444444445,30,0.452662037037037,4.658912768647282,0.27941176470588236
11184,12.45045138888889,64,0.4217013888888889,5.677456299611553,0.5147058823529411
5209,12.126875,48,0.48090277777777773,3.594726080035132,0.06542056074766354
7005,22.8628125,78,0.47769764957264954,5.9720015237266,0.2897196261682243
16028,20.46472222222222,62,0.526198476702509,6.827052573052449,0.4672897196261682
9927,18.047743055555557,66,0.4908354377104377,5.914419984221387,0.24444444444444444
12169,6.952673611111111,24,0.5376157407407408,9.893132411067194,0.9111111111111111
5214,18.143680555555555,61,0.5348417577413479,6.912365951742628,0.3888888888888889
20016,29.587708333333335,72,0.6094907407407407,6.840502847112216,0.29906542056074764
5206,23.4678125,60,0.6021527777777779,5.382297196857084,0.1308411214953271
143854,7.5309027777777775,17,0.6157883986928104,6.988636363636364,0.3364485981308411
13621,8.265659722222223,24,0.5589120370370371,7.430424920925588,0.4205607476635514
124901,5.593506944444445,23,0.4436443236714976,6.474799035369776,0.8395061728395061
124495,13.419340277777778,66,0.4120054713804714,5.2192766853932575,0.6172839506172839
40784,7.116701388888889,43,0.38939760981912147,2.2286121259568548,0.08641975308641975
124514,6.4279166666666665,29,0.4659123563218391,2.788012048192771,0.058823529411764705
124488,17.432986111111113,73,0.5177178462709284,7.504035472299724,0.8382352941176471
124899,9.67013888888889,36,0.4653163580246914,4.818561409984314,0.14953271028037382
124900,11.283993055555555,48,0.47876157407407405,3.713196983546618,0.08411214953271028
124506,20.108020833333335,59,0.5996645480225989,6.614480537280702,0.2803738317757009
124492,13.800277777777778,48,0.5490162037037037,6.341175970047653,0.28888888888888886
124493,36.00697916666667,75,0.6938472222222223,11.275671972860128,0.9439252336448598
124500,21.00743055555556,75,0.5698101851851852,11.827768220206446,0.9888888888888889
124494,25.596041666666668,69,0.6286684782608696,8.015461899791234,0.5233644859813084
124503,9.067291666666668,18,0.6146990740740741,8.56152736492394,0.6448598130841121
51469,14.135555555555555,77,0.3793335137085137,5.694717994628469,0.691358024691358
54144,4.668958333333333,22,0.42017045454545454,4.68109450427033,0.46
51705,4.749826388888889,22,0.45110479797979797,8.771909199726403,0.96
51632,2.187152777777778,12,0.4012731481481482,4.374305555555556,0.36
5187,15.676458333333334,72,0.4636574074074074,4.725778764026128,0.29411764705882354
51099,15.625972222222222,61,0.479377276867031,4.9670502707793736,0.35294117647058826
5178,2.110451388888889,12,0.36956018518518513,3.986162119622246,0.19117647058823528
5713,26.32510416666667,83,0.5372113453815262,7.935888042203987,0.8823529411764706
5191,7.920034722222223,24,0.554050925925926,10.185326863538938,0.8785046728971962
57620,8.789479166666666,26,0.5399839743589744,5.410760088919289,0.205607476635514
51710,25.661041666666666,80,0.5476041666666667,7.735701725004188,0.6915887850467289
5183,11.263472222222223,34,0.484906045751634,10.281059837728197,0.8878504672897196
51096,4.159652777777778,15,0.49525462962962963,8.319305555555555,0.6888888888888889
51470,9.998750000000001,29,0.5900502873563219,14.608563311688311,1.0
56755,19.085833333333333,64,0.5498697916666667,9.09972629348402,0.8
51094,27.060277777777777,66,0.6007680976430977,11.55233615305558,0.9626168224299065
51103,6.0988541666666665,13,0.6374198717948718,10.428693001899935,0.8785046728971962
5715,15.21625,42,0.5941964285714286,5.779542097488922,0.17757009345794392
51546,21.588402777777777,48,0.694502314814815,9.64405815684977,0.8317757009345794
13314,6.610625000000001,29,0.4087284482758621,6.142012216104612,0.7901234567901234
88123,8.597881944444445,44,0.40375631313131316,6.129183168316832,0.7777777777777778
2941,15.954270833333334,89,0.3651568352059925,3.9317753970427165,0.3
80484,7.0903125000000005,41,0.3516006097560976,4.520921891604677,0.41
20758,10.689583333333333,61,0.40469603825136613,5.288479157123224,0.6
50498,4.077083333333333,13,0.4963942307692308,5.37506103515625,0.62
20611,12.280208333333334,54,0.415162037037037,3.3486403575215875,0.2
3436,22.87034722222222,105,0.4524239417989418,7.02302388399204,0.83
3404,31.873368055555556,105,0.5219477513227514,7.406988316047683,0.6448598130841121
32915,24.198888888888888,65,0.5903258547008546,7.345775479228738,0.616822429906542
21026,11.448229166666668,46,0.4522192028985507,5.9534319626348235,0.25555555555555554
4506,18.777881944444445,74,0.5199418168168168,5.741171016872381,0.17777777777777778
31751,16.124791666666667,54,0.5423225308641976,9.60020672546858,0.8444444444444444
3684,7.9662500000000005,20,0.6627083333333335,9.796800273286268,0.8777777777777778
15970,10.16638888888889,21,0.7051752645502646,7.535827041866851,0.42990654205607476
5675,53.02590277777778,117,0.6415034425451092,12.32258359512846,0.9813084112149533
8553,23.06732638888889,57,0.631073343079922,5.955704637819748,0.18691588785046728
6319,1.5002430555555555,5,0.3934027777777778,2.93207111834962,0.18518518518518517
4269,12.040138888888889,58,0.37505986590038315,3.8781240679988067,0.37037037037037035
18015,1.7251041666666669,13,0.32139423076923074,1.8039431642137875,0.037037037037037035
3831,11.236215277777777,59,0.3910958097928437,3.732502614419291,0.27
5589,19.89496527777778,77,0.4814619408369409,7.38268365173172,0.87
5591,11.083715277777777,52,0.4451655982905983,5.217684813878477,0.18691588785046728
6318,14.860555555555555,55,0.47148358585858585,6.306247544204324,0.3644859813084112
5833,3.3463194444444446,11,0.46587752525252524,3.6923017981201474,0.07476635514018691
6901,12.789618055555556,42,0.49055886243386243,8.006484755390678,0.6
6687,21.26357638888889,79,0.5113704289732771,7.314052646665392,0.43333333333333335
7993,5.352881944444444,20,0.5524305555555555,7.375749553457514,0.6261682242990654
27719,24.816423611111112,77,0.5327606421356421,8.833213861973503,0.7102803738317757
16489,7.3966666666666665,26,0.5729967948717949,6.485143692157817,0.3333333333333333
6321,17.5140625,46,0.6437047101449275,6.886263106159896,0.32710280373831774
5603,27.940833333333334,72,0.5895833333333333,8.563510982462114,0.6542056074766355
40542,18.006805555555555,90,0.38781635802469133,5.4489632950406275,0.654320987654321
29966,6.618055555555555,36,0.3525848765432099,4.706637692611616,0.5679012345679012
3083,14.248715277777778,65,0.4468215811965812,3.291118632105736,0.18
3135,3.0936458333333334,17,0.4058210784313725,4.943973808819178,0.54
22067,3.4989583333333334,17,0.43768382352941176,6.997916666666667,0.81
41711,9.137083333333333,47,0.3631427304964539,6.3272954603744544,0.76
5620,10.188055555555556,46,0.4764341787439614,7.302296256968409,0.7941176470588235
5623,19.1078125,93,0.4018257168458781,8.093355361204804,0.94
22740,8.526840277777778,49,0.4000354308390023,4.512882240517494,0.25
40538,23.952881944444446,72,0.5268904320987654,6.32775121080182,0.37383177570093457
40672,35.1725,103,0.5281654530744336,8.124021557808291,0.7289719626168224
5986,4.178784722222222,15,0.48432870370370373,7.680543737236214,0.6822429906542056
23763,23.258541666666666,102,0.4447099673202614,5.812751654556393,0.2111111111111111
40558,7.895381944444445,30,0.4940509259259259,7.932104651162791,0.5666666666666667
5618,26.612847222222225,91,0.528598137973138,7.533912188728705,0.4888888888888889
5604,23.877291666666668,52,0.6563301282051283,5.758446474029745,0.16822429906542055
43565,21.617708333333333,53,0.6285180817610063,6.863975127888517,0.3177570093457944
40564,8.704895833333333,16,0.6838541666666667,7.377030367231639,0.38317757009345793
5719,5.5803819444444445,38,0.3328033625730994,2.11943047545365,0.07407407407407407
3477,7.123541666666667,36,0.36724537037037036,3.192292531120333,0.2345679012345679
16532,16.89267361111111,88,0.3792929292929293,3.915880553766903,0.29
30756,1.8542708333333333,10,0.33979166666666666,3.0069256756756757,0.13
6748,6.9629513888888885,45,0.3459336419753086,2.7753127767936223,0.07
68574,7.141597222222223,40,0.3640972222222222,4.0483545034642034,0.31
133353,19.48638888888889,94,0.4241947399527187,5.976401431248935,0.6029411764705882
30486,22.60170138888889,103,0.44949770765911545,5.462280142320087,0.45588235294117646
5211,17.35097222222222,68,0.46889297385620915,5.767281176905084,0.2616822429906542
39161,10.108541666666666,40,0.4720833333333333,6.353873239436619,0.38317757009345793
6583,2.1859375,15,0.3395138888888889,1.9278233708966193,0.029411764705882353
3957,4.249131944444445,21,0.3594080687830688,2.6730326770736252,0.009345794392523364
6840,6.2684375,30,0.44784722222222223,4.584797846403901,0.14018691588785046
5199,2.2350694444444446,10,0.3792361111111111,3.0828544061302683,0.011111111111111112
5721,5.1646875,25,0.43295833333333333,3.1442291431792566,0.037383177570093455
5203,21.050520833333334,78,0.5106036324786325,4.99507019818078,0.1
6765,25.845034722222223,70,0.5922519841269841,5.61916445222853,0.1588785046728972
4353,13.302291666666667,34,0.5575367647058824,3.777470288178376,0.037383177570093455
6892,3.449097222222222,11,0.5350694444444444,3.199643532039168,0.018691588785046728
5543,2.689826388888889,12,0.40081018518518524,2.8073178391959797,0.16049382716049382
5545,13.706319444444444,73,0.3690877092846271,3.7363887626836285,0.32098765432098764
50436,8.862847222222223,40,0.49513888888888885,10.783996169445697,0.99
30401,15.211145833333333,60,0.46715277777777775,4.7708768949294305,0.48
16026,13.308125,64,0.43854166666666666,4.478616166022685,0.39
29006,3.312743055555556,20,0.39006944444444447,5.106712103910935,0.4117647058823529
3533,8.825173611111111,38,0.4538559941520468,3.4003523011059587,0.11764705882352941
7796,29.37986111111111,81,0.5602066186556928,9.381541600141919,0.8317757009345794
3913,10.906527777777779,35,0.5533234126984128,5.9622646284673015,0.2803738317757009
5544,22.043472222222224,65,0.5471207264957265,5.217618567546244,0.17757009345794392
3500,21.370381944444446,69,0.497307769726248,4.975212869152834,0.08888888888888889
6983,28.72451388888889,105,0.5052810846560847,7.470614795549777,0.45555555555555555
5538,5.195138888888889,16,0.48680555555555555,6.444693314955202,0.32222222222222224
5549,29.407500000000002,69,0.6437650966183576,6.8463246389308035,0.308411214953271
5537,16.246597222222224,37,0.5871715465465466,10.063274260151411,0.8691588785046729
8814,23.001597222222223,49,0.6536635487528345,10.773581837106429,0.9158878504672897
29012,5.4609375,15,0.6084027777777778,8.85823445479123,0.719626168224299
3196,3.7370833333333335,22,0.36676136363636364,3.7975630410237113,0.3333333333333333
16352,16.543506944444445,71,0.419889475743349,7.582967277820219,0.9259259259259259
23910,11.171041666666667,46,0.4708786231884058,5.710301495645589,0.65
3557,5.207291666666666,30,0.3764583333333333,3.685370249017039,0.24
102816,5.746458333333333,27,0.40914351851851855,7.001551218411553,0.82
35592,10.4184375,43,0.4549660852713178,6.265682425659873,0.75
9236,10.796458333333334,37,0.518552927927928,7.34545483180043,0.6074766355140186
30681,30.143125,85,0.5376838235294118,12.698773209549072,0.9906542056074766
5647,7.561875000000001,22,0.4849431818181818,6.627840447979224,0.40186915887850466
105944,11.045034722222223,29,0.5896671455938697,7.278885464974372,0.5794392523364486
44955,27.766770833333332,88,0.5491477272727273,9.714951567966828,0.8666666666666667
5650,4.7340625,22,0.4928977272727273,6.97134919552768,0.4
3767,27.845555555555556,105,0.513614417989418,8.450376531415083,0.7222222222222222
32450,37.16253472222222,88,0.6227904040404041,11.27782890300101,0.9532710280373832
5655,9.115694444444445,33,0.5020728114478115,4.816983070750563,0.08411214953271028
25582,11.350868055555555,21,0.6861276455026455,9.948821214088621,0.8504672897196262
5651,36.28826388888889,86,0.6274144056847546,11.012511239743736,0.9345794392523364
22168,8.219305555555556,40,0.4024305555555555,4.553164751743947,0.49382716049382713
22008,10.650347222222223,47,0.42886377068557924,5.921123751673015,0.7283950617283951
22433,1.4384722222222224,9,0.39957561728395063,2.8769444444444447,0.1728395061728395
8246,13.56670138888889,78,0.37744836182336183,3.630516254522028,0.23
24243,10.264930555555555,51,0.40691040305010895,6.721307748272098,0.79
3377,9.748611111111112,51,0.4063657407407407,2.76005347873958,0.06
34339,1.2682986111111112,10,0.2934027777777778,1.8008973179069154,0.01
8526,17.53201388888889,75,0.42881018518518516,5.7681639554012065,0.5441176470588235
38792,26.647708333333334,120,0.4504166666666667,6.573068929289239,0.7058823529411765
4614,35.08475694444444,117,0.5380134140550807,8.174736257335175,0.7476635514018691
21881,24.52513888888889,89,0.4826349875156055,7.176533542863337,0.5514018691588785
3658,2.36625,10,0.4289583333333333,4.478706624605679,0.12149532710280374
13035,3.319652777777778,14,0.524156746031746,4.864620081411126,0.05555555555555555
12751,37.86392361111111,149,0.4969635533184191,8.711025370654397,0.7666666666666667
18242,35.02326388888889,91,0.5868398962148962,8.057499360940696,0.5514018691588785
15971,9.588368055555556,24,0.5728009259259259,8.639610795928583,0.6635514018691588
12524,32.38604166666667,65,0.6549839743589744,9.400377606966245,0.8037383177570093
5246,8.015868055555556,28,0.4571924603174603,4.625527623423808,0.5185185185185185
6297,0.9541319444444445,6,0.35636574074074073,1.7572689290586627,0.024691358024691357
4319,4.938125,24,0.4222222222222222,3.127228216254251,0.19753086419753085
32478,12.905833333333334,60,0.39145833333333335,4.660703537751623,0.45
36288,11.066597222222223,53,0.3797235324947589,5.208264336761375,0.59
5258,10.650902777777778,44,0.4802714646464646,8.116691363251483,0.8970588235294118
5255,20.151944444444446,76,0.494718567251462,8.812803692905733,0.9411764705882353
7104,35.06659722222222,105,0.5593287037037037,11.971148375268681,0.9532710280373832
5260,23.673958333333335,84,0.5127480158730159,9.197077338129498,0.8111111111111111
5248,7.676111111111111,19,0.6491045321637428,7.065109936935403,0.5233644859813084
6773,21.333819444444444,80,0.49326388888888884,6.441298574224209,0.3111111111111111
5259,29.562256944444446,71,0.6104998043818467,8.92570240424937,0.7289719626168224
28729,3.859965277777778,18,0.519945987654321,6.354820884146341,0.3
5264,11.67420138888889,36,0.5518904320987654,4.98621272640987,0.1588785046728972
6300,9.686493055555555,25,0.6231805555555556,4.352393285072391,0.056074766355140186
5249,13.129270833333333,29,0.5886135057471265,7.408365987460814,0.40186915887850466
3853,19.55673611111111,89,0.39234160424469416,6.992410448255313,0.8888888888888888
6399,9.168298611111112,36,0.44556327160493825,3.331010731346297,0.25925925925925924
29377,3.7106944444444445,24,0.3490740740740741,2.8662208553854955,0.09
11252,6.970972222222223,33,0.4397832491582491,3.768470317349084,0.28
3517,19.95013888888889,84,0.48801256613756616,6.381019368595629,0.6911764705882353
9540,10.482361111111112,33,0.5472748316498316,5.641294598365558,0.5
34794,21.919340277777778,76,0.5105080409356726,9.116878803050142,0.822429906542056
4774,14.471840277777778,40,0.5694444444444444,6.042989290133004,0.308411214953271
10931,9.69263888888889,29,0.5560464559386974,8.260771780303031,0.6666666666666666
4934,25.488263888888888,72,0.5533179012345679,8.637920484498556,0.7555555555555555
3086,24.16371527777778,71,0.557682902973396,8.321687659438776,0.5981308411214953
4767,26.753611111111113,69,0.6120420692431562,8.11489636578105,0.5700934579439252
11250,25.0478125,58,0.6394755747126437,7.597494102117621,0.45794392523364486
6909,55.95027777777778,105,0.8613657407407407,6.861323068537947,0.225
3240,52.781215277777775,96,0.8558449074074074,12.277344927848377,0.85
3509,31.533854166666664,57,0.8685489766081872,9.983748387664166,0.75
5547,29.165555555555557,59,0.8407191619585688,6.64559686062703,0.175
3067,8.243333333333334,18,0.854513888888889,7.411588411588413,0.3
8064,6.458854166666667,12,0.8586805555555556,6.040494024939385,0.05
15326,30.08284722222222,55,0.8684532828282829,13.791270481365142,0.95
15958,28.8309375,56,0.8584821428571429,9.105571558076967,0.525
5597,50.03263888888889,91,0.8602831196581198,15.292706741382238,1.0
16531,74.28225694444444,138,0.8612369162640903,9.281629624916121,0.6
3815,34.62996527777778,64,0.8557725694444445,10.717664632049518,0.8
37522,20.27340277777778,39,0.8639868233618235,6.32701699127319,0.125
3468,33.690729166666664,63,0.85067791005291,6.234747686771761,0.075
3099,62.559236111111105,110,0.8648169191919192,9.166934630413545,0.55
3543,7.222916666666666,15,0.8578472222222223,6.330749878266515,0.15
5570,23.350347222222222,43,0.8516069121447029,7.148065476190476,0.25
8108,32.982708333333335,58,0.8620330459770116,9.85539093625498,0.7
5227,10.085694444444444,17,0.8682393790849674,7.622498250524842,0.35
125823,19.89003472222222,37,0.8671265015015016,9.623348042290118,0.675
25719,48.409756944444446,86,0.8682735788113696,10.561702052442326,0.775
5577,20.19847222222222,41,0.8533621273712737,6.236234991423671,0.1
6785,57.3225,106,0.8591784591194969,8.553469286247202,0.475
5233,9.005277777777778,17,0.8652982026143792,8.510413020651034,0.45
8326,60.89895833333333,112,0.8615327380952381,10.757069608452456,0.825
5669,53.64895833333333,96,0.8670138888888889,12.38847017318794,0.875
32975,42.49621527777778,78,0.85551103988604,7.814996679607684,0.375
124510,21.303784722222222,39,0.851664886039886,9.981816702819959,0.725
124496,7.083576388888889,14,0.8475694444444445,6.688461706592062,0.2
5714,44.65909722222222,82,0.8463838075880759,13.46279936359069,0.925
7379,35.611875,66,0.8590593434343435,8.275772474932221,0.425
20600,41.115625,77,0.8464691558441559,12.60141750383109,0.9
37641,39.941319444444446,72,0.8610339506172839,9.225506865135378,0.575
11748,24.28048611111111,46,0.8486564009661837,5.27900410677618,0.025
5550,30.289201388888888,55,0.866635101010101,9.52213352156954,0.65
17974,9.630104166666666,18,0.8656250000000001,8.641170239282152,0.5
105943,23.576006944444444,42,0.8597387566137568,7.154683460717095,0.275
12352,32.36277777777778,61,0.8578836520947177,7.445424335378323,0.325
36710,26.685243055555556,49,0.8681193310657597,8.057048504333238,0.4
3488,21.433055555555555,41,0.8606792005420055,9.515621146098825,0.625
9914,16.880902777777777,29,0.8694564176245211,13.895865091463413,0.975
