player,old_rating,new_rating,rating_difference,functional_role,old_global_rank,new_global_rank,rank_improvement
Lautaro Javier Martínez,0.2955981619186159,0.5676262099950731,0.2720280480764572,Target Forward / Penalty-Box Anchor,10,42,-32
Lionel Andrés Messi Cuccittini,0.2832002233375635,0.7738668800393582,0.4906666567017947,Progressive Winger,13,1,12
Julián Álvarez,0.2512696594005877,0.5327948593592183,0.2815251999586306,Pressing Forward,28,117,-89
Ángel Fabián Di María Hernández,0.229003193674625,0.6357339467342342,0.40673075305960926,Progressive Winger,53,6,47
Alexis Mac Allister,0.138651322030382,0.4870328717621149,0.3483815497317329,Ball-Winner,183,258,-75
Marcos Javier Acuña,0.1344012783054284,0.6147944713706117,0.48039319306518335,Attacking Wingback,187,10,177
Alejandro Darío Gómez,0.1159427842659972,0.4699430071348152,0.354000222868818,Ball-Winner,200,322,-122
Exequiel Alejandro Palacios,0.0962873498872212,0.4590322140552891,0.3627448641680679,Holding Anchor,235,351,-116
Nicolás Alejandro Tagliafico,0.0925079392192148,0.5764227464529426,0.48391480723372776,Wide Creator,241,29,212
Rodrigo Javier De Paul,0.0867618748889333,0.6104156809832599,0.5236538060943267,Deep Playmaker,250,11,239
Nahuel Molina Lucero,0.0523015088224754,0.47930695340879126,0.42700544458631584,Deep Playmaker,311,294,17
Gonzalo Ariel Montiel,0.031104358671338,0.5239677493585733,0.4928633906872353,Deep Playmaker,367,138,229
Guido Rodríguez,0.0197799987640298,0.4295862280046675,0.4098062292406377,Deep Playmaker,405,441,-36
Enzo Fernandez,0.019005545463961,0.45806760444359806,0.43906205897963707,Holding Anchor,408,355,53
Lisandro Martínez,0.0023973094788555,0.46507167604800226,0.46267436656914673,Sweeper CB,464,334,130
Nicolás Hernán Otamendi,-0.0074652601596832,0.4198000736713221,0.4272653338310053,Sweeper CB,498,473,25
Germán Alejandro Pezzella,-0.0079056342826292,0.41943859576111125,0.42734423004374045,Sweeper CB,500,475,25
Cristian Gabriel Romero,-0.0398365530193916,0.29662651982571187,0.33646307284510346,Ball-Playing Centre-Back,547,553,-6
Leandro Daniel Paredes,-0.0526350405773118,0.40650918053703555,0.45914422111434733,Holding / Controlling Midfielder,553,505,48
Garang Kuol,0.233812907409114,0.4859087878979158,0.2520958804888018,Pressing Forward,50,265,-215
Jamie MacLaren,0.2232095051150626,0.4729660716255286,0.24975656651046602,Target Forward,62,308,-246
Mitchell Thomas Duke,0.2037273845590748,0.4494418881633122,0.2457145036042374,Target Forward / Penalty-Box Anchor,90,380,-290
Riley McGree,0.1776092171130373,0.43585249525864234,0.25824327814560505,Pressing Forward,124,417,-293
Jackson Irvine,0.135349876471172,0.36883727775301695,0.23348740128184495,Pressing Forward,186,544,-358
Craig Goodwin,0.1214350292568079,0.49543019959765733,0.37399517034084945,Wide Creator,194,232,-38
Mathew Leckie,0.1124287067958401,0.46548162316274205,0.35305291636690195,Target Forward,207,332,-125
Ajdin Hrustic,0.0978645301826337,0.45636443314192965,0.35849990295929596,Ball-Winner,230,361,-131
Aziz Eraltay Behich,0.0605924232823276,0.5376605932396458,0.47706816995731816,Wide Creator,283,97,186
Fran Karačić,0.0521921488294857,0.540044485960345,0.48785233713085935,Attacking Wingback,312,85,227
Nathaniel Atkinson,0.0452932669920998,0.4922220530129221,0.4469287860208223,Deep Playmaker,338,244,94
Miloš Degenek,0.0337177881035346,0.481105328686657,0.4473875405831224,Deep Playmaker,360,285,75
Aaron Mooy,0.0138554640107816,0.41971881091585417,0.4058633469050726,Holding Anchor,431,474,-43
Keanu Baccus,-0.0106395381333865,0.38792108284523663,0.3985606209786231,Deep Playmaker,508,531,-23
Kye Rowles,-0.0289164564147389,0.3599274215376196,0.3888438779523585,Sweeper CB,544,546,-2
Harry Souttar,-0.044626276984318,0.3100330516255549,0.35465932860987287,Sweeper CB,548,552,-4
Romelu Lukaku Menama,0.2948640417983207,0.5141029543797682,0.21923891258144745,Target Forward / Penalty-Box Anchor,11,172,-161
Michy Batshuayi Tunga,0.2668193335572012,0.5200046045764426,0.2531852710192414,Target Forward,21,152,-131
Leandro Trossard,0.2122115301711577,0.4751212867328698,0.2629097565617121,Progressive Winger,77,302,-225
Dries Mertens,0.198970042480656,0.5673881271488723,0.36841808466821635,Target Forward,94,43,51
Yannick Ferreira Carrasco,0.1774597852627864,0.5132277112295869,0.3357679259668005,Ball-Winner,125,176,-51
Kevin De Bruyne,0.1717371006845423,0.5610094717432955,0.38927237105875323,Progressive Winger,132,50,82
Eden Hazard,0.1657474026717107,0.5187538336168287,0.35300643094511797,Progressive Winger,147,158,-11
Thorgan Hazard,0.163125252275997,0.5286769863887973,0.36555173411280034,Progressive Winger,152,126,26
Thomas Meunier,0.046259284811424,0.5075859392252852,0.46132665441386117,Attacking Wingback,333,193,140
Timothy Castagne,0.0415042580045549,0.4849870999750955,0.44348284197054055,Attacking Wingback,349,270,79
Amadou Onana,0.0210255935544579,0.43842773024863324,0.41740213669417536,Holding Anchor,397,411,-14
Youri Tielemans,0.0184924939767777,0.42295727396268196,0.40446477998590424,Holding Anchor,414,468,-54
Axel Witsel,0.0066882602055712,0.389216862756263,0.38252860255069177,Holding Anchor,444,530,-86
Jan Vertonghen,-0.0041549547002676,0.4137033299319341,0.4178582846322017,Sweeper CB,486,488,-2
Toby Alderweireld,-0.0168887522601849,0.41089937390245634,0.4277881261626412,Ball-Playing Centre-Back,527,495,32
Leander Dendoncker,-0.0182907919733558,0.38760028654166034,0.40589107851501616,Sweeper CB,529,532,-3
Richarlison de Andrade,0.2760746434018856,0.5369444196305702,0.26086977622868457,Pressing Forward,15,99,-84
Gabriel Fernando de Jesus,0.2735481171658244,0.49899194959992993,0.22544383243410554,Pressing Forward,17,217,-200
Neymar da Silva Santos Junior,0.2447858697600262,0.648411449280198,0.4036255795201718,Progressive Winger,35,4,31
Gabriel Teodoro Martinelli Silva,0.2395619868916851,0.5943041589287138,0.35474217203702874,Progressive Winger,39,17,22
Pedro Guilherme Abreu dos Santos,0.2169599378016282,0.48172286165270417,0.26476292385107597,Target Forward,67,282,-215
Raphael Dias Belloli,0.2087964681367911,0.601422047248623,0.39262557911183193,Progressive Winger,84,14,70
Antony Matheus dos Santos,0.1910442913079725,0.5724126093961011,0.38136831808812854,Progressive Winger,102,36,66
Éverton Augusto de Barros Ribeiro,0.1877710603681464,0.5471384387331051,0.3593673783649587,Progressive Winger,106,71,35
Vinícius José Paixão de Oliveira Júnior,0.1821359186439392,0.6163286719956034,0.4341927533516642,Progressive Winger,117,9,108
Rodrygo Silva de Goes,0.1776166227143148,0.5746924016518496,0.3970757789375349,Progressive Winger,123,32,91
Alex Sandro Lobo Silva,0.0592133204472843,0.5312284634943385,0.4720151430470542,Attacking Wingback,289,121,168
Éder Gabriel Militão,0.0546340961626546,0.5099132335778622,0.45527913741520765,Two-Way Fullback,301,188,113
Daniel Alves da Silva,0.0528122849201446,0.5236554215223963,0.4708431366022517,Deep Playmaker,309,140,169
Lucas Tolentino Coelho de Lima,0.0512578000414816,0.519141565677693,0.46788376563621137,Holding Anchor,315,154,161
Alex Nicolao Telles,0.0504598032854227,0.5067718805908338,0.45631207730541107,Wide Creator,320,195,125
Danilo Luiz da Silva,0.0493842936040225,0.5023084150203483,0.45292412141632576,Attacking Wingback,322,207,115
Bruno Guimarães Rodriguez Moura,0.0492324380896411,0.48349221302346224,0.4342597749338211,Deep Playmaker,323,277,46
Frederico Rodrigues Santos,0.0338774844382855,0.4726061778499076,0.43872869341162213,Ball-Winner,359,310,49
Gleison Bremer Silva Nascimento,0.0307006511423505,0.454909168449779,0.42420851730742853,Sweeper CB,369,365,4
Fábio Henrique Tavares,0.0245565817237573,0.42956007017166425,0.40500348844790696,Ball-Winning Midfielder,381,442,-61
Carlos Henrique Casimiro,0.0139354500246662,0.4516903345589856,0.43775488453431943,Holding Anchor,430,373,57
Thiago Emiliano da Silva,-4.636752142291294e-05,0.4639405612081145,0.4639869287295374,Ball-Playing Centre-Back,473,337,136
Marcos Aoás Corrêa,-0.0031915078464294,0.4811109022070342,0.4843024100534636,Ball-Playing Centre-Back,482,284,198
Vincent Paté Aboubakar,0.2248513316320753,0.48820234609578717,0.2633510144637119,Target Forward,58,254,-196
Jean-Eric Maxim Choupo-Moting,0.1859757055598243,0.4515025960149919,0.2655268904551676,Target Forward,109,375,-266
Karl Brillant Toko Ekambi,0.1740396737940733,0.5550184514930574,0.3809787776989841,Ball-Winner,129,59,70
Bryan Mbeumo,0.1470141075677496,0.5105738312788024,0.36355972371105283,Progressive Winger,173,184,-11
Nicolas Moumi Ngamaleu,0.1083489422089917,0.4830797272798091,0.37473078507081736,Ball-Winner,216,279,-63
Martin Hongla Yma II,0.0928370456951795,0.4535854547273966,0.36074840903221705,Holding Anchor,240,369,-129
Nouhou Tolo,0.037609583171176,0.47042107177021175,0.43281148859903573,Wide Creator,355,317,38
Ngoran Suiru Fai Collins,0.0340732621737656,0.4738868855636057,0.4398136233898401,Deep Playmaker,357,304,53
André-Frank Zambo Anguissa,0.0339980855164702,0.45155497934007727,0.41755689382360706,Box-to-Box / Engine Midfielder,358,374,-16
Pierre Kunde Malong,0.0232784852447771,0.4707693297581394,0.4474908445133623,Box-to-Box / Engine Midfielder,387,314,73
Samuel Yves Oum Gwet,0.0176174853628017,0.4231185801039149,0.4055010947411132,Holding Anchor,419,467,-48
Gaël Ondoua,0.0165367932594403,0.4248714929845706,0.4083346997251303,Holding Anchor,422,461,-39
Nicolas Alexis Julio N'Koulou Ndoubena,-0.0089589001759921,0.4041898638433763,0.4131487640193684,Sweeper CB,503,508,-5
Jean-Charles Castelletto,-0.0172107298901623,0.3979740814183569,0.4151848113085192,Sweeper CB,528,518,10
Christopher Wooh,-0.0253546454232781,0.3868839696544929,0.412238615077771,Sweeper CB,540,534,6
Enzo Ebosse,-0.0256366623856389,0.3903484767677765,0.4159851391534154,Sweeper CB,541,528,13
Jonathan David,0.3186020410426784,0.5555702609586869,0.23696821991600847,Target Forward,3,56,-53
Cyle Larin,0.2283844461829435,0.49790436429571067,0.26951991811276715,Target Forward / Penalty-Box Anchor,55,221,-166
Alphonso Davies,0.1529000110212909,0.5511190216573418,0.3982190106360509,Box-to-Box / Engine Midfielder,167,67,100
Tajon Buchanan,0.1310522030834241,0.5340594826272452,0.4030072795438211,Progressive Winger,188,111,77
David Junior Hoilett,0.1092571634421938,0.49820891050205834,0.38895174705986457,Progressive Winger,214,220,-6
Alistair Johnston,0.0801551181001054,0.5570024854172329,0.47684736731712746,Attacking Wingback,259,54,205
Richie Laryea,0.0752892512244006,0.5463556183080895,0.47106636708368893,Attacking Wingback,266,72,194
Sam Adekugbe,0.0559014963366229,0.518105232128621,0.46220373579199814,Attacking Wingback,296,160,136
Jonathan Osorio,0.0325682630120217,0.4336494966057682,0.4010812335937465,Ball-Winner,364,423,-59
Stephen Antunes Eustáquio,0.0245214420590819,0.4566110652084826,0.4320896231494007,Holding / Controlling Midfielder,383,359,24
Atiba Hutchinson,0.021916871990588,0.437670479967374,0.415753607976786,Holding Anchor,391,413,-22
Mark Anthony Kaye,0.0218093737047274,0.4355179273633176,0.4137085536585902,Box-to-Box / Engine Midfielder,392,419,-27
Ismael Koné,0.02115034007327,0.428012899908947,0.406862559835677,Holding Anchor,396,445,-49
Steven de Sousa Vitoria,-0.0234859171431071,0.38355479106005286,0.40704070820315996,Sweeper CB,539,536,3
Kamal Miller,-0.0286478984630057,0.38148147137930905,0.41012936984231474,Ball-Playing Centre-Back,543,538,5
Johan Alberto Venegas Ulloa,0.2142427242930273,0.4641174538777678,0.24987472958474052,Pressing Forward,72,335,-263
Anthony Daniel Contreras Enríquez,0.1957516069752487,0.44349804505215584,0.24774643807690713,Target Forward,99,395,-296
Joel Nathaniel Campbell Samuels,0.1651883098772832,0.41568581865588206,0.2504975087785989,Progressive Winger,150,481,-331
Gerson Torres Barrantes,0.153635921510481,0.5101332643286524,0.35649734281817136,Ball-Winner,165,186,-21
Jewison Bennette,0.1500404650855871,0.5157418359592647,0.3657013708736776,Ball-Winner,171,164,7
Brandon Aguilera Zamora,0.1420568416152207,0.48806308712027857,0.3460062455050579,Pressing Attacker,177,255,-78
Yeltsin Ignacio Tejeda Valverde,0.0582127463237041,0.3689138765124076,0.3107011301887035,Holding Anchor,292,543,-251
Carlos Manuel Martínez Castro,0.0485185271421255,0.49930808109598385,0.45078955395385834,Deep Playmaker,325,216,109
Keysher Fuller Spence,0.0400116173667865,0.46943135559166604,0.42941973822487955,Deep Playmaker,352,324,28
Youstin Delfin Salas Gómez,0.0391098664654821,0.4937644920036661,0.45465462553818403,Two-Way Fullback,353,239,114
Bryan Oviedo,0.0245525853897495,0.44287421332289395,0.4183216279331444,Wide Creator,382,396,-14
Celso Borges Mora,0.0002407946980998,0.3741803160642126,0.3739395213661128,Holding Anchor,470,541,-71
Kendall Jamaal Waston Manley,-9.962808104384269e-06,0.41816439520962045,0.41817435801772485,Sweeper CB,471,477,-6
Francisco Javier Calvo Quesada,-0.0123052950730249,0.4172823196544628,0.4295876147274877,Sweeper CB,517,480,37
Juan Pablo Vargas Campos,-0.0146519386586259,0.40625540083316714,0.42090733949179304,Sweeper CB,521,506,15
Óscar Esau Duarte Gaitán,-0.0202141761696623,0.3875906363325412,0.4078048125022035,Sweeper CB,533,533,0
Bruno Petković,0.2771144402385478,0.5309225139635975,0.25380807372504965,Target Forward,14,124,-110
Ante Budimir,0.2514795499514086,0.4882498508307813,0.23677030087937273,Target Forward / Penalty-Box Anchor,27,253,-226
Marko Livaja,0.2128046798841937,0.49357455537520867,0.28076987549101495,Target Forward,75,241,-166
Ivan Perišić,0.2088215298561997,0.6034856503947108,0.3946641205385111,Wide Creator,83,13,70
Andrej Kramarić,0.1772332135183142,0.5090943209636231,0.33186110744530883,Ball-Winner,126,190,-64
Lovro Majer,0.155660261362076,0.5347462802308748,0.3790860188687988,Progressive Winger,163,108,55
Mislav Oršić,0.1446032616290016,0.5461730217222442,0.40156976009324263,Progressive Winger,175,73,102
Mario Pašalić,0.117742799908471,0.4589240127716463,0.34118121286317526,Linking Attacker,197,352,-155
Mateo Kovačić,0.1159912764835005,0.4946797385571178,0.3786884620736173,Deep Playmaker / Metronome,199,235,-36
Nikola Vlašić,0.1033192604785544,0.4894379915685868,0.3861187310900324,Ball-Winner,224,251,-27
Luka Modrić,0.0846826570988761,0.45272493110258516,0.36804227400370904,Deep Playmaker / Metronome,252,371,-119
Borna Sosa,0.065871348668716,0.5513673145778707,0.48549596590915467,Attacking Wingback,276,66,210
Borna Barišić,0.0531469044080762,0.519747313475632,0.4666004090675558,Wide Creator,307,153,154
Josip Stanišić,0.0505580702737123,0.49695929023957325,0.44640121996586096,Deep Playmaker,317,227,90
Josip Juranović,0.0316667767988583,0.43802682511470226,0.40636004831584394,Attacking Wingback,366,412,-46
Marcelo Brozović,0.007095342782573,0.40392071697074594,0.39682537418817293,Box-to-Box / Engine Midfielder,442,510,-68
Joško Gvardiol,-2.050863702496037e-05,0.4579531652687786,0.45797367390580357,Ball-Playing Centre-Back,472,356,116
Dejan Lovren,-0.006844795178764,0.42430023576396636,0.4311450309427304,Sweeper CB,496,463,33
Josip Šutalo,-0.0163978190245424,0.40434860806708744,0.42074642709162985,Sweeper CB,526,507,19
Andreas Evald Cornelius,0.3233310534744719,0.5337345889860796,0.21040353551160773,Target Forward / Penalty-Box Anchor,2,115,-113
Kasper Dolberg,0.2542011655043222,0.5166742757053115,0.26247311020098935,Pressing Forward,24,161,-137
Martin Braithwaite Christensen,0.2225392317804809,0.47214163852709956,0.24960240674661865,Target Forward,64,312,-248
Andreas Skov Olsen,0.197537761473311,0.5544161229404382,0.35687836146712715,Progressive Winger,97,62,35
Jesper Lindstrøm,0.1569057578174442,0.518778221556243,0.3618724637387988,Progressive Winger,160,157,3
Mathias Jensen,0.141347114512777,0.5123148396928452,0.37096772518006815,Progressive Winger,178,178,0
Mikkel Damsgaard,0.1291218250739494,0.4843734410961912,0.35525161602224176,Wide Creator,189,272,-83
Christian Dannemann Eriksen,0.121358151781881,0.4986999532291675,0.37734180144728646,Progressive Winger,195,218,-23
Joakim Mæhle,0.0756169424405246,0.5343839287936281,0.4587669863531035,Attacking Wingback,265,110,155
Rasmus Nissen Kristensen,0.0723300750871705,0.5479893239827535,0.475659248895583,Attacking Wingback,268,69,199
Pierre-Emile Højbjerg,0.0682283870160944,0.41085346165585285,0.34262507463975844,Holding Anchor,270,496,-226
Alexander Hartmann Bah,0.0653875681060059,0.5387110279394806,0.4733234598334747,Attacking Wingback,278,92,186
Thomas Delaney,0.0308841582803358,0.43913880242282766,0.40825464414249185,Holding Anchor,368,408,-40
Andreas Christensen,0.0196847383129897,0.480182372360949,0.4604976340479593,Ball-Playing Centre-Back,406,290,116
Joachim Andersen,0.0047817035835144,0.4587035700007806,0.45392186641726623,Sweeper CB,450,353,97
Simon Thorup Kjær,-0.0095102011291672,0.42535750642064135,0.4348677075498085,Ball-Playing Centre-Back,504,457,47
Victor Nelsson,-0.0099688403507358,0.41461457993045836,0.42458342028119417,Sweeper CB,507,484,23
Enner Remberto Valencia Lastra,0.2246030881664866,0.5711393822386381,0.34653629407215153,Target Forward,59,37,22
Michael Steveen Estrada Martínez,0.2045293383415908,0.44863664746985227,0.24410730912826148,Target Forward,88,382,-294
Gonzalo Jordy Plata Jiménez,0.1184907870473171,0.4994300233448735,0.38093923629755644,Box-to-Box / Engine Midfielder,196,215,-19
Jeremy Leonel Sarmiento Morante,0.111722143897069,0.4842143065884127,0.37249216269134366,Progressive Winger,212,274,-62
Romario Andrés Ibarra Mina,0.1110484622734742,0.478173684092077,0.3671252218186028,Wide Creator,213,297,-84
Alan Steven Franco Palma,0.0968591383984109,0.4554223538615956,0.3585632154631847,Ball-Winner,233,364,-131
Pervis Josué Estupiñán Tenorio,0.0885293788191802,0.5858050345976343,0.4972756557784541,Attacking Wingback,245,20,225
Angelo Smit Preciado Quiñónez,0.059717651119828,0.5553740743045112,0.4956564231846832,Deep Playmaker,286,58,228
Moisés Isaac Caicedo Corozo,0.0447178957482255,0.4676402582130966,0.42292236246487114,Holding Anchor,340,325,15
José Adoni Cifuentes Charcopa,0.0214192521448861,0.4288823043089105,0.4074630521640244,Deep Playmaker,394,444,-50
Carlos Armando Gruezo Arboleda,0.0198748699570497,0.4309205027733281,0.41104563281627843,Holding Anchor,404,432,-28
Felix Eduardo Torres Caicedo,0.0043598825955808,0.4413476908491146,0.43698780825353384,Sweeper CB,454,401,53
Jhegson Sebastián Méndez Carabalí,0.0013546896150287,0.39309390980780595,0.39173922019277724,Holding Anchor,465,522,-57
Piero Martín Hincapié Reyna,-0.0082180126496536,0.43070294565728184,0.43892095830693545,Sweeper CB,501,434,67
Jackson Gabriel Porozo Vernaza,-0.0203634327303263,0.3832011064088544,0.4035645391391807,Defensive Centre-Back,536,537,-1
Callum Wilson,0.2463110202310978,0.49836076144166574,0.25204974121056795,Progressive Winger,31,219,-188
Jack Grealish,0.2123403570926014,0.5631175457933707,0.3507771887007693,Ball-Winner,76,47,29
Marcus Rashford,0.2109528385833569,0.5924987954791177,0.38154595689576076,Progressive Winger,78,18,60
Bukayo Saka,0.2040401092236635,0.585775338495093,0.3817352292714295,Progressive Winger,89,21,68
Harry Kane,0.1981747583842747,0.475963519374773,0.2777887609904983,Target Forward,95,301,-206
Raheem Sterling,0.1801207265034938,0.5312666702582346,0.3511459437547408,Ball-Winner,119,120,-1
Phil Foden,0.1697989690045946,0.49615352145212777,0.3263545524475332,Ball-Winner,136,230,-94
Mason Mount,0.1641417183598792,0.5337650152297947,0.36962329686991546,Ball-Winner,151,114,37
Jordan Brian Henderson,0.1060331833705,0.46569312599981866,0.35965994262931866,Deep Playmaker,219,331,-112
Luke Shaw,0.1040827638167604,0.5995748207072737,0.49549205689051334,Attacking Wingback,222,16,206
Jude Bellingham,0.0841593585186243,0.5771478568857362,0.4929884983671119,Box-to-Box / Engine Midfielder,254,27,227
Kieran Trippier,0.0673331737268393,0.5419813345298742,0.4746481608030349,Deep Playmaker,272,81,191
Harry Maguire,0.0460393585857715,0.5561806181617446,0.5101412595759731,Sweeper CB,335,55,280
Kyle Walker,0.0454298258382256,0.5039424617538041,0.4585126359155785,Deep Playmaker,337,203,134
Declan Rice,0.0247773865951741,0.42750038119361455,0.40272299459844046,Holding Anchor,380,447,-67
Kalvin Phillips,0.0182872240680983,0.42592379120675605,0.40763656713865776,Ball-Winner,415,454,-39
John Stones,0.0043483639235073,0.4569652071981365,0.4526168432746292,Ball-Playing Centre-Back,455,358,97
Eric Dier,-0.009574043366388,0.4147084741441271,0.4242825175105151,Sweeper CB,506,482,24
Kylian Mbappé Lottin,0.2992683753181824,0.6558014063071751,0.3565330309889927,Progressive Winger,7,3,4
Randal Kolo Muani,0.2559599393946684,0.5230529258737542,0.2670929864790858,Target Forward / Penalty-Box Anchor,23,142,-119
Olivier Giroud,0.2458174999370918,0.5034732791558075,0.25765577921871574,Target Forward / Penalty-Box Anchor,34,204,-170
Antoine Griezmann,0.1858596786806254,0.5590057791955781,0.3731461005149528,Hybrid Playmaker / Roaming Creator,111,52,59
Ousmane Dembélé,0.182790329361958,0.571081730927936,0.388291401565978,Progressive Winger,116,38,78
Mattéo Guendouzi Olié,0.1595951536977104,0.5120764935353388,0.3524813398376284,Pressing Attacker,157,180,-23
Kingsley Coman,0.1494159518517435,0.5099615877415953,0.3605456358898518,Progressive Winger,172,187,-15
Marcus Thuram,0.1290774975258057,0.5052844476330444,0.3762069501072387,Box-to-Box / Engine Midfielder,190,199,-9
Jordan Veretout,0.0967254920475996,0.45042257146008563,0.353697079412486,Holding Anchor,234,378,-144
Theo Bernard François Hernández,0.0793373790264866,0.5744772005273231,0.49513982150083646,Attacking Wingback,261,33,228
Adrien Rabiot,0.0773884699192788,0.5223640113797562,0.4449755414604774,Holding Anchor,264,146,118
Eduardo Camavinga,0.0531046361413864,0.5238165365694396,0.4707119004280532,Wide Creator,308,139,169
Benjamin Pavard,0.0476297643783119,0.49424441693026977,0.44661465255195787,Deep Playmaker,328,237,91
Axel Disasi,0.0470422829180714,0.4949530309079945,0.4479107479899231,Deep Playmaker,330,233,97
Jules Koundé,0.0297706409517464,0.4299427261900851,0.4001720852383387,Deep Playmaker,374,439,-65
Youssouf Fofana,0.023088831525957,0.442207685244484,0.41911885371852703,Holding Anchor,389,397,-8
Aurélien Djani Tchouaméni,0.0080445956038363,0.41827808512169035,0.41023348951785404,Holding / Controlling Midfielder,441,476,-35
Raphaël Varane,0.004237403517516,0.4703695479319633,0.4661321444144473,Ball-Playing Centre-Back,456,318,138
Ibrahima Konaté,-0.0026077320888414,0.4521863119946419,0.4547940440834833,Ball-Playing Centre-Back,478,372,106
Dayotchanculle Upamecano,-0.015904585189188,0.42000766081308777,0.4359122460022758,Sweeper CB,525,472,53
Kai Havertz,0.3386074836575876,0.5635954971343144,0.22498801347672687,Pressing Forward,1,46,-45
Niclas Füllkrug,0.3043617503176584,0.5352675986475384,0.23090584832987998,Target Forward / Penalty-Box Anchor,4,106,-102
Jamal Musiala,0.2960387042465824,0.669358426581791,0.3733197223352086,Hybrid Playmaker / Roaming Creator,9,2,7
Thomas Müller,0.2677304401322977,0.5070805477839295,0.23935010765163184,Pressing Forward,20,194,-174
Serge Gnabry,0.2349001586915534,0.6335754957994533,0.3986753371078999,Progressive Winger,47,7,40
Leroy Sané,0.2097087236841549,0.5759124774782247,0.3662037537940698,Progressive Winger,81,30,51
İlkay Gündoğan,0.1558982424446766,0.5429792674401587,0.3870810249954821,Linking Attacker,162,78,84
Mario Götze,0.1238676574207375,0.4911775257964601,0.3673098683757226,Progressive Winger,192,246,-54
David Raum,0.0952292193644917,0.5729542458268168,0.47772502646232506,Attacking Wingback,236,34,202
Joshua Kimmich,0.0669740753733715,0.5768693733287961,0.5098952979554245,Attacking Wingback,273,28,245
Lukas Klostermann,0.0504978658845272,0.5109113755734849,0.46041350968895767,Ball-Winner,319,182,137
Niklas Süle,0.0332524397367074,0.4800832178767941,0.4468307781400867,Attacking Wingback,362,291,71
Thilo Kehrer,0.018660151670518,0.4725683216373869,0.4539081699668689,Two-Way Fullback,411,311,100
Leon Goretzka,0.015158199064987,0.4116455362792272,0.3964873372142402,Holding Anchor,427,494,-67
Antonio Rüdiger,0.0096789168200864,0.4463933384838162,0.43671442166372976,Ball-Playing Centre-Back,437,388,49
Nico Schlotterbeck,-0.0076428708516869,0.4385067482257955,0.4461496190774824,Sweeper CB,499,410,89
Mohammed Kudus,0.2153182398069483,0.5840529456877838,0.36873470588083546,Progressive Winger,70,23,47
Osman Bukari,0.1886741330012252,0.5621863660196288,0.3735122330184036,Ball-Winner,104,48,56
Kamaldeen Sulemana,0.1844126112798075,0.5417041858545966,0.3572915745747891,Target Forward,113,82,31
Iñaki Williams Arthuer,0.1789081940514403,0.42793306543145027,0.24902487138000998,Pressing Forward,122,446,-324
André Ayew Pelé,0.1519778340049015,0.4852234979438588,0.33324566393895727,Ball-Winner,169,267,-98
Jordan Ayew,0.1426589133501384,0.5028162478871627,0.36015733453702437,Progressive Winger,176,206,-30
Abdul Rahman Baba,0.0555989213535603,0.5272069557209768,0.47160803436741644,Attacking Wingback,299,132,167
Gideon Mensah,0.0449094494958413,0.49712329508775266,0.45221384559191136,Wide Creator,339,226,113
Tariq Lamptey,0.0416546825344331,0.4941070265252653,0.4524523439908322,Deep Playmaker,348,238,110
Daniel-Kofi Kyereh,0.040347280338303,0.4468719227813876,0.4065246424430846,Deep Playmaker,351,385,-34
Alidu Seidu,0.0334631649002273,0.4871309994823561,0.4536678345821288,Deep Playmaker,361,257,104
Salis Abdul Samed,0.0116612326358572,0.40207938510194985,0.3904181524660926,Holding Anchor,434,515,-81
Mohamed Salisu,0.0046225820887596,0.4610904461006059,0.4564678640118463,Sweeper CB,452,347,105
Thomas Teye Partey,-0.0037467335751467,0.39732268985356917,0.4010694234287159,Holding Anchor,485,519,-34
Alexander Djiku,-0.0153238273507041,0.40214513876262503,0.4174689661133291,Sweeper CB,524,514,10
Daniel Amartey,-0.0522386225308546,0.3237301525516556,0.3759687750825102,Sweeper CB,552,550,2
Sardar Azmoun,0.2398916396006318,0.508617378028327,0.26872573842769515,Target Forward,38,192,-154
Mehdi Taremi,0.2361582103644876,0.5183534638400877,0.28219525347560015,Target Forward,42,159,-117
Saman Ghoddos,0.1789321345179624,0.5443505540327445,0.36541841951478204,Target Forward,121,77,44
Karim Ansarifard,0.1693185927206641,0.5347033037499084,0.3653847110292443,Ball-Winner,139,109,30
Alireza Jahanbakhsh,0.1670202615088757,0.5411201158212475,0.3740998543123718,Ball-Winner,144,83,61
Ali Gholizadeh,0.1126979539624591,0.48660989050537273,0.37391193654291366,Progressive Winger,205,261,-56
Mehdi Torabi,0.0993999520438508,0.4605913004299209,0.36119134838607014,Ball-Winner,228,349,-121
Ramin Rezaeian,0.0594310390024275,0.522996223662305,0.4635651846598775,Attacking Wingback,287,143,144
Ehsan Hajsafi,0.0468588601069104,0.514951070733028,0.4680922106261176,Attacking Wingback,332,167,165
Sadegh Moharrami,0.0455254788128286,0.48973361328971654,0.44420813447688795,Deep Playmaker,336,248,88
Milad Mohammadi,0.0306903248625403,0.47096495914742864,0.44027463428488833,Wide Creator,370,313,57
Ali Karimi,0.0303811679872238,0.43661775843758943,0.40623659045036564,Holding Anchor,373,415,-42
Saeid Ezatolahi Afagh,0.0205336463085344,0.44881971542021515,0.42828606911168077,Holding Anchor,399,381,18
Ahmad Nourollahi,0.0152715493924349,0.4258825228824618,0.4106109734900269,Holding Anchor,426,455,-29
Morteza Pouraliganji,0.0026384254655935,0.4415178400187615,0.438879414553168,Sweeper CB,462,398,64
Roozbeh Cheshmi,-0.0107914575193929,0.4116472578940306,0.42243871541342354,Sweeper CB,510,493,17
Mohammad Hossein Kanani Zadegan,-0.0149061711387425,0.40668993293185834,0.42159610407060083,Sweeper CB,522,504,18
Seyed Majid Hosseini,-0.0190676994453482,0.39167567625044075,0.41074337569578895,Sweeper CB,531,526,5
Takuma Asano,0.2235462428379694,0.49964206690570345,0.27609582406773403,Target Forward,61,213,-152
Ayase Ueda,0.222692788165271,0.4841302436362728,0.2614374554710018,Target Forward,63,275,-212
Daizen Maeda,0.2073024145060201,0.4632406546149344,0.2559382401089143,Target Forward,85,340,-255
Takefusa Kubo,0.1575029697663949,0.5144360112503282,0.35693304148393334,Target Forward,159,170,-11
Ritsu Doan,0.1520439563980931,0.5225719172274618,0.3705279608293687,Progressive Winger,168,145,23
Daichi Kamada,0.1411446798373069,0.4976731574147232,0.35652847757741624,Ball-Winner,179,223,-44
Takumi Minamino,0.1368578945280241,0.5160646023841099,0.3792067078560858,Target Forward,184,162,22
Yuki Soma,0.1073421182479,0.4825163424097322,0.37517422416183216,Target Forward,217,281,-64
Hiroki Sakai,0.0662474587003678,0.5393179909510315,0.4730705322506637,Attacking Wingback,275,90,185
Junya Ito,0.0637167039198696,0.5355596978238548,0.4718429939039852,Attacking Wingback,281,105,176
Miki Yamane,0.0516183406994125,0.5121048478028277,0.4604865071034152,Attacking Wingback,314,179,135
Yuto Nagatomo,0.044493436630815,0.5066435645596632,0.4621501279288482,Wide Creator,341,196,145
Ao Tanaka,0.0319591593013985,0.4557389419630057,0.4237797826616072,Holding Anchor,365,362,3
Hidemasa Morita,0.0304291098291144,0.45650881981000924,0.42607970998089484,Box-to-Box / Engine Midfielder,372,360,12
Kaoru Mitoma,0.0277442413408453,0.4973949518295079,0.4696507104886626,Attacking Wingback,377,225,152
Wataru Endo,0.0142055688292542,0.4403337666715248,0.4261281978422706,Box-to-Box / Engine Midfielder,428,404,24
Ko Itakura,0.0063214729364862,0.4617433977050249,0.4554219247685387,Sweeper CB,446,344,102
Shogo Taniguchi,0.000425629115034,0.43476147756253714,0.4343358484475031,Sweeper CB,469,422,47
Hiroki Ito,-0.0025214254566606,0.43102526633182914,0.43354669178848976,Ball-Playing Centre-Back,477,431,46
Takehiro Tomiyasu,-0.0061408722157417,0.4251931565235312,0.4313340287392729,Deep Playmaker,493,458,35
Maya Yoshida,-0.0291501340229153,0.40216927661174,0.4313194106346553,Sweeper CB,545,513,32
Henry Josué Martín Mex,0.272120909865189,0.5118726697831095,0.23975175991792053,Target Forward,18,181,-163
Raúl Alonso Jiménez Rodríguez,0.2459247290812795,0.4904752668590774,0.2445505377777979,Target Forward,33,247,-214
Hirving Rodrigo Lozano Bahena,0.1835809343114231,0.575836914512063,0.3922559802006399,Progressive Winger,115,31,84
Carlos Uriel Antuna Romero,0.1721493936132779,0.5356157236911331,0.36346633007785517,Progressive Winger,130,104,26
Ernesto Alexis Vega Rojas,0.1710291975254755,0.5399147005889894,0.36888550306351386,Progressive Winger,134,87,47
Orbelín Pineda Alvarado,0.1688107587702259,0.5422444274871944,0.3734336687169685,Pressing Attacker,141,79,62
Carlos Alberto Rodríguez Gómez,0.1030287623261902,0.46338248604183596,0.3603537237156458,Progressive Winger,225,339,-114
Jorge Eduardo Sánchez Ramos,0.0583736624493901,0.5156425816007546,0.4572689191513645,Deep Playmaker,291,165,126
Kevin Nahin Álvarez Campos,0.05356525734986,0.5145267776058711,0.46096152025601106,Attacking Wingback,306,169,137
Jesús Daniel Gallardo Vasconcelos,0.0475837921089058,0.48964190772063043,0.44205811561172464,Wide Creator,329,250,79
Luis Gerardo Chávez Magallón,0.0405367270856816,0.5213620702108845,0.4808253431252029,Holding / Controlling Midfielder,350,149,201
Héctor Miguel Herrera López,0.0256973350949042,0.4259653907306435,0.4002680556357393,Holding Anchor,379,453,-74
Érick Gabriel Gutiérrez Galaviz,0.0199091935643117,0.42410713428410496,0.40419794071979326,Holding Anchor,403,464,-61
Edson Omar Álvarez Velázquez,0.0185338161806791,0.42989257250689217,0.41135875632621305,Box-to-Box / Engine Midfielder,413,440,-27
Héctor Alfredo Moreno Herrera,0.0163054924779058,0.4729856048714546,0.4566801123935488,Sweeper CB,424,307,117
César Jasib Montes Castro,0.0004984149108636,0.4414297352614972,0.4409313203506336,Sweeper CB,468,399,69
Néstor Alejandro Araújo Razo,-0.004294310402968,0.43934332595133474,0.44363763635430276,Deep Playmaker,487,407,80
Abderrazak Hamdallah,0.2415831052755278,0.5016442448235515,0.26006113954802373,Target Forward,37,209,-172
Walid Cheddira,0.23593085430921,0.49593808517853877,0.26000723086932875,Target Forward,44,231,-187
Zakaria Aboukhlal,0.2265779063725065,0.5007727421837855,0.274194835811279,Wide Creator,56,211,-155
Youssef En-Nesyri,0.1759704073757306,0.38953420784227627,0.21356380046654566,Target Forward / Penalty-Box Anchor,127,529,-402
Abdessamad Ezzalzouli,0.1588205563459278,0.5340235668499261,0.37520301050399835,Wide Creator,158,112,46
Sofiane Boufal,0.1121538277290551,0.504230988353628,0.3920771606245729,Progressive Winger,210,202,8
Hakim Ziyech,0.1070835061957174,0.4614673257088629,0.3543838195131455,Deep Playmaker,218,345,-127
Ilias Chair,0.1050568895070113,0.46614820583178956,0.36109131632477826,Ball-Winner,220,327,-107
Bilal El Khannous,0.094443185149467,0.44650135552148035,0.35205817037201337,Ball-Winner,238,386,-148
Azzedine Ounahi,0.0826070777087349,0.4399899899084255,0.35738291219969065,Box-to-Box / Engine Midfielder,255,406,-151
Selim Amallah,0.0733234547058017,0.4025382545080872,0.3292147998022855,Ball-Winner,267,511,-244
Yahia Attiyat allah,0.0674502700718119,0.5450901816745208,0.4776399116027089,Attacking Wingback,271,76,195
Abdelhamid Sabiri,0.0599134163475482,0.4070162966676028,0.3471028803200546,Holding Anchor,285,503,-218
Noussair Mazraoui,0.0427184323005395,0.5107207959755888,0.4680023636750493,Wide Creator,346,183,163
Achraf Hakimi Mouh,0.0221948596139601,0.44398560548117305,0.42179074586721294,Attacking Wingback,390,393,-3
Romain Saïss,-0.0029988811238588,0.42408723770184253,0.42708611882570136,Sweeper CB,481,465,16
Sofyan Amrabat,-0.0052648681300373,0.3498370054557898,0.35510187358582707,Holding Anchor,490,548,-58
Jawad El Yamiq,-0.0057341448579696,0.43626845685142795,0.44200260170939754,Sweeper CB,491,416,75
Nayef Aguerd,-0.0132819635583174,0.39726566102447747,0.41054762458279487,Sweeper CB,518,520,-2
Achraf Dari,-0.020343143789811,0.39265536246694815,0.41299850625675916,Sweeper CB,534,524,10
Badr Banoun,-0.0453447493722083,0.40396387316504684,0.4493086225372551,Sweeper CB,550,509,41
Memphis Depay,0.2466958641541375,0.5245114819711764,0.2778156178170389,Target Forward,30,136,-106
Vincent Janssen,0.2360879806093947,0.48621916334906196,0.2501311827396673,Pressing Forward,43,262,-219
Steven Bergwijn,0.235681688555238,0.4831648979306432,0.24748320937540522,Pressing Forward,45,278,-233
Wout Weghorst,0.2168139536123875,0.48031633252165284,0.2635023789092653,Target Forward / Penalty-Box Anchor,68,289,-221
Luuk de Jong,0.2107393139945995,0.47680242768702163,0.26606311369242214,Target Forward / Penalty-Box Anchor,79,300,-221
Cody Mathès Gakpo,0.1690447219280893,0.5509179340620125,0.3818732121339232,Progressive Winger,140,68,72
Davy Klaassen,0.1655688188833639,0.5190898471855164,0.35352102830215254,Target Forward,149,155,-6
Denzel Dumfries,0.0792020156493636,0.582703820584396,0.5035018049350324,Attacking Wingback,262,24,238
Daley Blind,0.0580042281088205,0.5282200392722213,0.4702158111634008,Attacking Wingback,293,128,165
Frenkie de Jong,0.0444860557738797,0.48791584346525685,0.44342978769137714,Holding Anchor,342,256,86
Steven Berghuis,0.0332346107596366,0.48518401973347886,0.4519494089738423,Deep Playmaker,363,268,95
Teun Koopmeiners,0.009937753236187,0.4292930328683474,0.4193552796321604,Box-to-Box / Engine Midfielder,435,443,-8
Marten de Roon,0.0051551187429882,0.39275265064148224,0.38759753189849405,Holding Anchor,449,523,-74
Matthijs de Ligt,-0.0001081366632606,0.43279698713245773,0.4329051237957183,Sweeper CB,474,424,50
Jurriën David Norman Timber,-0.0113582692324959,0.43265642637930524,0.4440146956118011,Sweeper CB,515,425,90
Nathan Aké,-0.0198067080338231,0.39247198605621997,0.4122786940900431,Sweeper CB,532,525,7
Virgil van Dijk,-0.0451998710956984,0.3227305399052761,0.3679304110009745,Sweeper CB,549,551,-2
Robert Lewandowski,0.248323425815992,0.5227567703428363,0.2744333445268443,Target Forward / Penalty-Box Anchor,29,144,-115
Karol Świderski,0.217486619778629,0.47004098885303414,0.25255436907440515,Pressing Forward,66,321,-255
Arkadiusz Milik,0.1120023348509407,0.4658471309582203,0.3538447961072796,Ball-Winner,211,328,-117
Jakub Kamiński,0.1038824823823226,0.48094276142633374,0.3770602790440111,Progressive Winger,223,286,-63
Nicola Zalewski,0.0975119753381607,0.4640421474903478,0.3665301721521871,Ball-Winner,231,336,-105
Michał Skóraś,0.0973385432384895,0.4537013120690606,0.3563627688305711,Ball-Winner,232,368,-136
Sebastian Szymański,0.0949486094129194,0.438708493084457,0.3437598836715376,Wide Creator,237,409,-172
Piotr Zieliński,0.0882355141180846,0.46569456163658174,0.3774590475184971,Holding Anchor,246,330,-84
Przemysław Frankowski,0.0874437888748939,0.4219525977297598,0.3345088088548659,Wide Creator,248,469,-221
Bartosz Bereszyński,0.0508141571095632,0.5146249018844176,0.46381074477485434,Wide Creator,316,168,148
Krystian Bielik,0.019170914209157,0.4268602517582696,0.4076893375491126,Holding Anchor,407,448,-41
Grzegorz Krychowiak,0.0180031283552329,0.4264099868365493,0.4084068584813164,Box-to-Box / Engine Midfielder,417,451,-34
Kamil Glik,0.0063624501218064,0.44142246376200633,0.4350600136401999,Sweeper CB,445,400,45
Matty Cash,0.0024785714860935,0.36853514658347036,0.3660565750973769,Deep Playmaker,463,545,-82
Jakub Piotr Kiwior,0.0006697006644326,0.4437447241877791,0.4430750235233465,Sweeper CB,467,394,73
Cristiano Ronaldo dos Santos Aveiro,0.3026523007389123,0.5546983892654609,0.2520460885265486,Target Forward,5,61,-56
Gonçalo Matias Ramos,0.3004586753565218,0.5315233386614867,0.2310646633049649,Target Forward,6,119,-113
Rafael Alexandre Conceição Leão,0.2006573205785565,0.5686024532028573,0.3679451326243008,Progressive Winger,93,41,52
Ricardo Jorge Luz Horta,0.1859557219225544,0.5382811594649675,0.3523254375424131,Ball-Winner,110,94,16
João Félix Sequeira,0.18432678731326,0.5451329351361109,0.3608061478228509,Ball-Winner,114,75,39
João Mário Naval da Costa Eduardo,0.1709131716498581,0.5276151012406989,0.3567019295908408,Ball-Winner,135,131,4
Bruno Miguel Borges Fernandes,0.1531578548830326,0.5399089985953658,0.3867511437123332,Progressive Winger,166,88,78
Matheus Luiz Nunes,0.1223899943285402,0.472861793681987,0.3504717993534468,Ball-Winner,193,309,-116
Bernardo Mota Veiga de Carvalho e Silva,0.1121907061529252,0.48684435134984994,0.37465364519692473,Ball-Winner,209,260,-51
Vitor Machado Ferreira,0.0995255157985479,0.4704382209016004,0.3709127051030525,Deep Playmaker / Metronome,227,316,-89
Otávio Edmilson da Silva Monteiro,0.0993163602335727,0.4860990044188063,0.3867826441852336,Deep Playmaker / Metronome,229,264,-35
Raphaël Adelino José Guerreiro,0.0914194201832068,0.5848631995079497,0.4934437793247429,Attacking Wingback,242,22,220
João Pedro Cavaco Cancelo,0.0816323817043148,0.5542133516428287,0.4725809699385139,Wide Creator,257,63,194
José Diogo Dalot Teixeira,0.0479840188894061,0.5138075598912434,0.46582354100183726,Attacking Wingback,326,175,151
Rúben Diogo Da Silva Neves,0.0431011825972762,0.470580683436444,0.4274795008391678,Holding / Controlling Midfielder,345,315,30
João Maria Lobo Alves Palhinha Gonçalves,0.0242467893581409,0.44593896846308934,0.42169217910494844,Ball-Winner,384,389,-5
William Silva de Carvalho,0.0187213938393414,0.4100407194241814,0.39131932558484,Holding Anchor,410,497,-87
Kléper Laveran Lima Ferreira,0.0046120357980532,0.445387192874357,0.4407751570763038,Sweeper CB,453,390,63
Rúben Santos Gato Alves Dias,-0.0005903634583424,0.45012504813470977,0.4507154115930522,Sweeper CB,475,379,96
António João Pereira Albuquerque Tavares Silva,-0.0085536723834395,0.4138042301468497,0.4223579025302892,Sweeper CB,502,487,15
Danilo Luís Hélio Pereira,-0.014001833460135,0.412995282890564,0.426997116350699,Sweeper CB,520,490,30
Mohammed Muntari,0.2256679115091389,0.4840006288918348,0.2583327173826959,Target Forward / Penalty-Box Anchor,57,276,-219
Almoez Ali Zainalabiddin Abdulla,0.1968999479648332,0.4358373717082552,0.238937423743422,Pressing Forward,98,418,-320
Akram Hassan Afif,0.1721404450562908,0.43693471692294616,0.2647942718666554,Progressive Winger,131,414,-283
Abdulaziz Hatem Mohammed Abdullah,0.0798626962453603,0.42048093866746117,0.34061824242210087,Ball-Winner,260,471,-211
Hassan Khalid Al Heidos,0.0549258711527346,0.3991907708712535,0.34426489971851887,Ball-Winner,300,517,-217
Ismaeel Mohammad Mohammad,0.0525409025552606,0.49749170055337455,0.44495079799811393,Attacking Wingback,310,224,86
Homam Alamin Ahmed,0.0499178385982954,0.4797247188560721,0.4298068802577767,Wide Creator,321,293,28
Pedro Miguel Correia,0.0201478422209683,0.47985627166757844,0.45970842944661017,Deep Playmaker,402,292,110
Karim Boudiaf,0.0169021836934162,0.4091726719142073,0.39227048822079114,Holding Anchor,421,499,-78
Boualem Khoukhi,0.0164827308424153,0.4584606971578239,0.4419779663154086,Sweeper CB,423,354,69
Assim Omer Al Haj Madibo,0.0132918996817357,0.407443245704231,0.3941513460224953,Holding Anchor,433,500,-67
Abdelkarim Hassan Al Haj Fadlalla,0.0007471689119391,0.4657135021406581,0.464966333228719,Ball-Playing Centre-Back,466,329,137
Bassam Hisham Al Rawi,-0.0111710594939394,0.42491262194461304,0.4360836814385525,Sweeper CB,513,459,54
Saleh Khalid Al Shehri,0.2220923791661394,0.48072143356233477,0.2586290543961954,Target Forward,65,288,-223
Nawaf Shaker Al Abid,0.1936935263361222,0.532470167365483,0.33877664102936084,Ball-Winner,100,118,-18
Abdulrahman Al-Obood,0.1881232802372961,0.5383411748323477,0.3502178945950516,Progressive Winger,105,93,12
Sami Khalil Al Naji,0.1695550844782125,0.5381245709775445,0.368569486499332,Progressive Winger,138,96,42
Salem Mohammed Al Dawsari,0.1658487448852433,0.5861207526885708,0.4202720078033275,Progressive Winger,146,19,127
Firas Tariq Nasser Al Albirakan,0.1386766291487906,0.48615897098963345,0.34748234184084287,Target Forward,182,263,-81
Salman Mohammed Al Faraj,0.1003345557657823,0.4599784023171749,0.3596438465513926,Ball-Winner,226,350,-124
Mohammed Kanoo,0.0880079546607519,0.4441960048712701,0.3561880502105182,Holding Anchor,247,391,-144
Mohammed Al Burayk,0.0869898438191492,0.5530450011654244,0.46605515734627523,Attacking Wingback,249,64,185
Sultan Abdullah Salim Al Ghannam,0.0781842833104909,0.5364992102037931,0.4583149268933022,Attacking Wingback,263,101,162
Saud Abdullah Abdul Hamid,0.0577084219565126,0.5138961041013735,0.45618768214486094,Attacking Wingback,294,174,120
Yasir Gharsan Al Shahrani,0.0462582348216449,0.5022918978141994,0.45603366299255443,Wide Creator,334,208,126
Ali Al Hassan,0.020449007971048,0.43235915480981857,0.4119101468387706,Ball-Winning Midfielder,400,427,-27
Riyadh Sharahili,0.0139729479007128,0.4174316083886948,0.403458660487982,Holding Anchor,429,479,-50
Abdulelah Saad Hameed Al-Malki,-0.0032353365642521,0.3835821077242202,0.3868174442884723,Holding Anchor,483,535,-52
Abdulelah Al Amri,-0.0034426662278805,0.43170990998689274,0.4351525762147732,Sweeper CB,484,428,56
Abdullah Mohammed Madu,-0.0151702024404283,0.40732492963603073,0.42249513207645906,Defensive Centre-Back,523,502,21
Ali Albulayhi,-0.0188876135140911,0.39401888284384695,0.4129064963579381,Sweeper CB,530,521,9
Hassan Mohammed Al-Tambakti,-0.0454837476449445,0.33209954346723436,0.37758329111217886,Sweeper CB,551,549,2
Famara Diedhiou,0.2459832008971092,0.49369394698476904,0.24771074608765983,Target Forward,32,240,-208
Cheikh Ahmadou Bamba Mbacke Dieng,0.2101354143508901,0.47004323250693897,0.2599078181560489,Target Forward,80,320,-240
Ismaïla Sarr,0.2095383861835875,0.607043691445582,0.3975053052619945,Progressive Winger,82,12,70
Iliman Ndiaye,0.1715027898357242,0.5149621191958462,0.343459329360122,Ball-Winner,133,166,-33
Krépin Diatta,0.1664201574741563,0.5404862867419837,0.37406612926782745,Progressive Winger,145,84,61
Pape Matar Sarr,0.1616641816640149,0.5460870526532962,0.3844228709892813,Linking Attacker,154,74,80
Boulaye Dia,0.1565689906691013,0.48494277351660403,0.32837378284750274,Target Forward,161,271,-110
Idrissa Gana Gueye,0.1403520721331622,0.4843567128788157,0.3440046407456535,Ball-Winner,180,273,-93
Youssouf Sabaly,0.0667340419109647,0.5530243851991067,0.48629034328814197,Attacking Wingback,274,65,209
Ismail Jakobs,0.0486496316067318,0.5291772489317683,0.4805276173250365,Attacking Wingback,324,125,199
Pape Gueye,0.0421993107131303,0.48126133423850126,0.43906202352537094,Holding Anchor,347,283,64
Nampalys Mendy,0.0235278903941449,0.4353349666460382,0.41180707625189333,Holding Anchor,385,420,-35
Pathé Ismaël Ciss,0.0188217860731922,0.4300497120089022,0.41122792593571,Box-to-Box / Engine Midfielder,409,437,-28
Cheikhou Kouyaté,0.0035784337650197,0.4016662800261661,0.3980878462611464,Ball-Winner,458,516,-58
Pape Abou Cissé,0.0032046934593183,0.42613233765823655,0.42292764419891826,Sweeper CB,461,452,9
Kalidou Koulibaly,-0.0028347795560928,0.4512879852249022,0.454122764780995,Sweeper CB,480,376,104
Abdou Diallo,-0.0043944304121553,0.4542613147281886,0.4586557451403439,Sweeper CB,488,366,122
Luka Jović,0.2525041633537513,0.49473588995152873,0.24223172659777742,Target Forward / Penalty-Box Anchor,26,234,-208
Aleksandar Mitrović,0.2368551302005,0.4969175867488156,0.2600624565483156,Target Forward,41,228,-187
Dušan Vlahović,0.2341480896661573,0.4827968128968012,0.2486487232306439,Target Forward / Penalty-Box Anchor,49,280,-231
Dušan Tadić,0.1935396531092231,0.5698589107459828,0.3763192576367597,Progressive Winger,101,39,62
Sergej Milinković-Savić,0.1513470252712805,0.48539573967050237,0.3340487143992219,Linking Attacker,170,266,-96
Filip Kostić,0.1123933364001108,0.57780623752824,0.4654129011281292,Attacking Wingback,208,26,182
Andrija Živković,0.0704198046803285,0.5422201869564298,0.4718003822761013,Attacking Wingback,269,80,189
Nemanja Radonjić,0.0557876226005888,0.5221401144398454,0.46635249183925664,Attacking Wingback,297,147,150
Nemanja Maksimović,0.0266489906886722,0.44417578605385016,0.41752679536517795,Holding Anchor,378,392,-14
Saša Lukić,0.0138155872556833,0.4176715982727732,0.4038560110170899,Holding Anchor,432,478,-46
Filip Mladenović,-0.0095447005448572,0.4673726951141542,0.47691739565901137,Wide Creator,505,326,179
Strahinja Pavlović,-0.0110169350502353,0.41241496494325663,0.42343189999349196,Ball-Playing Centre-Back,512,491,21
Nemanja Gudelj,-0.0136031399530118,0.39121803831067026,0.4048211782636821,Holding Anchor,519,527,-8
Milos Veljkovic,-0.0264987484689041,0.372669481445867,0.3991682299147711,Sweeper CB,542,542,0
Nikola Milenković,-0.0322698948735949,0.3533245297863046,0.38559442465989946,Sweeper CB,546,547,-1
Gue-Sung Cho,0.2342079871077605,0.4735573030715654,0.2393493159638049,Target Forward / Penalty-Box Anchor,48,305,-257
Ui-Jo Hwang,0.2135563824828419,0.46214237196743335,0.24858598948459146,Pressing Forward,74,342,-268
Heung-Min Son,0.1876794204743465,0.5729253689121308,0.38524594843778426,Target Forward,107,35,72
Chang-Hoon Kwon,0.1870362466481961,0.539864933649544,0.35282868700134795,Ball-Winner,108,89,19
Woo-Yeong Jeong,0.1800284724367055,0.5359078921909469,0.3558794197542414,Ball-Winner,120,103,17
Sang-Ho Na,0.1672521301272665,0.521387681079932,0.3541355509526656,Progressive Winger,143,148,-5
Hee-Chan Hwang,0.1460566391192135,0.5365917772244289,0.39053513810521534,Progressive Winger,174,100,74
Jae-Sung Lee,0.1393576556506502,0.4782570168406114,0.3388993611899612,Ball-Winner,181,296,-115
Kang-In Lee,0.1050316065233076,0.5013397330777782,0.3963081265544706,Deep Playmaker / Metronome,221,210,11
Jin-Su Kim,0.0893980296846857,0.565227961170715,0.47582993148602937,Attacking Wingback,244,45,199
Moon-Hwan Kim,0.0642854026352262,0.5276617526318985,0.4633763499966723,Attacking Wingback,280,130,150
Chul Hong,0.0540513798637048,0.514297655486738,0.4602462756230332,Attacking Wingback,302,171,131
In-Beom Hwang,0.0433579381621479,0.5032712617552262,0.4599133235930783,Holding Anchor,344,205,139
Jun-Ho Son,0.0172881175170118,0.4308336245743458,0.413545507057334,Holding Anchor,420,433,-13
Woo-Young Jung,0.0153840008624004,0.43066673452473064,0.41528273366233026,Holding Anchor,425,435,-10
Young-Gwon Kim,0.0038287540498803,0.4779312973155918,0.4741025432657115,Sweeper CB,457,298,159
Min Jae Kim,-0.0068832072483417,0.40236646284461375,0.40924967009295543,Sweeper CB,497,512,-15
Kyung-Won Kwon,-0.0109017409692932,0.40950303476563665,0.42040477573492985,Sweeper CB,511,498,13
Marco Asensio Willemsen,0.2964085724582046,0.5574197373527914,0.26101116489458676,Progressive Winger,8,53,-45
Álvaro Borja Morata Martín,0.2839393513179165,0.5473460564018932,0.2634067050839767,Target Forward,12,70,-58
Daniel Olmo Carvajal,0.2311791345594284,0.625852557318491,0.3946734227590626,Progressive Winger,52,8,44
Anssumane Fati,0.2048047213132822,0.5338210987419457,0.3290163774286635,Ball-Winner,86,113,-27
Ferrán Torres García,0.1979710355018321,0.5610187612818072,0.3630477257799751,Progressive Winger,96,49,47
Nicholas Williams Arthuer,0.160304446584627,0.5212822321847962,0.3609777856001692,Progressive Winger,155,150,5
Pablo Martín Páez Gavira,0.1141289760005906,0.49168682762882787,0.3775578516282373,Ball-Winner,202,245,-43
Pedro González López,0.1125563753163108,0.48969181745962087,0.3771354421433101,Holding Anchor,206,249,-43
Jordi Alba Ramos,0.1087762556005836,0.5825455722287325,0.4737693166281489,Attacking Wingback,215,25,190
Alejandro Balde Martínez,0.0851516424381852,0.5284266596144833,0.44327501717629814,Wide Creator,251,127,124
Carlos Soler Barragán,0.0810138923621958,0.4696332878019897,0.3886193954397939,Progressive Winger,258,323,-65
César Azpilicueta Tanco,0.0590036255825111,0.5263442394162258,0.46734061383371467,Attacking Wingback,290,133,157
Marcos Llorente Moreno,0.0536082391307394,0.4977105185340756,0.4441022794033362,Two-Way Fullback,305,222,83
Jorge Resurrección Merodio,0.0306438515995474,0.43258916981351814,0.4019453182139707,Holding Anchor,371,426,-55
Daniel Carvajal Ramos,0.0278880871672349,0.46090519117026774,0.43301710400303284,Two-Way Fullback,376,348,28
Sergio Busquets i Burgos,0.0096960906371567,0.423901046837305,0.4142049562001483,Holding Anchor,436,466,-30
Rodrigo Hernández Cascante,0.0084850657406437,0.47865779953562837,0.47017273379498464,Ball-Playing Centre-Back,440,295,145
Aymeric Laporte,0.0070533319215142,0.46507551003599684,0.45802217811448265,Sweeper CB,443,333,110
Pau Francisco Torres,-0.0060227385673133,0.43530136566699834,0.4413241042343116,Sweeper CB,492,421,71
Haris Seferović,0.2142927007290159,0.47314241879331503,0.25884971806429913,Target Forward,71,306,-235
Breel-Donald Embolo,0.204635366203498,0.45569728774885265,0.25106192154535467,Pressing Forward,87,363,-276
Fabian Rieder,0.1697110575903337,0.5371556782568541,0.3674446206665204,Deep Playmaker,137,98,39
Ruben Vargas,0.1628056318867819,0.5335441106246602,0.37073847873787835,Progressive Winger,153,116,37
Djibril Sow,0.1596672497275892,0.512453407869031,0.3527861581414419,Ball-Winner,156,177,-21
Noah Okafor,0.1140305658315621,0.47456802760619565,0.3605374617746335,Ball-Winner,203,303,-100
Xherdan Shaqiri,0.1129845344579692,0.5047409326287029,0.3917563981707337,Progressive Winger,204,200,4
Silvan Widmer,0.0658259561815151,0.5247876692452998,0.45896171306378475,Attacking Wingback,277,135,142
Edimilson Fernandes,0.0593152772560456,0.5139823586650923,0.45466708140904677,Ball-Winner,288,173,115
Ricardo Iván Rodríguez Araya,0.0342841923058638,0.4613825149560415,0.42709832265017766,Attacking Wingback,356,346,10
Granit Xhaka,0.0216133473810397,0.45279645678410496,0.43118310940306526,Holding Anchor,393,370,23
Remo Freuler,0.0208509282109764,0.42659459256656546,0.40574366435558906,Holding Anchor,398,449,-51
Denis Lemi Zakaria Lako Lado,0.0201899318283033,0.43154162798143075,0.41135169615312744,Deep Playmaker,401,430,-29
Manuel Obafemi Akanji,0.0032613206397524,0.4636764998263384,0.46041517918658603,Ball-Playing Centre-Back,460,338,122
Fabian Lukas Schär,-0.0063402170795109,0.4299439507020597,0.4362841677815706,Sweeper CB,494,438,56
Nico Elvedi,-0.0111874122469929,0.4134523986592076,0.42463981090620045,Sweeper CB,514,489,25
Eray Ervin Cömert,-0.0203614675004861,0.4074211265614317,0.4277825940619178,Ball-Playing Centre-Back,535,501,34
Wahbi Khazri,0.2686258165272865,0.5277142456131009,0.25908842908581436,Progressive Winger,19,129,-110
Issam Jebali,0.2574619944854406,0.49955863696354214,0.24209664247810153,Pressing Forward,22,214,-192
Youssef Msakni,0.2139787000531783,0.6008950542273341,0.3869163541741558,Progressive Winger,73,15,58
Naïm Sliti,0.1849923866932596,0.5549496687738819,0.3699572820806223,Progressive Winger,112,60,52
Mohamed Ali Ben Romdhane,0.1681819996525153,0.5310697420043828,0.36288774235186755,Wide Creator,142,123,19
Anis Ben Slimane,0.1553163991025792,0.5240212367641882,0.368704837661609,Target Forward,164,137,27
Mohamed Dräger,0.0649403516134355,0.5382567824969594,0.47331643088352393,Deep Playmaker,279,95,184
Ali Abdi,0.0556076321762303,0.5234355089219259,0.4678278767456956,Attacking Wingback,298,141,157
Ali Maâloul,0.0540054405387067,0.5210043373025994,0.4669988967638927,Attacking Wingback,303,151,152
Wajdi Kechrida,0.051992592331007,0.5104254889328482,0.4584328966018412,Attacking Wingback,313,185,128
Aïssa Bilal Laïdouni,0.0477832621424265,0.4850167391019438,0.4372334769595173,Box-to-Box / Engine Midfielder,327,269,58
Ferjani Sassi,0.0212760744735392,0.4401212299743735,0.4188451555008343,Holding Anchor,395,405,-10
Ellyes Joris Skhiri,0.0185339660611748,0.42488493130240523,0.40635096524123043,Box-to-Box / Engine Midfielder,412,460,-48
Montassar Omar Talbi,0.0054101743672596,0.47028688898283866,0.46487671461557906,Sweeper CB,448,319,129
Dylan Daniel Mahmoud Bronn,0.0033273212290818,0.44641404787089456,0.44308672664181276,Deep Playmaker,459,387,72
Nader Ghandri,-0.0050215985961977,0.41453060947686077,0.4195522080730585,Sweeper CB,489,485,4
Yassine Meriah,-0.0117972157186511,0.4244888083181148,0.4362860240367659,Sweeper CB,516,462,54
Joshua Sargent,0.253712252237145,0.49430710525170746,0.24059485301456246,Pressing Forward,25,236,-211
Haji Wright,0.2431457105595736,0.5066144066918064,0.2634686961322328,Target Forward / Penalty-Box Anchor,36,197,-161
Jesus Ferreira,0.2284404237162437,0.47757892951041436,0.24913850579417066,Pressing Forward,54,299,-245
Christian Pulisic,0.2244644305626706,0.6370341639793836,0.412569733416713,Progressive Winger,60,5,55
Brenden Aaronson,0.2160553752159345,0.5695211258073702,0.35346575059143576,Progressive Winger,69,40,29
Timothy Weah,0.2027987535906301,0.5392502858451839,0.33645153225455376,Ball-Winner,91,91,0
Giovanni Reyna,0.1813277930982091,0.5555268008847143,0.37419900778650517,Progressive Winger,118,57,61
Weston McKennie,0.1149557295233826,0.4894261596864753,0.37447043016309267,Deep Playmaker / Metronome,201,252,-51
Yunus Dimoara Musah,0.0902548285216835,0.4509238334339932,0.36066900491230974,Box-to-Box / Engine Midfielder,243,377,-134
Antonee Robinson,0.0825266779501891,0.566233392956168,0.48370671500597895,Attacking Wingback,256,44,212
Sergino Dest,0.0617258474600341,0.5399354471464072,0.47820959968637305,Attacking Wingback,282,86,196
DeAndre Yedlin,0.0570075403649072,0.509123363600735,0.4521158232358278,Attacking Wingback,295,189,106
Kellyn Kai Perry-Acosta,0.0232977448223568,0.43155290141774083,0.40825515659538403,Ball-Winner,386,429,-43
Tyler Adams,0.0089197249078427,0.4123984189509353,0.4034786940430926,Holding / Controlling Midfielder,438,492,-54
Tim Ream,0.0046929245290885,0.45413092816232103,0.44943800363323255,Ball-Playing Centre-Back,451,367,84
Cameron Carter-Vickers,-0.0106887800750139,0.4146563223281814,0.4253451024031953,Sweeper CB,509,483,26
Walker Zimmerman,-0.0229082417221476,0.3798103417064773,0.40271858342862493,Ball-Playing Centre-Back,538,539,-1
Luis Alberto Suárez Díaz,0.2749107540360647,0.5087042255212615,0.2337934714851968,Target Forward,16,191,-175
Maximiliano Gómez González,0.237185565520528,0.4868961462185384,0.2497105806980104,Target Forward / Penalty-Box Anchor,40,259,-219
Edinson Roberto Cavani Gómez,0.2326516802943881,0.49645670222404203,0.26380502192965394,Pressing Forward,51,229,-178
Darwin Gabriel Núñez Ribeiro,0.1759005875273809,0.5351026699576824,0.3592020824303015,Target Forward,128,107,21
Facundo Pellistri Rebollo,0.1657381101197607,0.5361934461117244,0.3704553359919637,Ball-Winner,148,102,46
Giorgian Daniel De Arrascaeta Benedetti,0.128437072458649,0.5188726740588265,0.39043560160017754,Progressive Winger,191,156,35
Matías Vecino Falero,0.084354803682386,0.4264938691686415,0.3421390654862555,Holding Anchor,253,450,-197
Mathías Olivera Miramontes,0.0537307077403611,0.5258938975576803,0.47216318981731925,Wide Creator,304,134,170
Rodrigo Bentancur Colmán,0.0469003662855216,0.49353210105532747,0.4466317347698059,Box-to-Box / Engine Midfielder,331,242,89
José Martín Cáceres Silva,0.0441336910555119,0.5042487075127122,0.4601150164572003,Deep Playmaker,343,201,142
Federico Santiago Valverde Dipetta,0.0384914691881504,0.5003304008286731,0.4618389316405227,Holding Anchor,354,212,142
José María Giménez de Vargas,0.0280763268208476,0.5157737433874289,0.4876974165665813,Sweeper CB,375,163,212
Diego Nicolás De La Cruz Arcosa,0.023204560980678,0.4411668943482835,0.41796233336760547,Ball-Winner,388,402,-14
Guillermo Varela Olivera,0.0181644045685316,0.4411152707437169,0.42295086617518535,Deep Playmaker,416,403,13
Sebastián Coates Nión,0.0061997578466624,0.4570674223421925,0.4508676644955301,Sweeper CB,447,357,90
Diego Roberto Godín Leal,-0.0026223430334145,0.430319904368741,0.43294224740215553,Sweeper CB,479,436,43
Kieffer Roberto Francisco Moore,0.2351540607959535,0.4807267957417798,0.2455727349458263,Target Forward / Penalty-Box Anchor,46,287,-241
Gareth Frank Bale,0.2026348281889292,0.46233453042707984,0.25969970223815064,Target Forward,92,341,-249
Brennan Johnson,0.1888689377689754,0.5596006543725837,0.37073171660360826,Ball-Winner,103,51,52
Daniel James,0.1368331933590771,0.4923230851556075,0.35548989179653046,Ball-Winner,185,243,-58
Aaron Ramsey,0.1169107864041001,0.44834907985394956,0.33143829344984943,Ball-Winner,198,383,-185
Harry Wilson,0.093570235326007,0.4620944980259908,0.3685242626999838,Wide Creator,239,343,-104
Neco Williams,0.0603046794124372,0.5312261054530001,0.47092142604056286,Wide Creator,284,122,162
Connor Roberts,0.0505394005770598,0.5061840314491495,0.4556446308720897,Deep Playmaker,318,198,120
Joe Allen,0.0176536449057857,0.4217115839900167,0.404057939084231,Ball-Winner,418,470,-52
Ethan Ampadu,0.008563263554192,0.41417756255092925,0.40561429899673723,Holding Anchor,439,486,-47
Ben Davies,-0.0024872158870413,0.4472443134857112,0.4497315293727525,Ball-Playing Centre-Back,476,384,92
Chris Mepham,-0.0067723236492133,0.42575465965632897,0.4325269833055423,Sweeper CB,495,456,39
Joe Rodon,-0.021462043992204,0.3779060495311767,0.39936809352338065,Sweeper CB,537,540,-3
Damián Emiliano Martínez,,0.45325313079542945,,Goalkeeper,,,
Mathew Ryan,,0.5576461535072923,,Goalkeeper,,,
Thibaut Courtois,,0.5655277075973524,,Goalkeeper,,,
Alisson Ramsés Becker,,0.46430396732866897,,Goalkeeper,,,
Ederson Santana de Moraes,,0.514102258765756,,Goalkeeper,,,
André Onana,,0.5102162529464621,,Goalkeeper,,,
Devis Rogers Epassy Mboka,,0.5451850523184437,,Goalkeeper,,,
Milan Borjan,,0.4870388142684762,,Goalkeeper,,,
Keylor Navas Gamboa,,0.46446790955416795,,Goalkeeper,,,
Dominik Livaković,,0.5457757846497371,,Goalkeeper,,,
Kasper Schmeichel,,0.56937409318357,,Goalkeeper,,,
Hernán Ismael Galíndez,,0.45561824824696817,,Goalkeeper,,,
Jordan Pickford,,0.4508259486988236,,Goalkeeper,,,
Hugo Lloris,,0.45747443020000433,,Goalkeeper,,,
Steve Mandanda,,0.5064385397662537,,Goalkeeper,,,
Manuel Neuer,,0.5282888901942323,,Goalkeeper,,,
Lawrence Ati-Zigi,,0.46095075968805665,,Goalkeeper,,,
Alireza Safar Beiranvand,,0.5511753642552897,,Goalkeeper,,,
Seyed Hossein Hosseini,,0.45418241832219874,,Goalkeeper,,,
Shūichi Gonda,,0.5231464002213417,,Goalkeeper,,,
Francisco Guillermo Ochoa Magaña,,0.4523997510840181,,Goalkeeper,,,
Yassine Bounou,,0.5696358960197179,,Goalkeeper,,,
Munir Mohand Mohamedi,,0.5427810880968973,,Goalkeeper,,,
Andries Noppert,,0.5528507125314223,,Goalkeeper,,,
Wojciech Szczęsny,,0.631768840602553,,Goalkeeper,,,
Diogo Meireles Costa,,0.5730028320522422,,Goalkeeper,,,
Meshaal Aissa Barsham,,0.4697615376554545,,Goalkeeper,,,
Saad Abdullah Al Sheeb,,0.4812132604584685,,Goalkeeper,,,
Mohammed Khalil Al Owais,,0.6055349890467856,,Goalkeeper,,,
Edouard Mendy,,0.47372173878538526,,Goalkeeper,,,
Vanja Milinković Savić,,0.5504006340140348,,Goalkeeper,,,
Seung-Gyu Kim,,0.5199582909923666,,Goalkeeper,,,
Unai Simón Mendibil,,0.5530230582110877,,Goalkeeper,,,
Yann Sommer,,0.5336142079546797,,Goalkeeper,,,
Gregor Kobel,,0.47407695151602447,,Goalkeeper,,,
Aymen Dahmen,,0.5405288225382232,,Goalkeeper,,,
Matthew Charles Turner,,0.6048408143492741,,Goalkeeper,,,
Sergio Rochet Álvarez,,0.5540899185322148,,Goalkeeper,,,
Wayne Hennessey,,0.46157692022240515,,Goalkeeper,,,
Daniel Ward,,0.4891592650399237,,Goalkeeper,,,
