player_name,team,position,minutes,vaep_off_p90,vaep_def_p90,vaep_per_touch,xt_p90,final_player_rating,team_rank
Lionel Andrés Messi Cuccittini,Argentina,Right Wing,733.9,1.599210203641965,0.07528821024024715,0.010032773172897016,0.13159967192838373,0.866578973278652,1
Julián Álvarez,Argentina,Center Forward,485.23333333333335,1.093570309874275,0.08188646427020975,0.013837234563497709,0.04075161989259861,0.6000298814198114,2
Ángel Fabián Di María Hernández,Argentina,Right Midfield,304.81666666666666,0.8505156470527835,0.07300638922743927,0.005248040803358499,0.19133564509578968,0.5016025594002769,3
Damián Emiliano Martínez,Argentina,Goalkeeper,733.9,0.002149512007608421,0.5894939862064619,0.013039254154333518,0.0008793753903279126,0.2999094004314008,4
Enzo Fernandez,Argentina,Center Defensive Midfield,601.1166666666667,0.2853059985290854,-0.06502751019556807,0.0011230964431333007,0.045296692436269076,0.11953551158695247,5
Alexis Mac Allister,Argentina,Left Center Midfield,552.35,0.2051457519375718,0.01985708353731579,0.0016094317038921804,0.0058739785199297045,0.1141590429525974,6
Nahuel Molina Lucero,Argentina,Right Wing Back,594.0,0.2136086534874542,-0.02127301186026836,0.0014151786340461834,0.01910671241084512,0.10041371688597579,7
Rodrigo Javier De Paul,Argentina,Right Defensive Midfield,634.7333333333333,0.10832105594964207,0.03439477727678734,0.0006298602179339148,0.049254669531176125,0.08139780858483012,8
Nicolás Alejandro Tagliafico,Argentina,Left Back,393.3333333333333,0.12515480723552666,0.02394067925392153,0.0014384161070848571,0.017957698366856165,0.0785708077502208,9
Marcos Javier Acuña,Argentina,Left Back,397.4833333333333,0.07003747762876829,-0.01491686633295111,0.00040983023406719783,0.055668876214612514,0.038817029961051255,10
Lisandro Martínez,Argentina,Left Center Back,334.91666666666663,0.045156637366567276,-0.012466555008718953,0.00030565196583889914,0.009482325885394832,0.018333201945754798,11
Nicolás Hernán Otamendi,Argentina,Left Center Back,733.9,0.03809775309770752,-0.16912847891869842,-0.0007185492765450588,0.0009127845214428254,-0.0655483707891704,12
Cristian Gabriel Romero,Argentina,Right Center Back,575.9166666666666,-0.004620822608086044,-0.15886118319776998,-0.0010919973537890193,0.0025994271589223866,-0.08154871667728024,13
Mathew Leckie,Australia,Right Midfield,341.6166666666667,0.4058523824399127,-0.010179533277746714,0.003783051772216119,0.015356836118643826,0.2020427073364766,1
Jackson Irvine,Australia,Left Center Forward,373.75,0.3812919959735848,-0.04324705428584015,0.00417805214800908,0.020227461168720498,0.17432137872201914,2
Aziz Eraltay Behich,Australia,Left Back,386.91666666666663,0.10548678781816566,-0.0206066048347044,0.0006924216206202308,0.039102912985408696,0.050468400574998434,3
Aaron Mooy,Australia,Left Defensive Midfield,386.91666666666663,0.11812409617264734,-0.03486011213557396,0.0006484747012280792,0.024806615171641996,0.046787857463233516,4
Harry Souttar,Australia,Right Center Back,386.91666666666663,0.02322173078007669,-0.14941665226120834,-0.0013329762044701386,0.0028987185959661443,-0.06291760988271364,5
Kye Rowles,Australia,Left Center Back,386.91666666666663,-0.015040145221726151,-0.1276379875328164,-0.0013050720456645804,0.00011178118978008396,-0.07170823175301463,6
Mathew Ryan,Australia,Goalkeeper,386.91666666666663,-0.020386779774822845,-0.30519038348508054,-0.004267318114881807,0.0013266119264526818,-0.1638034546791257,7
Richarlison de Andrade,Brazil,Center Forward,328.25,1.249704511469281,0.13312040465622885,0.019397960628982847,0.014027585622763213,0.7000373633760025,1
Raphael Dias Belloli,Brazil,Right Wing,330.45,0.6036169214231857,-0.003996979805826465,0.004342415290542545,0.1793113677325721,0.3369749689423568,2
Vinícius José Paixão de Oliveira Júnior,Brazil,Left Midfield,306.58333333333337,0.6542447086326301,-0.056432892448038716,0.004871853782879478,0.11524688718569338,0.3234168416642982,3
Carlos Henrique Casimiro,Brazil,Left Defensive Midfield,409.0666666666667,0.47462120510199035,-0.042307011293793516,0.0029548091263793884,0.03529251924980953,0.22410204349197413,4
Lucas Tolentino Coelho de Lima,Brazil,Right Defensive Midfield,318.76666666666665,0.3948843956515312,0.03147484503400253,0.0026493004669758016,0.03319643712956553,0.2206136979087727,5
Alisson Ramsés Becker,Brazil,Goalkeeper,394.98333333333335,-0.016022949886195355,0.43578154999887975,0.009851316165647165,0.0009046519823399057,0.21301562530250434,6
Éder Gabriel Militão,Brazil,Right Back,363.58333333333337,0.12024597781691114,-0.02533970579623223,0.0005244921528426587,0.016420394494799137,0.05089456255515208,7
Marcos Aoás Corrêa,Brazil,Left Center Back,455.0166666666667,0.07619383314247034,-0.02492025816940319,0.00026834979494281625,0.024421071404167313,0.030601506705849886,8
Thiago Emiliano da Silva,Brazil,Right Center Back,409.0666666666667,0.07312712948174162,-0.03288738006924208,0.00020481199651204617,0.02331817874119919,0.024844954053443224,9
Andrej Kramarić,Croatia,Right Wing,478.43333333333334,0.7579373260104854,0.045187460723891286,0.007080185531600337,0.00984684235749024,0.4056558174981665,1
Ivan Perišić,Croatia,Left Wing,686.8166666666666,0.420940409465727,-0.022262896644420486,0.003343325524186654,0.05735325194110888,0.21181240445613103,2
Dominik Livaković,Croatia,Goalkeeper,720.2833333333333,-0.025263969353134137,0.27104267704811186,0.0042483874931820865,0.0007160338833118603,0.12430707687210586,3
Luka Modrić,Croatia,Right Center Midfield,672.6666666666666,0.22420282418423354,-0.01916267995339425,0.0010022794153957651,0.07454084289034694,0.11772892451810776,4
Marcelo Brozović,Croatia,Center Defensive Midfield,569.8666666666667,0.27084221918100526,-0.05123302315281691,0.0009478751837455902,0.011585270481252628,0.11240601466546837,5
Mateo Kovačić,Croatia,Left Center Midfield,649.9166666666667,0.17588863957564999,0.0021583835238139205,0.0009710953991501057,0.048631536942777956,0.09904114755803257,6
Borna Sosa,Croatia,Left Back,440.4666666666667,0.15333461620202757,-0.0463756457618721,0.0007112297883435057,0.04866061694797762,0.06342497754617632,7
Joško Gvardiol,Croatia,Left Center Back,720.2833333333333,0.1371510686006445,-0.10556908062936164,0.0001853044930698017,0.011479408610218162,0.018142467055606,8
Josip Juranović,Croatia,Right Back,624.1333333333333,0.05154034084376028,-0.05336795509907016,-1.2305015935426921e-05,0.06760493888356242,0.012603489144276914,9
Dejan Lovren,Croatia,Right Center Back,624.1333333333333,0.02021019812909593,-0.17977893050250873,-0.0009190860541896706,0.008682681701852596,-0.07832355566259278,10
Harry Kane,England,Center Forward,421.51666666666665,0.9885127318411896,-0.013817395962463442,0.010921061376798186,0.04021256939299676,0.49866650023100184,1
Jude Bellingham,England,Right Defensive Midfield,441.76666666666665,0.34754744231036505,0.002880332869461267,0.002131451330698168,0.03048226259164168,0.18194977550745092,2
Harry Maguire,England,Left Center Back,453.71666666666664,0.34570732719291064,-0.02512293803813908,0.0014665706839349913,0.022220145756382637,0.1651761949338428,3
John Stones,England,Right Center Back,464.8833333333333,0.1970882340219347,-0.031951837166499075,0.0006818470434746522,0.0036040701580757114,0.08349356657237535,4
Luke Shaw,England,Left Back,457.16666666666663,0.13920005319746653,-0.011030171202375842,0.000628431978965633,0.07484393996127112,0.07924225858348925,5
Declan Rice,England,Left Defensive Midfield,449.54999999999995,0.0260599788818583,-0.02685412520415022,-4.585850728148153e-06,0.011703526992894633,0.001942256482214521,6
Jordan Pickford,England,Goalkeeper,486.3333333333333,-0.02808567098006919,-0.13117642529603865,-0.0023449732411629965,0.0009321450603209876,-0.08014811109833861,7
Kylian Mbappé Lottin,France,Left Center Forward,654.3000000000001,1.876035885408327,0.012735828949923804,0.013568547789905619,0.1197711728698097,0.9724106560900592,1
Olivier Giroud,France,Center Forward,432.6166666666666,1.7446037609939389,0.09654315784049537,0.033146518637942435,0.008985146505457368,0.9323144443096913,2
Adrien Rabiot,France,Left Defensive Midfield,529.25,0.5712271012060289,-0.03238560820764294,0.0039509817147325545,0.009520350857462721,0.2725101111851053,3
Antoine Griezmann,France,Center Attacking Midfield,586.0500000000001,0.48575293246244505,-0.015195038523069707,0.0035260254921770993,0.11822311560963347,0.2599813777392675,4
Ousmane Dembélé,France,Right Wing,448.0,0.4151429184425329,-0.004867090749810034,0.0031910342153878444,0.10393922562509396,0.22688306923599658,5
Theo Bernard François Hernández,France,Left Back,548.5,0.22930478543281274,-0.039002312087401264,0.0013423470502823842,0.0505236607877417,0.10565867294533879,6
Hugo Lloris,France,Goalkeeper,614.2,-0.015903423510327933,0.11901531362011773,0.0021388491356107023,0.0047152285148780995,0.053140645498553726,7
Raphaël Varane,France,Right Center Back,544.6,0.042138057231082736,-0.01632455749587873,0.00020994671379617836,0.006350121372416259,0.01423975815622411,8
Jules Koundé,France,Right Back,514.4166666666666,0.06449798338981061,-0.053099696043164876,8.594941340619084e-05,0.015412497622442439,0.008807428021833208,9
Aurélien Djani Tchouaméni,France,Right Defensive Midfield,662.2166666666667,0.036249097454662184,-0.06616002655322122,-0.00017100505710567875,0.02711044223646572,-0.00958467761911808,10
Ibrahima Konaté,France,Left Center Back,330.8166666666667,0.07599143153840306,-0.10432186729333667,-0.0001639926565470042,0.018162992550190323,-0.010581817164392843,11
Dayotchanculle Upamecano,France,Left Center Back,518.2333333333333,-0.004344364865182224,-0.21250983459193643,-0.0013528478949319143,0.013696057001215674,-0.10609374269679576,12
Mohamed Salisu,Ghana,Left Center Back,301.20000000000005,0.27562744854726784,-0.0910481764937044,0.0016560999923304533,0.00976948964172055,0.09474036395282497,1
Thomas Teye Partey,Ghana,Right Defensive Midfield,301.20000000000005,0.09021426175245123,-0.0324440558939111,0.0003921655624203807,0.03298094400306873,0.03559894139860993,2
Daniel Amartey,Ghana,Right Center Back,301.20000000000005,-0.00608518073069529,-0.18538768897823285,-0.0017318807314212962,0.006275909501929891,-0.09500081717350449,3
Lawrence Ati-Zigi,Ghana,Goalkeeper,301.20000000000005,-0.010313884431307955,-0.41321427083042706,-0.011430706125881238,0.0034960290794336063,-0.21449408365274517,4
Mehdi Taremi,Iran,Center Forward,305.1,0.7553148051881118,0.05718136020313816,0.009242825505625295,0.04406465658630194,0.41783386166457304,1
Morteza Pouraliganji,Iran,Right Center Back,305.1,0.14557210086524805,-0.11658413938533756,0.00033199050478681266,0.005963566326911397,0.015786291156773567,2
Seyed Majid Hosseini,Iran,Left Center Back,305.1,-0.012355749565726118,-0.07633408529829552,-0.0012074640168234273,0.007201733044650456,-0.04326681002812776,3
Daichi Kamada,Japan,Center Attacking Midfield,337.2166666666667,0.31734610339747726,0.04439204191674048,0.0037965805032381824,0.024971516436955457,0.1870023500954714,1
Junya Ito,Japan,Right Wing Back,346.33333333333337,0.19226228539247953,-0.031800224936575756,0.002079063234987954,0.05258626944310648,0.09137200308706957,2
Shūichi Gonda,Japan,Goalkeeper,412.51666666666665,-0.018765948913089667,0.15001421154474331,0.0028376360485639933,0.004058385149547897,0.0672870991603056,3
Wataru Endo,Japan,Right Defensive Midfield,326.01666666666665,0.08314808990092555,-0.062086515680045376,0.00014988919935044642,0.035333385626896606,0.017642430995624542,4
Maya Yoshida,Japan,Center Back,412.51666666666665,-0.08055479447397054,-0.07706094142356969,-0.0012412966396843637,0.003030528130417402,-0.07857415131459194,5
Youssef En-Nesyri,Morocco,Center Forward,553.8166666666667,0.7718833393876233,0.03021257567155141,0.01607723800307716,0.005023040234519277,0.4068757369774143,1
Selim Amallah,Morocco,Left Center Midfield,423.7,0.30896509649633286,-0.015506798726844375,0.004277202640692545,0.007610413239263281,0.1495343923248047,2
Nayef Aguerd,Morocco,Right Center Back,369.18333333333334,0.282931885864981,-0.11987880132686465,0.0016975883040063055,0.003021903795619386,0.08264019951938395,3
Achraf Hakimi Mouh,Morocco,Right Back,660.8,0.17991650311776508,-0.054770902430131434,0.0009151860661176219,0.04765713150572852,0.07237878246479783,4
Azzedine Ounahi,Morocco,Right Center Midfield,589.25,0.13814529010839918,-0.0067983022528452786,0.0010129068524261896,0.026852033038970366,0.07134777259129889,5
Yahia Attiyat allah,Morocco,Left Back,350.18333333333334,0.11132384957690043,-0.03569372338164594,0.000855439589517922,0.0362502478927526,0.04532174455303314,6
Hakim Ziyech,Morocco,Right Wing,662.6333333333333,0.07943952136145835,-0.0146676589166813,0.0004936737418678486,0.05400645844894079,0.04333532503473704,7
Yassine Bounou,Morocco,Goalkeeper,603.15,-0.019854001971693593,0.08541290895732893,0.0010485774263692908,0.001819924968876015,0.03345801171450367,8
Romain Saïss,Morocco,Left Center Back,485.7833333333333,0.13431433194262796,-0.07210325576405191,0.0007252484750727766,0.006949891082539965,0.032713090848317854,9
Sofiane Boufal,Morocco,Left Midfield,476.66666666666663,0.1109173873175258,-0.07372991200328896,0.0003702178341642904,0.06424573001603992,0.03155394901057569,10
Noussair Mazraoui,Morocco,Left Back,376.8333333333333,0.02480402852799694,-0.0003455067684170401,0.00032928854173163124,0.018762596860353135,0.016080566814380068,11
Jawad El Yamiq,Morocco,Right Center Back,335.56666666666666,-0.0009437447506291443,-0.0026177608974695577,-3.238814576279099e-05,0.001034927168294569,-0.0015834838341192742,12
Sofyan Amrabat,Morocco,Center Defensive Midfield,698.3833333333333,-0.004769579081294276,-0.07538195622846999,-0.0007457566800082272,0.011386615356195659,-0.03802217158764547,13
Memphis Depay,Netherlands,Left Center Forward,315.58333333333337,0.5924625736098084,0.19821255782463937,0.005646614472999649,0.04810243518759368,0.40665203709664244,1
Cody Mathès Gakpo,Netherlands,Center Attacking Midfield,460.2166666666667,0.6166731464244996,-0.010924043257137988,0.006026282600432468,0.0795901738189547,0.3206004711276015,2
Andries Noppert,Netherlands,Goalkeeper,509.51666666666665,-0.016688811241276424,0.3855475688028112,0.005452268193314805,0.0005321082890874148,0.18617148089657934,3
Frenkie de Jong,Netherlands,Left Defensive Midfield,499.45000000000005,0.2859328714472682,0.01930986679007505,0.0017284975693043208,0.02047973703337431,0.15723586579613774,4
Denzel Dumfries,Netherlands,Right Wing Back,509.51666666666665,0.27892794718813935,-0.008252434366581926,0.002483588781579876,0.044515050402512135,0.14498584312575508,5
Daley Blind,Netherlands,Left Wing Back,452.48333333333335,0.32166810355841224,-0.08127109962614157,0.0015396410143329127,0.039681990838555524,0.1285967924381463,6
Virgil van Dijk,Netherlands,Center Back,509.51666666666665,0.044854825449058756,-0.07175350112554078,-0.00017265461789403965,0.013639705293813868,-0.010773193164846451,7
Jurriën David Norman Timber,Netherlands,Right Center Back,409.40000000000003,-0.006896595143569513,-0.06095182637732501,-0.00036182289658270443,0.011407230087966727,-0.03175131161182873,8
Nathan Aké,Netherlands,Left Center Back,506.26666666666665,-0.0030896311571049187,-0.1065843232393205,-0.0006633723693241375,0.008591042019071812,-0.05331778050519559,9
Robert Lewandowski,Poland,Center Forward,389.75,1.0578092406875728,0.03437617430469407,0.0112079848734396,0.01383256762321518,0.5522216164828084,1
Piotr Zieliński,Poland,Right Center Midfield,344.4166666666667,0.34559265032539965,0.0031362999120883566,0.0033114988312920183,0.05977064951471921,0.18731205467107545,2
Kamil Glik,Poland,Right Center Back,389.75,0.22794406675130865,-0.10941542504771092,0.0015231301715785434,0.002661813805973311,0.0602536226644671,3
Grzegorz Krychowiak,Poland,Center Defensive Midfield,347.8833333333333,0.0028757243973150308,-0.0341122405789275,-0.0003738102294798744,0.014726251360928384,-0.01278515088746452,4
Matty Cash,Poland,Right Back,389.75,0.05638612106527877,-0.11407845676443501,-0.0006506246481118675,0.02970055790916104,-0.023101243662179468,5
Bartosz Bereszyński,Poland,Left Back,365.73333333333335,0.004769275078245765,-0.06483118144921009,-0.0006875318066794163,0.03117875910286307,-0.02400146090691337,6
Jakub Piotr Kiwior,Poland,Left Center Back,376.7,0.020984781495202012,-0.2884885903288031,-0.00216567128277708,0.012991028077779534,-0.13180340018607775,7
Wojciech Szczęsny,Poland,Goalkeeper,389.75,-0.022655436229988255,-0.38457612135248037,-0.0065559066322910834,0.0019317805209944129,-0.20519619467672276,8
Bruno Miguel Borges Fernandes,Portugal,Center Attacking Midfield,384.95,0.8434503960304262,-0.0011038319516797812,0.00536146345638415,0.11152611845327404,0.44508694476694327,1
Raphaël Adelino José Guerreiro,Portugal,Left Back,303.6166666666667,0.6222178065622549,-0.010656744989004091,0.004398960695996173,0.06033819806543159,0.31916785860851055,2
João Félix Sequeira,Portugal,Left Wing,340.23333333333335,0.49095450907007554,0.013547461898413467,0.004394479960467117,0.04471348373720651,0.26251202621982594,3
Cristiano Ronaldo dos Santos Aveiro,Portugal,Center Forward,302.8,0.4829129898772483,0.01674508985329285,0.0052533495327224955,0.014408438565339441,0.25428673243815525,4
Kléper Laveran Lima Ferreira,Portugal,Right Center Back,389.2833333333333,0.32024280600672506,-0.08281308722775761,0.0013149442645991234,0.014438203462266428,0.12199698336131676,5
Bernardo Mota Veiga de Carvalho e Silva,Portugal,Right Center Midfield,382.1,0.09042836133626725,-0.010086321625680615,0.00041801053068375754,0.03813190339971072,0.04792280369444059,6
João Pedro Cavaco Cancelo,Portugal,Right Back,344.54999999999995,0.0431578300377775,-0.019352916000381724,0.00012348664756977885,0.057944755200783,0.023528454053125418,7
Rúben Santos Gato Alves Dias,Portugal,Left Center Back,392.41666666666663,0.0516778849406268,-0.035053647415638114,0.00010237959628736621,0.005827740650037371,0.009508380771388027,8
Diogo Meireles Costa,Portugal,Goalkeeper,489.4,-0.024099282269990457,-0.1989228022489377,-0.003630971662127859,0.0010158267932519978,-0.11239716839945203,9
Ismaïla Sarr,Senegal,Left Wing,365.2,1.4194540919991747,-0.006613648504027454,0.015411270309570721,0.0856107363486059,0.7281657501101659,1
Boulaye Dia,Senegal,Center Attacking Midfield,330.05,0.4360525428453002,0.04207534583122071,0.0071567396670152265,0.006997440088697725,0.24261045425610459,2
Youssouf Sabaly,Senegal,Right Back,387.2833333333333,0.11624187144738052,-0.009544323864595137,0.0007755664768459659,0.06775513084638748,0.06713246990372398,3
Kalidou Koulibaly,Senegal,Right Center Back,387.2833333333333,0.2386136230073164,-0.11672658694848666,0.0010814391206181847,0.003800732803815985,0.06202809632636351,4
Abdou Diallo,Senegal,Left Center Back,348.5833333333333,0.027363620200952524,-0.04652261634347477,-0.00015889856623080848,0.023543997979101033,-0.0049183680453101595,5
Edouard Mendy,Senegal,Goalkeeper,387.2833333333333,-0.018974869954116205,-0.2898894545566901,-0.005803881860470326,0.004158338271437321,-0.1553416591592568,6
Jin-Su Kim,South Korea,Left Back,340.68333333333334,0.38185346072966964,-0.011179289125109449,0.0040436283177333835,0.04134897890945596,0.19481997007949128,1
Young-Gwon Kim,South Korea,Left Center Back,373.18333333333334,0.2584553969884485,0.047107810916874555,0.002291161271250448,0.016731073718763763,0.1568151670777894,2
Heung-Min Son,South Korea,Left Wing,389.65,0.2728437054273108,-0.0009719084880002734,0.0026812160384055263,0.07286602269884683,0.1513134678209463,3
In-Beom Hwang,South Korea,Left Defensive Midfield,360.1166666666667,0.06307326522391996,-0.042525855601078716,0.00011950039828831038,0.042112297262992135,0.018732014383505538,4
Moon-Hwan Kim,South Korea,Right Back,389.65,0.04832396306018991,-0.0563982344333125,-5.835911408898565e-05,0.035233987741424125,0.0029921541274968346,5
Woo-Young Jung,South Korea,Left Defensive Midfield,317.91666666666663,-0.00036598908712508877,-0.12126634707387543,-0.000792721338072668,0.031771921787345156,-0.05469960012445303,6
Seung-Gyu Kim,South Korea,Goalkeeper,389.65,-0.014286506721176505,-0.21904548441968624,-0.003915495708356467,0.001188593135518099,-0.1176029256558347,7
Daniel Olmo Carvajal,Spain,Left Wing,388.25,0.5481033417024738,0.03542519032838829,0.003632434705162453,0.06645140601061687,0.3061442776291032,1
Unai Simón Mendibil,Spain,Goalkeeper,413.95,-0.03018658246254648,0.4131874523167999,0.004599454890518369,0.00029917450556130173,0.19294010629539443,2
Pedro González López,Spain,Left Center Midfield,372.4,0.030789543535162982,-0.0031373050834365376,9.117037272618794e-05,0.08426692323517379,0.03070685498471584,3
Aymeric Laporte,Spain,Left Center Back,316.93333333333334,0.03633038193819001,-0.023745330839023523,3.787865332411363e-05,0.013375141359789395,0.008978917417538358,4
Rodrigo Hernández Cascante,Spain,Right Center Back,413.95,0.062198661182291504,-0.0733631854605601,-2.810651842722915e-05,0.032764099059501714,0.0009621257172378727,5
Sergio Busquets i Burgos,Spain,Center Defensive Midfield,379.2833333333333,-0.060817130367959674,-0.01975402883095818,-0.0004709400189782127,0.02997643292008694,-0.034431575021135,6
Breel-Donald Embolo,Switzerland,Center Forward,330.15,0.9805295743329154,0.05419350634144957,0.012954638797293954,0.004607291414364751,0.5221693902592436,1
Remo Freuler,Switzerland,Right Defensive Midfield,346.05,0.28932603631381754,-0.08289477921433756,0.0019125980326445795,0.013229284794109024,0.10643526491835516,2
Manuel Obafemi Akanji,Switzerland,Left Center Back,386.58333333333337,0.277946682360387,-0.1083060651248685,0.0010859452770265088,0.00764274895753203,0.08667464199237361,3
Granit Xhaka,Switzerland,Left Defensive Midfield,386.58333333333337,0.07765045325842142,-0.07055122561255514,4.606316024557128e-05,0.034243218594614384,0.010412076489929685,4
Ricardo Iván Rodríguez Araya,Switzerland,Left Back,380.23333333333335,0.0392109165485455,-0.11148285119934696,-0.0005452420360857754,0.035710151132238487,-0.029157509709778765,5
Christian Pulisic,United States,Left Wing,336.31666666666666,0.7191204821520589,0.0513642626447212,0.005735432958998903,0.09791621576573584,0.4065462454392369,1
Timothy Weah,United States,Right Wing,317.8833333333333,0.6266349073526566,0.07672063154964101,0.006624740836288159,0.017870293405586,0.35723925038315246,2
Sergino Dest,United States,Right Back,307.56666666666666,0.08598992753883392,-0.03504372238909219,0.0002868269173937805,0.08276146243884391,0.04211144313785778,3
Tim Ream,United States,Left Center Back,391.2,0.07333258920885906,0.0110439166702163,0.0005209610022079273,-0.003145323939448112,0.04171547645231044,4
Antonee Robinson,United States,Left Back,386.26666666666665,0.08349740942480201,-0.079337816113026,2.8113950012750396e-05,0.060255681509174264,0.01413936714272669,5
Yunus Dimoara Musah,United States,Right Center Midfield,364.8666666666667,0.058287470930027244,-0.09492977602015443,-0.00027157334383948276,0.03766453576728553,-0.010869717394758328,6
Tyler Adams,United States,Center Defensive Midfield,391.2,0.007671450999132615,-0.08438407703077112,-0.0004910813173552116,0.02347056885521245,-0.033809523639983324,7
Walker Zimmerman,United States,Right Center Back,310.06666666666666,0.04902618536561443,-0.2810550655471211,-0.0012976987995721352,0.001858837854921072,-0.11603198215964078,8
Matthew Charles Turner,United States,Goalkeeper,391.2,-0.08616012355169507,-0.1688801985884127,-0.004121097646477082,0.0011089979110792897,-0.12853469078178115,9
