layout,target,model,architecture,fold,rows,positive_rate,log_loss,brier,roc_auc,pr_auc,ece,recall_at_5pct,lift_at_5pct,recall_at_10pct,lift_at_10pct,recall_at_20pct,lift_at_20pct
Enhanced History,transition_box_15,Gradient Boosting,Direct,0,1865,0.028418230563002682,0.1274575422722326,0.027528829205342317,0.6050491482360782,0.04488114977758785,0.002977052787831719,0.1320754716981132,2.620433560818948,0.1509433962264151,1.5053980425789526,0.32075471698113206,1.6037735849056605
Enhanced History,transition_box_15,Gradient Boosting,Direct,1,1966,0.023906408952187184,0.11446326590486179,0.023490293356867704,0.5594558336012772,0.02862072238014969,0.00434572840027225,0.0425531914893617,0.8450462067483344,0.1276595744680851,1.2740036721028187,0.2553191489361702,1.2740036721028187
Enhanced History,transition_box_15,Gradient Boosting,Direct,2,1945,0.02622107969151671,0.12254089917588665,0.02565133776674721,0.5473787191751041,0.03373830316453474,0.0013762475164874435,0.058823529411764705,1.1674669867947178,0.09803921568627451,0.9778783308195073,0.19607843137254902,0.9803921568627452
Enhanced History,transition_box_15,Gradient Boosting,Direct,3,1975,0.028860759493670885,0.13322632649255112,0.028272603893660347,0.5526315789473685,0.034257857052300555,0.005598627517428796,0.05263157894736842,1.0499734183944711,0.08771929824561403,0.8749778486620592,0.22807017543859648,1.1403508771929827
Enhanced History,transition_box_15,Gradient Boosting,Direct,4,1934,0.026370217166494313,0.12315979475359796,0.02573890509723812,0.5382628887986421,0.03781834495480603,0.0003983986875494554,0.0784313725490196,1.5637760258742672,0.11764705882352941,1.1728320194057005,0.27450980392156865,1.371839691949131
Enhanced History,transition_box_15,Gradient Boosting,Hierarchical: final third × box,0,1865,0.028418230563002682,0.12965177577964299,0.02761229324686654,0.5467741263692782,0.05498302780129152,0.0008186686784738828,0.09433962264150944,1.87173825772782,0.11320754716981132,1.1290485319342145,0.2641509433962264,1.320754716981132
Enhanced History,transition_box_15,Gradient Boosting,Hierarchical: final third × box,1,1966,0.023906408952187184,0.11552970332383021,0.023522457102982865,0.5546938232457065,0.02855398598157988,0.004469136048151059,0.06382978723404255,1.2675693101225016,0.0851063829787234,0.8493357814018792,0.23404255319148937,1.167836699427584
Enhanced History,transition_box_15,Gradient Boosting,Hierarchical: final third × box,2,1945,0.02622107969151671,0.12298378628425907,0.02562201006038775,0.5465246288589354,0.030860502246535332,0.0022187616536734796,0.09803921568627451,1.94577831132453,0.09803921568627451,0.9778783308195073,0.17647058823529413,0.8823529411764706
Enhanced History,transition_box_15,Gradient Boosting,Hierarchical: final third × box,3,1975,0.028860759493670885,0.1339529233904648,0.028275687005129026,0.5564504326509705,0.035528316999223326,0.005820704691538594,0.05263157894736842,1.0499734183944711,0.15789473684210525,1.5749601275917067,0.22807017543859648,1.1403508771929827
Enhanced History,transition_box_15,Gradient Boosting,Hierarchical: final third × box,4,1934,0.026370217166494313,0.12248873924154915,0.025671053860641297,0.5534451698895171,0.04208289990295185,0.0016640480840134858,0.11764705882352941,2.345664038811401,0.19607843137254902,1.954720032342834,0.35294117647058826,1.7637938896488827
Enhanced History,transition_box_15,Gradient Boosting: Weighted,Direct,0,1865,0.028418230563002682,0.188990813607946,0.03864964092157362,0.6148059061185389,0.06218556620630738,0.09874202102498392,0.11320754716981132,2.246085909273384,0.18867924528301888,1.8817475532236907,0.3018867924528302,1.5094339622641508
Enhanced History,transition_box_15,Gradient Boosting: Weighted,Direct,1,1966,0.023906408952187184,0.19220533862886718,0.0387848918656634,0.5488286230638741,0.028643335773281722,0.11068833250166593,0.0425531914893617,0.8450462067483344,0.10638297872340426,1.061669726752349,0.2765957446808511,1.3801706447780537
Enhanced History,transition_box_15,Gradient Boosting: Weighted,Direct,2,1945,0.02622107969151671,0.18491455460606504,0.03769316822482591,0.5558937408120587,0.03245250918591118,0.09663591899977453,0.058823529411764705,1.1674669867947178,0.13725490196078433,1.36902966314731,0.17647058823529413,0.8823529411764706
Enhanced History,transition_box_15,Gradient Boosting: Weighted,Direct,3,1975,0.028860759493670885,0.19314640812225822,0.04078773287617106,0.5465900151839453,0.04069240324867046,0.09625859201397438,0.07017543859649122,1.399964557859295,0.12280701754385964,1.2249689881268828,0.22807017543859648,1.1403508771929827
Enhanced History,transition_box_15,Gradient Boosting: Weighted,Direct,4,1934,0.026370217166494313,0.1922643569448967,0.039508442423157014,0.5340455884956213,0.0349574298950428,0.10292636747718913,0.0784313725490196,1.5637760258742672,0.19607843137254902,1.954720032342834,0.3137254901960784,1.567816790799007
Enhanced History,transition_box_15,Gradient Boosting: Weighted,Hierarchical: final third × box,0,1865,0.028418230563002682,0.16236031530320696,0.0326584234321393,0.5510225332167104,0.04801529854358272,0.06367966315726815,0.09433962264150944,1.87173825772782,0.16981132075471697,1.6935727979013215,0.32075471698113206,1.6037735849056605
Enhanced History,transition_box_15,Gradient Boosting: Weighted,Hierarchical: final third × box,1,1966,0.023906408952187184,0.14986163723429866,0.029092034096857792,0.5604980430853836,0.029298178793767733,0.0635506748810405,0.0425531914893617,0.8450462067483344,0.10638297872340426,1.061669726752349,0.3191489361702128,1.5925045901285235
Enhanced History,transition_box_15,Gradient Boosting: Weighted,Hierarchical: final third × box,2,1945,0.02622107969151671,0.1485682287508505,0.029608335506440764,0.5415553761103173,0.030130116251970922,0.052667271380670524,0.0196078431372549,0.38915566226490594,0.11764705882352941,1.1734539969834088,0.19607843137254902,0.9803921568627452
Enhanced History,transition_box_15,Gradient Boosting: Weighted,Hierarchical: final third × box,3,1975,0.028860759493670885,0.1591585256080679,0.03266846455802636,0.5366472751221119,0.034614165852390695,0.053932314157784406,0.08771929824561403,1.7499556973241184,0.14035087719298245,1.399964557859295,0.19298245614035087,0.9649122807017544
Enhanced History,transition_box_15,Gradient Boosting: Weighted,Hierarchical: final third × box,4,1934,0.026370217166494313,0.15177319892600247,0.02996729276980607,0.5425010152759989,0.04008105224200783,0.05678148166068667,0.13725490196078433,2.7366080452799673,0.17647058823529413,1.7592480291085506,0.3333333333333333,1.6658053402239448
Enhanced History,transition_box_15,Histogram Gradient Boosting,Direct,0,1865,0.028418230563002682,0.1310452076212206,0.027858163263812224,0.6018992877670873,0.03893006495558215,0.007459298320949459,0.05660377358490566,1.123042954636692,0.1509433962264151,1.5053980425789526,0.2830188679245283,1.4150943396226414
Enhanced History,transition_box_15,Histogram Gradient Boosting,Direct,1,1966,0.023906408952187184,0.12094500079552267,0.02373759960182108,0.5167751377601366,0.025733584118638755,0.0027784310106235633,0.0425531914893617,0.8450462067483344,0.1276595744680851,1.2740036721028187,0.1702127659574468,0.8493357814018792
Enhanced History,transition_box_15,Histogram Gradient Boosting,Direct,2,1945,0.02622107969151671,0.12586533495313973,0.02577585532832252,0.5672298486448433,0.03379535154347593,0.007565717446593712,0.0784313725490196,1.5566226490596238,0.09803921568627451,0.9778783308195073,0.19607843137254902,0.9803921568627452
Enhanced History,transition_box_15,Histogram Gradient Boosting,Direct,3,1975,0.028860759493670885,0.14450976578572886,0.02852269893853817,0.5057397142491264,0.03461554956956593,0.009775476400484784,0.07017543859649122,1.399964557859295,0.12280701754385964,1.2249689881268828,0.19298245614035087,0.9649122807017544
Enhanced History,transition_box_15,Histogram Gradient Boosting,Direct,4,1934,0.026370217166494313,0.129685778423487,0.026015047162510994,0.5273499734466278,0.03155217429198269,0.0077952901550753986,0.0784313725490196,1.5637760258742672,0.13725490196078433,1.3683040226399836,0.27450980392156865,1.371839691949131
Enhanced History,transition_box_15,Histogram Gradient Boosting,Hierarchical: final third × box,0,1865,0.028418230563002682,0.1361971610986641,0.027874949488486248,0.5273074680328209,0.03307577513317163,0.005625825549101813,0.03773584905660377,0.748695303091128,0.11320754716981132,1.1290485319342145,0.22641509433962265,1.1320754716981132
Enhanced History,transition_box_15,Histogram Gradient Boosting,Hierarchical: final third × box,1,1966,0.023906408952187184,0.12400330001822461,0.02385660726067759,0.5080494051644806,0.024742573828450597,0.001214231183859789,0.0425531914893617,0.8450462067483344,0.10638297872340426,1.061669726752349,0.14893617021276595,0.7431688087266444
Enhanced History,transition_box_15,Histogram Gradient Boosting,Hierarchical: final third × box,2,1945,0.02622107969151671,0.1281361561452476,0.02581633923841566,0.5538749818829326,0.03552966088295745,0.006825460208646698,0.0392156862745098,0.7783113245298119,0.09803921568627451,0.9778783308195073,0.17647058823529413,0.8823529411764706
Enhanced History,transition_box_15,Histogram Gradient Boosting,Hierarchical: final third × box,3,1975,0.028860759493670885,0.1472878748347655,0.028489890089956893,0.5068556427565263,0.03485760162434587,0.009337727037163337,0.10526315789473684,2.0999468367889422,0.14035087719298245,1.399964557859295,0.21052631578947367,1.0526315789473684
Enhanced History,transition_box_15,Histogram Gradient Boosting,Hierarchical: final third × box,4,1934,0.026370217166494313,0.1309807568568606,0.025973390135198594,0.5329001489071465,0.03467746705208202,0.006872772583281996,0.0784313725490196,1.5637760258742672,0.1568627450980392,1.5637760258742672,0.3137254901960784,1.567816790799007
Enhanced History,transition_box_15,Logistic Regression,Direct,0,1865,0.028418230563002682,0.13161760532578176,0.027813006048679156,0.547096921987588,0.03499907649263032,0.003218321178370021,0.05660377358490566,1.123042954636692,0.11320754716981132,1.1290485319342145,0.16981132075471697,0.8490566037735848
Enhanced History,transition_box_15,Logistic Regression,Direct,1,1966,0.023906408952187184,0.11432012963849812,0.023363327722806273,0.545879391970552,0.056704517127009725,0.003626854114653757,0.0851063829787234,1.6900924134966688,0.1702127659574468,1.6986715628037583,0.2553191489361702,1.2740036721028187
Enhanced History,transition_box_15,Logistic Regression,Direct,2,1945,0.02622107969151671,0.12221060020867286,0.025580855193390612,0.5836594405449614,0.03615589773680033,0.004277805137659938,0.0392156862745098,0.7783113245298119,0.19607843137254902,1.9557566616390145,0.27450980392156865,1.3725490196078431
Enhanced History,transition_box_15,Logistic Regression,Direct,3,1975,0.028860759493670885,0.13537168491162138,0.02851185791711558,0.5744424930940489,0.03699809063759669,0.006508428192849524,0.05263157894736842,1.0499734183944711,0.08771929824561403,0.8749778486620592,0.22807017543859648,1.1403508771929827
Enhanced History,transition_box_15,Logistic Regression,Direct,4,1934,0.026370217166494313,0.12477056706417734,0.025775733718502666,0.5415325981693793,0.03837014936000919,0.0017329242223401576,0.09803921568627451,1.954720032342834,0.17647058823529413,1.7592480291085506,0.2549019607843137,1.2738511425241932
Enhanced History,transition_box_15,Logistic Regression,Hierarchical: final third × box,0,1865,0.028418230563002682,0.13188718619244497,0.027819350258017853,0.5378816277229372,0.032943541127235645,0.0031176724570464763,0.05660377358490566,1.123042954636692,0.1320754716981132,1.3172232872565834,0.22641509433962265,1.1320754716981132
Enhanced History,transition_box_15,Logistic Regression,Hierarchical: final third × box,1,1966,0.023906408952187184,0.11456193578565307,0.02336724404518424,0.5483629549965076,0.04449402243819139,0.0016772904401685601,0.10638297872340426,2.112615516870836,0.2127659574468085,2.123339453504698,0.2765957446808511,1.3801706447780537
Enhanced History,transition_box_15,Logistic Regression,Hierarchical: final third × box,2,1945,0.02622107969151671,0.12173730044573314,0.025595861702380398,0.5939085243389859,0.034973987382955374,0.0034539897434454864,0.0784313725490196,1.5566226490596238,0.11764705882352941,1.1734539969834088,0.3137254901960784,1.5686274509803921
Enhanced History,transition_box_15,Logistic Regression,Hierarchical: final third × box,3,1975,0.028860759493670885,0.13521222194895627,0.02838447629159867,0.5736558549658819,0.036947907779074265,0.004830138078952488,0.07017543859649122,1.399964557859295,0.10526315789473684,1.0499734183944711,0.24561403508771928,1.2280701754385965
Enhanced History,transition_box_15,Logistic Regression,Hierarchical: final third × box,4,1934,0.026370217166494313,0.12465671705674887,0.025742818929459687,0.5535388876740287,0.04047032243256592,0.0018007409767304614,0.09803921568627451,1.954720032342834,0.17647058823529413,1.7592480291085506,0.2549019607843137,1.2738511425241932
Enhanced History,transition_box_15,Logistic Regression: Weighted,Direct,0,1865,0.028418230563002682,0.19853326085467696,0.043481548235165195,0.523147569661377,0.03534453408729056,0.09852803957332235,0.07547169811320754,1.497390606182256,0.11320754716981132,1.1290485319342145,0.18867924528301888,0.9433962264150944
Enhanced History,transition_box_15,Logistic Regression: Weighted,Direct,1,1966,0.023906408952187184,0.19192457705088445,0.03986311543076955,0.5472209594979655,0.04409347191671022,0.10861894363995857,0.0851063829787234,1.6900924134966688,0.1702127659574468,1.6986715628037583,0.2765957446808511,1.3801706447780537
Enhanced History,transition_box_15,Logistic Regression: Weighted,Direct,2,1945,0.02622107969151671,0.1831998099262757,0.03968494661670866,0.5791457026316335,0.03461560394685356,0.09170399610266507,0.0784313725490196,1.5566226490596238,0.1568627450980392,1.5646053293112117,0.27450980392156865,1.3725490196078431
Enhanced History,transition_box_15,Logistic Regression: Weighted,Direct,3,1975,0.028860759493670885,0.2108727295832034,0.04981474524550763,0.575320600772003,0.03590464304194407,0.10795164622065297,0.07017543859649122,1.399964557859295,0.10526315789473684,1.0499734183944711,0.24561403508771928,1.2280701754385965
Enhanced History,transition_box_15,Logistic Regression: Weighted,Direct,4,1934,0.026370217166494313,0.18629365576144202,0.03953775457033075,0.5447814813657805,0.03701399903307781,0.09349288168222748,0.0784313725490196,1.5637760258742672,0.19607843137254902,1.954720032342834,0.27450980392156865,1.371839691949131
Enhanced History,transition_box_15,Logistic Regression: Weighted,Hierarchical: final third × box,0,1865,0.028418230563002682,0.16362574685012068,0.03381697803245771,0.5185347161481111,0.0327119285631432,0.06038423837014852,0.05660377358490566,1.123042954636692,0.11320754716981132,1.1290485319342145,0.22641509433962265,1.1320754716981132
Enhanced History,transition_box_15,Logistic Regression: Weighted,Hierarchical: final third × box,1,1966,0.023906408952187184,0.14801552284922614,0.028520921296801675,0.5484960030157551,0.04195446899073342,0.061680113365497884,0.0851063829787234,1.6900924134966688,0.2127659574468085,2.123339453504698,0.2553191489361702,1.2740036721028187
Enhanced History,transition_box_15,Logistic Regression: Weighted,Hierarchical: final third × box,2,1945,0.02622107969151671,0.14755535511858742,0.03019690595625517,0.60107253038491,0.03595170499599558,0.05379571862186638,0.058823529411764705,1.1674669867947178,0.11764705882352941,1.1734539969834088,0.35294117647058826,1.7647058823529411
Enhanced History,transition_box_15,Logistic Regression: Weighted,Hierarchical: final third × box,3,1975,0.028860759493670885,0.16588325946744348,0.035688787351448585,0.5760889449902128,0.037516805552105084,0.060964109304304126,0.07017543859649122,1.399964557859295,0.10526315789473684,1.0499734183944711,0.2631578947368421,1.3157894736842106
Enhanced History,transition_box_15,Logistic Regression: Weighted,Hierarchical: final third × box,4,1934,0.026370217166494313,0.15193267448116904,0.030328294137222902,0.5562358772505285,0.039118951020743586,0.055481294648526594,0.11764705882352941,2.345664038811401,0.17647058823529413,1.7592480291085506,0.2549019607843137,1.2738511425241932
Enhanced History,transition_box_15,Random Forest,Direct,0,1865,0.028418230563002682,0.1356787956847839,0.02775689710170466,0.5629347328085301,0.04106124323626001,0.0013405511211179162,0.09433962264150944,1.87173825772782,0.18867924528301888,1.8817475532236907,0.3018867924528302,1.5094339622641508
Enhanced History,transition_box_15,Random Forest,Direct,1,1966,0.023906408952187184,0.12645697961625596,0.024117867463394272,0.5188152073886,0.027681492800554243,0.01143136935830962,0.02127659574468085,0.4225231033741672,0.1276595744680851,1.2740036721028187,0.2978723404255319,1.4863376174532887
Enhanced History,transition_box_15,Random Forest,Direct,2,1945,0.02622107969151671,0.12294124265031033,0.025764369318543427,0.574497380789697,0.0402523622416473,0.0042730969319928775,0.0784313725490196,1.5566226490596238,0.17647058823529413,1.7601809954751133,0.29411764705882354,1.4705882352941175
Enhanced History,transition_box_15,Random Forest,Direct,3,1975,0.028860759493670885,0.13879478504251075,0.028534496266407295,0.5239147137917787,0.035972857489408545,0.0024885667939585124,0.14035087719298245,2.79992911571859,0.17543859649122806,1.7499556973241184,0.2631578947368421,1.3157894736842106
Enhanced History,transition_box_15,Random Forest,Direct,4,1934,0.026370217166494313,0.1266640374851302,0.025887223886437806,0.5423448189684796,0.037374489426170075,0.004161953832290888,0.09803921568627451,1.954720032342834,0.13725490196078433,1.3683040226399836,0.27450980392156865,1.371839691949131
Enhanced History,transition_box_15,Random Forest,Hierarchical: final third × box,0,1865,0.028418230563002682,0.1304667516096164,0.027559786806942536,0.5730663501187054,0.04774745222924691,0.0001648629368922219,0.1509433962264151,2.994781212364512,0.20754716981132076,2.06992230854606,0.33962264150943394,1.6981132075471697
Enhanced History,transition_box_15,Random Forest,Hierarchical: final third × box,1,1966,0.023906408952187184,0.12030452290972674,0.023736287327435338,0.5244919228764982,0.027547266127918378,0.007991420504314933,0.02127659574468085,0.4225231033741672,0.1276595744680851,1.2740036721028187,0.2765957446808511,1.3801706447780537
Enhanced History,transition_box_15,Random Forest,Hierarchical: final third × box,2,1945,0.02622107969151671,0.12026811901921709,0.025525855782418175,0.5933701886245523,0.039562699887726024,0.0017561212928749034,0.09803921568627451,1.94577831132453,0.13725490196078433,1.36902966314731,0.2549019607843137,1.2745098039215685
Enhanced History,transition_box_15,Random Forest,Hierarchical: final third × box,3,1975,0.028860759493670885,0.13389097639014938,0.028293775754513032,0.5533953496880889,0.03566628560681269,0.003358562801275206,0.05263157894736842,1.0499734183944711,0.15789473684210525,1.5749601275917067,0.2807017543859649,1.4035087719298247
Enhanced History,transition_box_15,Random Forest,Hierarchical: final third × box,4,1934,0.026370217166494313,0.1275849745736442,0.02589498696921667,0.5086272427186488,0.033540794426061143,0.0029279294975564814,0.0784313725490196,1.5637760258742672,0.13725490196078433,1.3683040226399836,0.23529411764705882,1.1758625930992552
Enhanced History,transition_box_15,Soft Vote: Unweighted,Direct,0,1865,0.028418230563002682,0.12827689582115484,0.02757094186739389,0.5885605397975759,0.042761030443338593,0.003377808978232528,0.11320754716981132,2.246085909273384,0.16981132075471697,1.6935727979013215,0.3018867924528302,1.5094339622641508
Enhanced History,transition_box_15,Soft Vote: Unweighted,Direct,1,1966,0.023906408952187184,0.11584983179516518,0.0234980112886598,0.5435732263035935,0.029623897374173057,0.004061915675439479,0.0425531914893617,0.8450462067483344,0.1702127659574468,1.6986715628037583,0.2553191489361702,1.2740036721028187
Enhanced History,transition_box_15,Soft Vote: Unweighted,Direct,2,1945,0.02622107969151671,0.12149519682502256,0.0255659732833772,0.5718367600472078,0.03590194492216421,0.001977715186995593,0.0784313725490196,1.5566226490596238,0.13725490196078433,1.36902966314731,0.2549019607843137,1.2745098039215685
Enhanced History,transition_box_15,Soft Vote: Unweighted,Direct,3,1975,0.028860759493670885,0.13470016151873113,0.028262411100673263,0.541824451640049,0.035310603861167245,0.004394369653128287,0.08771929824561403,1.7499556973241184,0.14035087719298245,1.399964557859295,0.21052631578947367,1.0526315789473684
Enhanced History,transition_box_15,Soft Vote: Unweighted,Direct,4,1934,0.026370217166494313,0.123689124218923,0.02571500716744827,0.5331188237376735,0.03989651172501992,0.0012984811808928504,0.11764705882352941,2.345664038811401,0.19607843137254902,1.954720032342834,0.3137254901960784,1.567816790799007
Enhanced History,transition_box_15,Soft Vote: Unweighted,Hierarchical: final third × box,0,1865,0.028418230563002682,0.1291221600702587,0.027585322213793912,0.5566870756799533,0.048411266224850494,0.002028555355562959,0.1320754716981132,2.620433560818948,0.18867924528301888,1.8817475532236907,0.2830188679245283,1.4150943396226414
Enhanced History,transition_box_15,Soft Vote: Unweighted,Hierarchical: final third × box,1,1966,0.023906408952187184,0.11656707308804122,0.023515672743489997,0.5332398301420287,0.028610851740801527,0.0037002822637147714,0.0425531914893617,0.8450462067483344,0.1702127659574468,1.6986715628037583,0.2765957446808511,1.3801706447780537
Enhanced History,transition_box_15,Soft Vote: Unweighted,Hierarchical: final third × box,2,1945,0.02622107969151671,0.12115019509020802,0.02556011298921429,0.5766714288672175,0.035513618039667155,0.002882827024622272,0.0784313725490196,1.5566226490596238,0.13725490196078433,1.36902966314731,0.19607843137254902,0.9803921568627452
Enhanced History,transition_box_15,Soft Vote: Unweighted,Hierarchical: final third × box,3,1975,0.028860759493670885,0.13523832524596868,0.028255170449924157,0.5459039935605436,0.03607200021383305,0.005477244552085438,0.08771929824561403,1.7499556973241184,0.14035087719298245,1.399964557859295,0.19298245614035087,0.9649122807017544
Enhanced History,transition_box_15,Soft Vote: Unweighted,Hierarchical: final third × box,4,1934,0.026370217166494313,0.12399822674944401,0.025704288154980423,0.5299740714129517,0.03977642299203852,0.0020831570323367994,0.0784313725490196,1.5637760258742672,0.19607843137254902,1.954720032342834,0.29411764705882354,1.4698282413740689
Enhanced History,transition_box_15,Soft Vote: Weighted,Direct,0,1865,0.028418230563002682,0.1864290924066368,0.03848817898564745,0.5795951518180682,0.05929463110525989,0.09402879313362392,0.11320754716981132,2.246085909273384,0.18867924528301888,1.8817475532236907,0.24528301886792453,1.2264150943396226
Enhanced History,transition_box_15,Soft Vote: Weighted,Direct,1,1966,0.023906408952187184,0.18360619375378304,0.03672099411884328,0.5590733205459404,0.03257787231690078,0.10170288488019721,0.10638297872340426,2.112615516870836,0.19148936170212766,1.911005508154228,0.2553191489361702,1.2740036721028187
Enhanced History,transition_box_15,Soft Vote: Weighted,Direct,2,1945,0.02622107969151671,0.17673858772199127,0.03593144869919579,0.570470215541338,0.03502914719715316,0.08842576674048777,0.11764705882352941,2.3349339735894357,0.1568627450980392,1.5646053293112117,0.29411764705882354,1.4705882352941175
Enhanced History,transition_box_15,Soft Vote: Weighted,Direct,3,1975,0.028860759493670885,0.19317298935364996,0.04199164060638191,0.5575938020233064,0.03954566114963634,0.09395935454229144,0.07017543859649122,1.399964557859295,0.10526315789473684,1.0499734183944711,0.22807017543859648,1.1403508771929827
Enhanced History,transition_box_15,Soft Vote: Weighted,Direct,4,1934,0.026370217166494313,0.18292311418563922,0.03716384958666698,0.5352222673456,0.04325692686579309,0.09280899128684318,0.09803921568627451,1.954720032342834,0.21568627450980393,2.1501920355771174,0.3137254901960784,1.567816790799007
Enhanced History,transition_box_15,Soft Vote: Weighted,Hierarchical: final third × box,0,1865,0.028418230563002682,0.15837566899433,0.03200267371209142,0.5481069598900412,0.045508655920944156,0.059219882935501615,0.1320754716981132,2.620433560818948,0.16981132075471697,1.6935727979013215,0.2641509433962264,1.320754716981132
Enhanced History,transition_box_15,Soft Vote: Weighted,Hierarchical: final third × box,1,1966,0.023906408952187184,0.1479106595987107,0.028443656001294445,0.5553258013371327,0.03559130784855229,0.06147474906205441,0.10638297872340426,2.112615516870836,0.19148936170212766,1.911005508154228,0.2765957446808511,1.3801706447780537
Enhanced History,transition_box_15,Soft Vote: Weighted,Hierarchical: final third × box,2,1945,0.02622107969151671,0.14516158676625635,0.029158723179424282,0.5706358572996253,0.03498349355680702,0.05062865204815046,0.0784313725490196,1.5566226490596238,0.11764705882352941,1.1734539969834088,0.19607843137254902,0.9803921568627452
Enhanced History,transition_box_15,Soft Vote: Weighted,Hierarchical: final third × box,3,1975,0.028860759493670885,0.15931638350835128,0.03306692466064615,0.5550783894041673,0.03668980137824866,0.0536619950393234,0.07017543859649122,1.399964557859295,0.14035087719298245,1.399964557859295,0.17543859649122806,0.8771929824561404
Enhanced History,transition_box_15,Soft Vote: Weighted,Hierarchical: final third × box,4,1934,0.026370217166494313,0.14902741342350131,0.029431716359789,0.5497797632063979,0.04624975484410834,0.05409748818749977,0.17647058823529413,3.518496058217101,0.23529411764705882,2.345664038811401,0.3333333333333333,1.6658053402239448
Enhanced History,transition_box_15,XGBoost,Direct,0,1865,0.028418230563002682,0.12854786111306885,0.02755719862799887,0.6023001790995044,0.04500936210218012,0.00523912178579688,0.09433962264150944,1.87173825772782,0.18867924528301888,1.8817475532236907,0.32075471698113206,1.6037735849056605
Enhanced History,transition_box_15,XGBoost,Direct,1,1966,0.023906408952187184,0.11720626121167448,0.023559131820548272,0.5365216812834699,0.030867733708843274,0.00304507415496298,0.06382978723404255,1.2675693101225016,0.10638297872340426,1.061669726752349,0.23404255319148937,1.167836699427584
Enhanced History,transition_box_15,XGBoost,Direct,2,1945,0.02622107969151671,0.12445569666167028,0.025710478459306244,0.5395987328405492,0.03074105644697729,0.00373088731544193,0.0392156862745098,0.7783113245298119,0.09803921568627451,0.9778783308195073,0.23529411764705882,1.1764705882352942
Enhanced History,transition_box_15,XGBoost,Direct,3,1975,0.028860759493670885,0.13703786227297757,0.028310540452010126,0.5326454823189359,0.035733690230893476,0.006904059946713853,0.08771929824561403,1.7499556973241184,0.10526315789473684,1.0499734183944711,0.2631578947368421,1.3157894736842106
Enhanced History,transition_box_15,XGBoost,Direct,4,1934,0.026370217166494313,0.1270729963082692,0.025858564692408485,0.5068153655514249,0.039056840911695846,0.003500082332403962,0.11764705882352941,2.345664038811401,0.17647058823529413,1.7592480291085506,0.29411764705882354,1.4698282413740689
Enhanced History,transition_box_15,XGBoost,Hierarchical: final third × box,0,1865,0.028418230563002682,0.12931326629628748,0.02756598565140426,0.57333187554667,0.04613316033852381,0.0030879382288767545,0.1320754716981132,2.620433560818948,0.16981132075471697,1.6935727979013215,0.3018867924528302,1.5094339622641508
Enhanced History,transition_box_15,XGBoost,Hierarchical: final third × box,1,1966,0.023906408952187184,0.11876384086683595,0.023619888913272637,0.5167973124300113,0.02718980532075655,0.003149333142079526,0.0425531914893617,0.8450462067483344,0.1276595744680851,1.2740036721028187,0.2553191489361702,1.2740036721028187
Enhanced History,transition_box_15,XGBoost,Hierarchical: final third × box,2,1945,0.02622107969151671,0.12414787117876307,0.02567951174301475,0.5404062364121995,0.033095372176106044,0.004195009872130573,0.058823529411764705,1.1674669867947178,0.13725490196078433,1.36902966314731,0.21568627450980393,1.0784313725490196
Enhanced History,transition_box_15,XGBoost,Hierarchical: final third × box,3,1975,0.028860759493670885,0.13954681492677135,0.028353555079637587,0.5243354737207983,0.0353935653135616,0.006459759497142668,0.10526315789473684,2.0999468367889422,0.14035087719298245,1.399964557859295,0.17543859649122806,0.8771929824561404
Enhanced History,transition_box_15,XGBoost,Hierarchical: final third × box,4,1934,0.026370217166494313,0.12521788634491327,0.025715035664372853,0.5312028156987701,0.041306374912703905,0.002406646470701075,0.11764705882352941,2.345664038811401,0.19607843137254902,1.954720032342834,0.3333333333333333,1.6658053402239448
Enhanced History,transition_box_15,XGBoost: Weighted,Direct,0,1865,0.028418230563002682,0.1790181985300002,0.03786551439685323,0.6098962888916657,0.044671324908718286,0.08481631880256549,0.1320754716981132,2.620433560818948,0.20754716981132076,2.06992230854606,0.2641509433962264,1.320754716981132
Enhanced History,transition_box_15,XGBoost: Weighted,Direct,1,1966,0.023906408952187184,0.1728774266918872,0.03564375049456507,0.5545275132216468,0.029213407260018802,0.0858013784989671,0.06382978723404255,1.2675693101225016,0.0851063829787234,0.8493357814018792,0.2127659574468085,1.061669726752349
Enhanced History,transition_box_15,XGBoost: Weighted,Direct,2,1945,0.02622107969151671,0.17060262983372426,0.03542186122067156,0.5450649108640288,0.03336409157033291,0.07693738511902375,0.0784313725490196,1.5566226490596238,0.11764705882352941,1.1734539969834088,0.19607843137254902,0.9803921568627452
Enhanced History,transition_box_15,XGBoost: Weighted,Direct,3,1975,0.028860759493670885,0.18312399157644474,0.039807258632358886,0.5382388452884034,0.039756950614954836,0.077667825392247,0.05263157894736842,1.0499734183944711,0.14035087719298245,1.399964557859295,0.22807017543859648,1.1403508771929827
Enhanced History,transition_box_15,XGBoost: Weighted,Direct,4,1934,0.026370217166494313,0.1774613520788042,0.036805950563012786,0.5362635760623952,0.03959772176331741,0.08200772470111295,0.09803921568627451,1.954720032342834,0.17647058823529413,1.7592480291085506,0.3137254901960784,1.567816790799007
Enhanced History,transition_box_15,XGBoost: Weighted,Hierarchical: final third × box,0,1865,0.028418230563002682,0.15436992424387389,0.03155219295879902,0.5611853888125287,0.05761483625193478,0.053595747279088155,0.1320754716981132,2.620433560818948,0.22641509433962265,2.258097063868429,0.32075471698113206,1.6037735849056605
Enhanced History,transition_box_15,XGBoost: Weighted,Hierarchical: final third × box,1,1966,0.023906408952187184,0.14861060371175772,0.028983302769028475,0.5451365405297528,0.03174713289770178,0.05919345893962488,0.06382978723404255,1.2675693101225016,0.1702127659574468,1.6986715628037583,0.2553191489361702,1.2740036721028187
Enhanced History,transition_box_15,XGBoost: Weighted,Hierarchical: final third × box,2,1945,0.02622107969151671,0.1441401547355824,0.02933975522417793,0.5486572664968838,0.03233212443197962,0.045422966141914496,0.058823529411764705,1.1674669867947178,0.11764705882352941,1.1734539969834088,0.19607843137254902,0.9803921568627452
Enhanced History,transition_box_15,XGBoost: Weighted,Hierarchical: final third × box,3,1975,0.028860759493670885,0.1570084586822634,0.03258078546681064,0.5452454128020782,0.03634088549956403,0.04608956165588166,0.08771929824561403,1.7499556973241184,0.14035087719298245,1.399964557859295,0.21052631578947367,1.0526315789473684
Enhanced History,transition_box_15,XGBoost: Weighted,Hierarchical: final third × box,4,1934,0.026370217166494313,0.1471521507880319,0.02931607749677633,0.5513209001072549,0.04541567497124337,0.05002968825328606,0.13725490196078433,2.7366080452799673,0.19607843137254902,1.954720032342834,0.3137254901960784,1.567816790799007
Enhanced History,transition_final_third_15,Gradient Boosting,Direct,0,1865,0.07613941018766757,0.2655411735917158,0.06981555634432055,0.5882407036531435,0.10820526438091357,0.002152086103458051,0.07746478873239436,1.5369343721905901,0.1619718309859155,1.6153875122392105,0.323943661971831,1.6197183098591548
Enhanced History,transition_final_third_15,Gradient Boosting,Direct,1,1966,0.08087487283825025,0.28364251379330646,0.07478484632867512,0.5467138625819228,0.09329957025364971,0.013845982843933985,0.03773584905660377,0.7493805984372023,0.12578616352201258,1.255307601443029,0.2389937106918239,1.1925422213708776
Enhanced History,transition_final_third_15,Gradient Boosting,Direct,2,1945,0.07455012853470437,0.26731314786373256,0.06928869244826527,0.5288390804597701,0.09081028393613838,0.009217163234969416,0.06896551724137931,1.3687543983110486,0.1310344827586207,1.3069849690539346,0.2620689655172414,1.3103448275862069
Enhanced History,transition_final_third_15,Gradient Boosting,Direct,3,1975,0.07848101265822785,0.2769491203797904,0.07303077924019423,0.5715455512229706,0.09950901017371654,0.0107547112623491,0.07096774193548387,1.4157706093189963,0.14838709677419354,1.4801238188334962,0.2967741935483871,1.4838709677419355
Enhanced History,transition_final_third_15,Gradient Boosting,Direct,4,1934,0.0718717683557394,0.2581532571304746,0.06670823816265882,0.552271497565179,0.09142997410183862,0.0046077512705407575,0.1079136690647482,2.1515983089816806,0.1510791366906475,1.5061188162871766,0.2733812949640288,1.3662000632052498
Enhanced History,transition_final_third_15,Gradient Boosting: Weighted,Direct,0,1865,0.07613941018766757,0.33919968689961866,0.09056419849907614,0.591175316553996,0.10772348148724029,0.14056293973910555,0.07746478873239436,1.5369343721905901,0.16901408450704225,1.685621751901785,0.3028169014084507,1.5140845070422533
Enhanced History,transition_final_third_15,Gradient Boosting: Weighted,Direct,1,1966,0.08087487283825025,0.34969058545968246,0.09488187586094557,0.5640242522962762,0.10244120208280158,0.1377237333766145,0.06918238993710692,1.3738644304682042,0.16352201257861634,1.631899881875938,0.32075471698113206,1.6005171918398622
Enhanced History,transition_final_third_15,Gradient Boosting: Weighted,Direct,2,1945,0.07455012853470437,0.3332662123661535,0.08893631291208394,0.5334885057471265,0.09275569735544253,0.13016147793294583,0.05517241379310345,1.0950035186488387,0.11724137931034483,1.1694076038903625,0.2689655172413793,1.3448275862068966
Enhanced History,transition_final_third_15,Gradient Boosting: Weighted,Direct,3,1975,0.07848101265822785,0.34141850086366915,0.09262336505444098,0.5688177951081177,0.09921698415070468,0.13024845948209965,0.07096774193548387,1.4157706093189963,0.16129032258064516,1.608830237862496,0.3032258064516129,1.5161290322580645
Enhanced History,transition_final_third_15,Gradient Boosting: Weighted,Direct,4,1934,0.0718717683557394,0.3340784466286639,0.08851191227580411,0.5473637802849642,0.09197519927457712,0.14055412115872015,0.08633093525179857,1.7212786471853445,0.14388489208633093,1.4343988726544536,0.2589928057553957,1.294294796720763
Enhanced History,transition_final_third_15,Histogram Gradient Boosting,Direct,0,1865,0.07613941018766757,0.2709742908139877,0.07067780227804336,0.5565505628080731,0.09601817254120039,0.014695627047750962,0.07042253521126761,1.3972130656278092,0.11971830985915492,1.1939820742637643,0.2676056338028169,1.3380281690140843
Enhanced History,transition_final_third_15,Histogram Gradient Boosting,Direct,1,1966,0.08087487283825025,0.28996057766295913,0.07551621078466568,0.5147452429928336,0.08726472366534296,0.027246013902633155,0.06289308176100629,1.2489676640620038,0.0880503144654088,0.8787153210101205,0.22012578616352202,1.0983941512626505
Enhanced History,transition_final_third_15,Histogram Gradient Boosting,Direct,2,1945,0.07455012853470437,0.27212697068323444,0.0697796781170397,0.533712643678161,0.08799269642693366,0.018964141751353754,0.05517241379310345,1.0950035186488387,0.11724137931034483,1.1694076038903625,0.25517241379310346,1.2758620689655171
Enhanced History,transition_final_third_15,Histogram Gradient Boosting,Direct,3,1975,0.07848101265822785,0.28347626373111284,0.0732568874060986,0.5596065225097483,0.09805511774130996,0.023413083881925284,0.08387096774193549,1.673183447376996,0.16129032258064516,1.608830237862496,0.2838709677419355,1.4193548387096773
Enhanced History,transition_final_third_15,Histogram Gradient Boosting,Direct,4,1934,0.0718717683557394,0.2626905475068703,0.06757073127512335,0.5499909821446464,0.0845094492913938,0.020312860510000405,0.06474820143884892,1.2909589853890084,0.12949640287769784,1.2909589853890084,0.2302158273381295,1.1504842637517894
Enhanced History,transition_final_third_15,Logistic Regression,Direct,0,1865,0.07613941018766757,0.2704614039316633,0.07057593229699767,0.5598652857364733,0.09196856857265631,0.013134768512868681,0.07746478873239436,1.5369343721905901,0.1267605633802817,1.2642163139263387,0.24647887323943662,1.232394366197183
Enhanced History,transition_final_third_15,Logistic Regression,Direct,1,1966,0.08087487283825025,0.28441761252837977,0.07507554191826671,0.5572407096093807,0.0966325967382721,0.019232495403303178,0.08176100628930817,1.6236579632806052,0.12578616352201258,1.255307601443029,0.24528301886792453,1.2239249114069535
Enhanced History,transition_final_third_15,Logistic Regression,Direct,2,1945,0.07455012853470437,0.26891799850733983,0.06963861536793464,0.5430689655172414,0.08484326216931695,0.02071823247902037,0.041379310344827586,0.8212526389866291,0.07586206896551724,0.7566755083996464,0.2206896551724138,1.103448275862069
Enhanced History,transition_final_third_15,Logistic Regression,Direct,3,1975,0.07848101265822785,0.2777336921304211,0.07266975699984708,0.5593105281814958,0.09438944523541079,0.022500709463117743,0.06451612903225806,1.2870641902899966,0.14193548387096774,1.4157706093189963,0.22580645161290322,1.129032258064516
Enhanced History,transition_final_third_15,Logistic Regression,Direct,4,1934,0.0718717683557394,0.26206779155258564,0.0672357027275282,0.5331275926334141,0.0849379959060515,0.014660983205068605,0.07194244604316546,1.4343988726544536,0.16546762589928057,1.6495587035526218,0.2446043165467626,1.222389530236276
Enhanced History,transition_final_third_15,Logistic Regression: Weighted,Direct,0,1865,0.07613941018766757,0.3506752867454767,0.09573482074855762,0.5438557053288974,0.08861976906907085,0.1450869975037337,0.06338028169014084,1.2574917590650283,0.1267605633802817,1.2642163139263387,0.22535211267605634,1.1267605633802815
Enhanced History,transition_final_third_15,Logistic Regression: Weighted,Direct,1,1966,0.08087487283825025,0.36329447992626307,0.10170117776264793,0.5599972851907153,0.09684081969117429,0.14766013962513222,0.06918238993710692,1.3738644304682042,0.12578616352201258,1.255307601443029,0.2578616352201258,1.286690291479105
Enhanced History,transition_final_third_15,Logistic Regression: Weighted,Direct,2,1945,0.07455012853470437,0.33188153000752785,0.0896968083150428,0.5441226053639847,0.08551656329183045,0.12538432899590507,0.04827586206896552,0.9581280788177339,0.09655172413793103,0.9630415561450043,0.21379310344827587,1.0689655172413792
Enhanced History,transition_final_third_15,Logistic Regression: Weighted,Direct,3,1975,0.07848101265822785,0.3432924073706249,0.09398901050578798,0.5582258064516129,0.09424700967606647,0.12973219364495653,0.05806451612903226,1.1583577712609971,0.14838709677419354,1.4801238188334962,0.23225806451612904,1.1612903225806452
Enhanced History,transition_final_third_15,Logistic Regression: Weighted,Direct,4,1934,0.0718717683557394,0.3319879471754479,0.08916648384942252,0.5348189415041783,0.0856904048949734,0.13231741626992766,0.08633093525179857,1.7212786471853445,0.16546762589928057,1.6495587035526218,0.2446043165467626,1.222389530236276
Enhanced History,transition_final_third_15,Random Forest,Direct,0,1865,0.07613941018766757,0.2716948273382462,0.07043717422647361,0.5559579181414663,0.11469357829966405,0.0181548835159795,0.11267605633802817,2.2355409050044948,0.176056338028169,1.7558559915643595,0.30985915492957744,1.549295774647887
Enhanced History,transition_final_third_15,Random Forest,Direct,1,1966,0.08087487283825025,0.29502782467512284,0.0759126882986808,0.5177959229133384,0.0911184631202546,0.019352674214926684,0.06918238993710692,1.3738644304682042,0.12578616352201258,1.255307601443029,0.2138364779874214,1.0670114612265746
Enhanced History,transition_final_third_15,Random Forest,Direct,2,1945,0.07455012853470437,0.26650183312955994,0.06928313388068709,0.5637471264367816,0.10932160676602895,0.018892554741246466,0.07586206896551724,1.5056298381421533,0.14482758620689656,1.4445623342175067,0.2413793103448276,1.206896551724138
Enhanced History,transition_final_third_15,Random Forest,Direct,3,1975,0.07848101265822785,0.27962406813903695,0.07346493803110049,0.5637061325771003,0.09483190124466168,0.01945915174216877,0.05806451612903226,1.1583577712609971,0.12258064516129032,1.2227109807754968,0.27741935483870966,1.3870967741935483
Enhanced History,transition_final_third_15,Random Forest,Direct,4,1934,0.0718717683557394,0.2666025585127538,0.0681637954294069,0.5357507865573836,0.07844399447402793,0.019808994283292455,0.05755395683453238,1.147519098123563,0.1223021582733813,1.2192390417562857,0.20863309352517986,1.042626364025059
Enhanced History,transition_final_third_15,Soft Vote: Unweighted,Direct,0,1865,0.07613941018766757,0.266411867806393,0.06993645493305514,0.5765451676980047,0.10676984282581647,0.0016298766650564114,0.11971830985915492,2.375262211567276,0.176056338028169,1.7558559915643595,0.3028169014084507,1.5140845070422533
Enhanced History,transition_final_third_15,Soft Vote: Unweighted,Direct,1,1966,0.08087487283825025,0.2845569566427219,0.07477697431225931,0.5346068573298111,0.09355572492723443,0.007041816873927559,0.050314465408805034,0.9991741312496031,0.14465408805031446,1.4436037416594836,0.2893081761006289,1.4436037416594836
Enhanced History,transition_final_third_15,Soft Vote: Unweighted,Direct,2,1945,0.07455012853470437,0.2658239527274118,0.06909259707705563,0.5535555555555556,0.09349744758171098,0.01137702034519659,0.07586206896551724,1.5056298381421533,0.1310344827586207,1.3069849690539346,0.2482758620689655,1.2413793103448276
Enhanced History,transition_final_third_15,Soft Vote: Unweighted,Direct,3,1975,0.07848101265822785,0.27750848877542506,0.07281171544344259,0.5661059907834102,0.09809530594789911,0.012471029330077267,0.07096774193548387,1.4157706093189963,0.17419354838709677,1.7375366568914954,0.2838709677419355,1.4193548387096773
Enhanced History,transition_final_third_15,Soft Vote: Unweighted,Direct,4,1934,0.0718717683557394,0.25993928780207126,0.066984192239332,0.5429229875152802,0.08717956990209089,0.007763249928195172,0.08633093525179857,1.7212786471853445,0.16546762589928057,1.6495587035526218,0.23741007194244604,1.1864368969940327
Enhanced History,transition_final_third_15,Soft Vote: Weighted,Direct,0,1865,0.07613941018766757,0.33866002067078116,0.09066721892332609,0.5811187496423696,0.10016583611953267,0.13772430212366454,0.07746478873239436,1.5369343721905901,0.1619718309859155,1.6153875122392105,0.2887323943661972,1.4436619718309858
Enhanced History,transition_final_third_15,Soft Vote: Weighted,Direct,1,1966,0.08087487283825025,0.34808461218020126,0.09475895413024826,0.5606342212151905,0.100188043710433,0.1337264137280296,0.06289308176100629,1.2489676640620038,0.1509433962264151,1.506369121731635,0.3270440251572327,1.631899881875938
Enhanced History,transition_final_third_15,Soft Vote: Weighted,Direct,2,1945,0.07455012853470437,0.3281396512717402,0.0875482974234129,0.5454712643678161,0.08847763981784834,0.1243122462662176,0.06206896551724138,1.2318789584799437,0.1103448275862069,1.1006189213085764,0.27586206896551724,1.3793103448275863
Enhanced History,transition_final_third_15,Soft Vote: Weighted,Direct,3,1975,0.07848101265822785,0.33792738119316,0.09185049082346215,0.5654856433888691,0.09926817101020295,0.12407601837949096,0.09032258064516129,1.8018898664059952,0.15483870967741936,1.544477028347996,0.2967741935483871,1.4838709677419355
Enhanced History,transition_final_third_15,Soft Vote: Weighted,Direct,4,1934,0.0718717683557394,0.3290356098791002,0.08714197023511529,0.5442656459790385,0.08858051640403976,0.1332847044662531,0.07194244604316546,1.4343988726544536,0.16546762589928057,1.6495587035526218,0.2733812949640288,1.3662000632052498
Enhanced History,transition_final_third_15,XGBoost,Direct,0,1865,0.07613941018766757,0.2678862673906697,0.07012812811735954,0.5697461028504165,0.10343144137951442,0.008436781556492834,0.09154929577464789,1.8163769853161522,0.16901408450704225,1.685621751901785,0.28169014084507044,1.408450704225352
Enhanced History,transition_final_third_15,XGBoost,Direct,1,1966,0.08087487283825025,0.2864956094503984,0.07486971740711386,0.531302099104461,0.09418915105146104,0.011208977311516105,0.0440251572327044,0.8742773648434026,0.1509433962264151,1.506369121731635,0.2830188679245283,1.4122210516234077
Enhanced History,transition_final_third_15,XGBoost,Direct,2,1945,0.07455012853470437,0.26711011313127203,0.06915239901130929,0.5567662835249042,0.09651867344658958,0.01819273144686667,0.09655172413793103,1.9162561576354677,0.14482758620689656,1.4445623342175067,0.25517241379310346,1.2758620689655171
Enhanced History,transition_final_third_15,XGBoost,Direct,3,1975,0.07848101265822785,0.2823674817834339,0.07336400130912638,0.5509305210918114,0.09392979042954552,0.021519881024768088,0.07096774193548387,1.4157706093189963,0.16774193548387098,1.673183447376996,0.2709677419354839,1.3548387096774193
Enhanced History,transition_final_third_15,XGBoost,Direct,4,1934,0.0718717683557394,0.26155001681118534,0.06713487472160842,0.5311697160377549,0.0878018634906271,0.01307488916848229,0.09352517985611511,1.86471853445079,0.14388489208633093,1.4343988726544536,0.2517985611510791,1.2583421634785197
Enhanced History,transition_final_third_15,XGBoost: Weighted,Direct,0,1865,0.07613941018766757,0.333263491859117,0.0896394358176502,0.573851699868392,0.10248911364956961,0.12900082147592834,0.09154929577464789,1.8163769853161522,0.16901408450704225,1.685621751901785,0.31690140845070425,1.584507042253521
Enhanced History,transition_final_third_15,XGBoost: Weighted,Direct,1,1966,0.08087487283825025,0.33830216739371555,0.0915850493990457,0.5485324367501645,0.0974311771297389,0.11851311253340174,0.05660377358490566,1.1240708976558034,0.1320754716981132,1.3180729815151806,0.3018867924528302,1.506369121731635
Enhanced History,transition_final_third_15,XGBoost: Weighted,Direct,2,1945,0.07455012853470437,0.32505331312495045,0.08716815226343202,0.5475268199233716,0.09431086703373764,0.11739093186980196,0.09655172413793103,1.9162561576354677,0.15862068965517243,1.5821396993810786,0.2689655172413793,1.3448275862068966
Enhanced History,transition_final_third_15,XGBoost: Weighted,Direct,3,1975,0.07848101265822785,0.33409960992712523,0.0914152769672585,0.5618380007089685,0.10024039087960754,0.11289970226774489,0.09032258064516129,1.8018898664059952,0.16129032258064516,1.608830237862496,0.2967741935483871,1.4838709677419355
Enhanced History,transition_final_third_15,XGBoost: Weighted,Direct,4,1934,0.0718717683557394,0.3259636792570546,0.08676627300757218,0.5417747139335886,0.08600733305656563,0.12698257597011148,0.10071942446043165,2.008158421716235,0.1366906474820144,1.3626789290217312,0.2517985611510791,1.2583421634785197
Rest-Defense Player-Aware,transition_box_15,Gradient Boosting,Direct,0,1865,0.028418230563002682,0.12825581793704832,0.027652584691641047,0.6010922987213128,0.03953780359676479,0.0023870112045244864,0.07547169811320754,1.497390606182256,0.20754716981132076,2.06992230854606,0.2830188679245283,1.4150943396226414
Rest-Defense Player-Aware,transition_box_15,Gradient Boosting,Direct,1,1966,0.023906408952187184,0.11484351460074081,0.023486609083038595,0.5253345603317331,0.027379803655603347,0.0015008784044372695,0.0425531914893617,0.8450462067483344,0.1276595744680851,1.2740036721028187,0.2553191489361702,1.2740036721028187
Rest-Defense Player-Aware,transition_box_15,Gradient Boosting,Direct,2,1945,0.02622107969151671,0.12126386608246353,0.025712711620714205,0.607149512392074,0.03269897202110558,0.0016564390798922786,0.0196078431372549,0.38915566226490594,0.0784313725490196,0.7823026646556058,0.17647058823529413,0.8823529411764706
Rest-Defense Player-Aware,transition_box_15,Gradient Boosting,Direct,3,1975,0.028860759493670885,0.13169451633788884,0.02810427071505895,0.5680945063388398,0.038845945635501464,0.003750510961419609,0.05263157894736842,1.0499734183944711,0.10526315789473684,1.0499734183944711,0.3157894736842105,1.5789473684210527
Rest-Defense Player-Aware,transition_box_15,Gradient Boosting,Direct,4,1934,0.026370217166494313,0.12227710812927749,0.025776108889473615,0.581628190309581,0.03436559128803067,0.0019474346481020393,0.0392156862745098,0.7818880129371336,0.13725490196078433,1.3683040226399836,0.27450980392156865,1.371839691949131
Rest-Defense Player-Aware,transition_box_15,Gradient Boosting,Hierarchical: final third × box,0,1865,0.028418230563002682,0.13016520143898236,0.02775703588179124,0.552089841309509,0.03562297709064582,0.001315901326575888,0.09433962264150944,1.87173825772782,0.09433962264150944,0.9408737766118453,0.2641509433962264,1.320754716981132
Rest-Defense Player-Aware,transition_box_15,Gradient Boosting,Hierarchical: final third × box,1,1966,0.023906408952187184,0.11623296013312398,0.02356116608641939,0.5392935150177951,0.027676486678467137,0.001950248534949339,0.02127659574468085,0.4225231033741672,0.10638297872340426,1.061669726752349,0.2765957446808511,1.3801706447780537
Rest-Defense Player-Aware,transition_box_15,Gradient Boosting,Hierarchical: final third × box,2,1945,0.02622107969151671,0.11842059228717063,0.02542102915997383,0.647126115493716,0.04433652729234884,0.0012453650630556757,0.058823529411764705,1.1674669867947178,0.17647058823529413,1.7601809954751133,0.3137254901960784,1.5686274509803921
Rest-Defense Player-Aware,transition_box_15,Gradient Boosting,Hierarchical: final third × box,3,1975,0.028860759493670885,0.1305983584836444,0.02803229950947241,0.5984029416607212,0.04014576240727104,0.005488238383057344,0.08771929824561403,1.7499556973241184,0.19298245614035087,1.92495126705653,0.2807017543859649,1.4035087719298247
Rest-Defense Player-Aware,transition_box_15,Gradient Boosting,Hierarchical: final third × box,4,1934,0.026370217166494313,0.12191751757583823,0.025600512243336166,0.5878083575437609,0.04628872725316576,0.0012523558365226959,0.09803921568627451,1.954720032342834,0.23529411764705882,2.345664038811401,0.43137254901960786,2.1557480873486345
Rest-Defense Player-Aware,transition_box_15,Gradient Boosting: Weighted,Direct,0,1865,0.028418230563002682,0.19594483351793968,0.0410330623354185,0.605653088425174,0.04462322376189458,0.10536105538013703,0.09433962264150944,1.87173825772782,0.16981132075471697,1.6935727979013215,0.2641509433962264,1.320754716981132
Rest-Defense Player-Aware,transition_box_15,Gradient Boosting: Weighted,Direct,1,1966,0.023906408952187184,0.17637283682814753,0.0346696447886561,0.5529198496557383,0.03299889259821899,0.09500201204068219,0.06382978723404255,1.2675693101225016,0.23404255319148937,2.335673398855168,0.3404255319148936,1.6986715628037583
Rest-Defense Player-Aware,transition_box_15,Gradient Boosting: Weighted,Direct,2,1945,0.02622107969151671,0.1814178268110889,0.03655517393818716,0.6061556618423505,0.034014996742413636,0.09527688401761014,0.0,0.0,0.058823529411764705,0.5867269984917044,0.3137254901960784,1.5686274509803921
Rest-Defense Player-Aware,transition_box_15,Gradient Boosting: Weighted,Direct,3,1975,0.028860759493670885,0.1802773905218072,0.03688360390863266,0.5597982181731702,0.04429737410181419,0.08383327410504275,0.08771929824561403,1.7499556973241184,0.17543859649122806,1.7499556973241184,0.2807017543859649,1.4035087719298247
Rest-Defense Player-Aware,transition_box_15,Gradient Boosting: Weighted,Direct,4,1934,0.026370217166494313,0.18691087124180875,0.03811682747853845,0.564686097487322,0.03365167756935686,0.09862658953303956,0.09803921568627451,1.954720032342834,0.13725490196078433,1.3683040226399836,0.21568627450980393,1.0778740436743173
Rest-Defense Player-Aware,transition_box_15,Gradient Boosting: Weighted,Hierarchical: final third × box,0,1865,0.028418230563002682,0.1631080200399647,0.0331030529258542,0.5517514265483776,0.03426996832885142,0.06453961927445513,0.07547169811320754,1.497390606182256,0.09433962264150944,0.9408737766118453,0.24528301886792453,1.2264150943396226
Rest-Defense Player-Aware,transition_box_15,Gradient Boosting: Weighted,Hierarchical: final third × box,1,1966,0.023906408952187184,0.14495144020027917,0.02810738615126625,0.5485181776856297,0.030592238495574818,0.05662247767413373,0.0425531914893617,0.8450462067483344,0.1702127659574468,1.6986715628037583,0.3404255319148936,1.6986715628037583
Rest-Defense Player-Aware,transition_box_15,Gradient Boosting: Weighted,Hierarchical: final third × box,2,1945,0.02622107969151671,0.14701443529410038,0.029419453109878414,0.6366026875375281,0.03795082369952775,0.056241723424426474,0.0392156862745098,0.7783113245298119,0.13725490196078433,1.36902966314731,0.3333333333333333,1.6666666666666667
Rest-Defense Player-Aware,transition_box_15,Gradient Boosting: Weighted,Hierarchical: final third × box,3,1975,0.028860759493670885,0.14865441807193702,0.030578110510447967,0.601700418930538,0.042993916380375335,0.04460967412378832,0.10526315789473684,2.0999468367889422,0.17543859649122806,1.7499556973241184,0.2807017543859649,1.4035087719298247
Rest-Defense Player-Aware,transition_box_15,Gradient Boosting: Weighted,Hierarchical: final third × box,4,1934,0.026370217166494313,0.14745575253622156,0.02912508210274509,0.5901304759822144,0.04505378576401129,0.05349251467577761,0.0784313725490196,1.5637760258742672,0.19607843137254902,1.954720032342834,0.43137254901960786,2.1557480873486345
Rest-Defense Player-Aware,transition_box_15,Histogram Gradient Boosting,Direct,0,1865,0.028418230563002682,0.13705184803499543,0.02784917720096116,0.5345130992544462,0.03672446635048446,0.010823745060469587,0.11320754716981132,2.246085909273384,0.1320754716981132,1.3172232872565834,0.20754716981132076,1.0377358490566038
Rest-Defense Player-Aware,transition_box_15,Histogram Gradient Boosting,Direct,1,1966,0.023906408952187184,0.12134780834572347,0.02360415559318643,0.5362888472497865,0.03058347332148817,0.008008593750096228,0.10638297872340426,2.112615516870836,0.1276595744680851,1.2740036721028187,0.23404255319148937,1.167836699427584
Rest-Defense Player-Aware,transition_box_15,Histogram Gradient Boosting,Direct,2,1945,0.02622107969151671,0.1273993809434421,0.025775279558796636,0.5568772387518893,0.030393302770541107,0.00987834246279099,0.058823529411764705,1.1674669867947178,0.11764705882352941,1.1734539969834088,0.19607843137254902,0.9803921568627452
Rest-Defense Player-Aware,transition_box_15,Histogram Gradient Boosting,Direct,3,1975,0.028860759493670885,0.1423709559457881,0.02820508791568055,0.5476464884839837,0.05789653048364864,0.015407722028107253,0.10526315789473684,2.0999468367889422,0.17543859649122806,1.7499556973241184,0.3157894736842105,1.5789473684210527
Rest-Defense Player-Aware,transition_box_15,Histogram Gradient Boosting,Direct,4,1934,0.026370217166494313,0.12964288337034321,0.025967612913767826,0.5452396572011704,0.030246840001730762,0.00998267965620794,0.0392156862745098,0.7818880129371336,0.058823529411764705,0.5864160097028502,0.23529411764705882,1.1758625930992552
Rest-Defense Player-Aware,transition_box_15,Histogram Gradient Boosting,Hierarchical: final third × box,0,1865,0.028418230563002682,0.13445491996204556,0.027771024890748237,0.5417083177141905,0.04826730727000078,0.003961572787893002,0.11320754716981132,2.246085909273384,0.1509433962264151,1.5053980425789526,0.20754716981132076,1.0377358490566038
Rest-Defense Player-Aware,transition_box_15,Histogram Gradient Boosting,Hierarchical: final third × box,1,1966,0.023906408952187184,0.12566826127845374,0.02375174438902023,0.5206501613207233,0.025665154505432886,0.006104425902849186,0.02127659574468085,0.4225231033741672,0.10638297872340426,1.061669726752349,0.23404255319148937,1.167836699427584
Rest-Defense Player-Aware,transition_box_15,Histogram Gradient Boosting,Hierarchical: final third × box,2,1945,0.02622107969151671,0.1279963173156885,0.025703529189161394,0.5608008779013189,0.03402652115827606,0.00856876775929371,0.0784313725490196,1.5566226490596238,0.1568627450980392,1.5646053293112117,0.2549019607843137,1.2745098039215685
Rest-Defense Player-Aware,transition_box_15,Histogram Gradient Boosting,Hierarchical: final third × box,3,1975,0.028860759493670885,0.1407945758010323,0.028124362900170792,0.56265664160401,0.044931322597702536,0.012759506356627136,0.12280701754385964,2.4499379762537656,0.24561403508771928,2.4499379762537656,0.3684210526315789,1.8421052631578947
Rest-Defense Player-Aware,transition_box_15,Histogram Gradient Boosting,Hierarchical: final third × box,4,1934,0.026370217166494313,0.12851750523051614,0.025737861194385463,0.5654150135890788,0.041627034194908596,0.008949469505158215,0.1568627450980392,3.1275520517485345,0.23529411764705882,2.345664038811401,0.2549019607843137,1.2738511425241932
Rest-Defense Player-Aware,transition_box_15,Logistic Regression,Direct,0,1865,0.028418230563002682,0.1937527883395401,0.04976843487313644,0.5981715190137032,0.04462598070454498,0.05766996476464757,0.11320754716981132,2.246085909273384,0.16981132075471697,1.6935727979013215,0.2830188679245283,1.4150943396226414
Rest-Defense Player-Aware,transition_box_15,Logistic Regression,Direct,1,1966,0.023906408952187184,0.13585128876185484,0.026690542225431668,0.5548213275974855,0.03085683632243191,0.01814762057067351,0.06382978723404255,1.2675693101225016,0.1702127659574468,1.6986715628037583,0.2553191489361702,1.2740036721028187
Rest-Defense Player-Aware,transition_box_15,Logistic Regression,Direct,2,1945,0.02622107969151671,0.16436902344959048,0.03443957603285813,0.5555831625152701,0.033755660276435284,0.033825447575833105,0.0392156862745098,0.7783113245298119,0.11764705882352941,1.1734539969834088,0.3137254901960784,1.5686274509803921
Rest-Defense Player-Aware,transition_box_15,Logistic Regression,Direct,3,1975,0.028860759493670885,0.15359176637827726,0.031315285616659166,0.554634762087701,0.051175887501830046,0.021591167967325672,0.05263157894736842,1.0499734183944711,0.12280701754385964,1.2249689881268828,0.22807017543859648,1.1403508771929827
Rest-Defense Player-Aware,transition_box_15,Logistic Regression,Direct,4,1934,0.026370217166494313,0.1553582051453422,0.03290846471869813,0.5422094488352962,0.029454011122002428,0.03207367858924042,0.058823529411764705,1.1728320194057005,0.09803921568627451,0.977360016171417,0.23529411764705882,1.1758625930992552
Rest-Defense Player-Aware,transition_box_15,Logistic Regression,Hierarchical: final third × box,0,1865,0.028418230563002682,0.16756099735889907,0.04160967143987866,0.6512661918447249,0.05733897262822968,0.0419528054618456,0.1320754716981132,2.620433560818948,0.16981132075471697,1.6935727979013215,0.39622641509433965,1.9811320754716981
Rest-Defense Player-Aware,transition_box_15,Logistic Regression,Hierarchical: final third × box,1,1966,0.023906408952187184,0.14394353414513159,0.024743883179101554,0.5227345802889359,0.03192125825336531,0.013587319825510437,0.02127659574468085,0.4225231033741672,0.10638297872340426,1.061669726752349,0.19148936170212766,0.955502754077114
Rest-Defense Player-Aware,transition_box_15,Logistic Regression,Hierarchical: final third × box,2,1945,0.02622107969151671,0.15572196782494685,0.03061936222983377,0.5578814419115058,0.034645813545991104,0.0229860253718499,0.058823529411764705,1.1674669867947178,0.17647058823529413,1.7601809954751133,0.27450980392156865,1.3725490196078431
Rest-Defense Player-Aware,transition_box_15,Logistic Regression,Hierarchical: final third × box,3,1975,0.028860759493670885,0.14949631777218098,0.028829943522247794,0.5510765966009915,0.05363689799862631,0.012941436552105907,0.10526315789473684,2.0999468367889422,0.17543859649122806,1.7499556973241184,0.2982456140350877,1.4912280701754386
Rest-Defense Player-Aware,transition_box_15,Logistic Regression,Hierarchical: final third × box,4,1934,0.026370217166494313,0.15713067431919006,0.030812419854326544,0.5551633292722292,0.03791487357959716,0.027061106555854954,0.058823529411764705,1.1728320194057005,0.11764705882352941,1.1728320194057005,0.29411764705882354,1.4698282413740689
Rest-Defense Player-Aware,transition_box_15,Logistic Regression: Weighted,Direct,0,1865,0.028418230563002682,0.6279038732205934,0.17652277268167593,0.5878837102753134,0.04248862578703207,0.24787787348365237,0.05660377358490566,1.123042954636692,0.16981132075471697,1.6935727979013215,0.3018867924528302,1.5094339622641508
Rest-Defense Player-Aware,transition_box_15,Logistic Regression: Weighted,Direct,1,1966,0.023906408952187184,0.4234581908325744,0.13094186900676588,0.5217699821493907,0.027886912643795322,0.17754625678227703,0.0425531914893617,0.8450462067483344,0.06382978723404255,0.6370018360514094,0.19148936170212766,0.955502754077114
Rest-Defense Player-Aware,transition_box_15,Logistic Regression: Weighted,Direct,2,1945,0.02622107969151671,0.4464612978631489,0.12429137444191857,0.5473217798206929,0.03728134941610942,0.16364260883969148,0.058823529411764705,1.1674669867947178,0.11764705882352941,1.1734539969834088,0.21568627450980393,1.0784313725490196
Rest-Defense Player-Aware,transition_box_15,Logistic Regression: Weighted,Direct,3,1975,0.028860759493670885,0.2938083940928102,0.08371039676261144,0.552146790333498,0.04990181409873321,0.120954345228139,0.03508771929824561,0.6999822789296475,0.08771929824561403,0.8749778486620592,0.17543859649122806,0.8771929824561404
Rest-Defense Player-Aware,transition_box_15,Logistic Regression: Weighted,Direct,4,1934,0.026370217166494313,0.3797676439508692,0.11045258682971423,0.5564128997323837,0.03155370385953647,0.15003925047243113,0.058823529411764705,1.1728320194057005,0.09803921568627451,0.977360016171417,0.2549019607843137,1.2738511425241932
Rest-Defense Player-Aware,transition_box_15,Logistic Regression: Weighted,Hierarchical: final third × box,0,1865,0.028418230563002682,0.31457051793169494,0.09447844802397029,0.6513599067016534,0.05550666191594971,0.14447671890865457,0.1320754716981132,2.620433560818948,0.1509433962264151,1.5053980425789526,0.41509433962264153,2.0754716981132075
Rest-Defense Player-Aware,transition_box_15,Logistic Regression: Weighted,Hierarchical: final third × box,1,1966,0.023906408952187184,0.1827154057941317,0.038978289489429385,0.5115585466721364,0.025910989817344278,0.05375641478131642,0.0425531914893617,0.8450462067483344,0.06382978723404255,0.6370018360514094,0.1702127659574468,0.8493357814018792
Rest-Defense Player-Aware,transition_box_15,Logistic Regression: Weighted,Hierarchical: final third × box,2,1945,0.02622107969151671,0.24119090822661135,0.06489949749393054,0.551566349876804,0.035762093698117364,0.09586655052901001,0.058823529411764705,1.1674669867947178,0.17647058823529413,1.7601809954751133,0.27450980392156865,1.3725490196078431
Rest-Defense Player-Aware,transition_box_15,Logistic Regression: Weighted,Hierarchical: final third × box,3,1975,0.028860759493670885,0.1751292184954126,0.03817573617953145,0.5466952051662001,0.05210295821295023,0.047446050097841454,0.07017543859649122,1.399964557859295,0.14035087719298245,1.399964557859295,0.2631578947368421,1.3157894736842106
Rest-Defense Player-Aware,transition_box_15,Logistic Regression: Weighted,Hierarchical: final third × box,4,1934,0.026370217166494313,0.21969475997809554,0.055956421876067364,0.5606510262097404,0.03688079064448842,0.08005053344187167,0.058823529411764705,1.1728320194057005,0.0784313725490196,0.7818880129371336,0.29411764705882354,1.4698282413740689
Rest-Defense Player-Aware,transition_box_15,Random Forest,Direct,0,1865,0.028418230563002682,0.1382628579176438,0.028185491437249063,0.49631388229413975,0.030391106590527534,0.006126973466802508,0.05660377358490566,1.123042954636692,0.1320754716981132,1.3172232872565834,0.22641509433962265,1.1320754716981132
Rest-Defense Player-Aware,transition_box_15,Random Forest,Direct,1,1966,0.023906408952187184,0.12253067710176438,0.023968665029558092,0.5026720477198896,0.027329906628984407,0.012395999655567263,0.02127659574468085,0.4225231033741672,0.0851063829787234,0.8493357814018792,0.23404255319148937,1.167836699427584
Rest-Defense Player-Aware,transition_box_15,Random Forest,Direct,2,1945,0.02622107969151671,0.12498237762231611,0.026024715775154795,0.5753048843613475,0.03134139480060254,0.014520654917639004,0.0392156862745098,0.7783113245298119,0.0784313725490196,0.7823026646556058,0.21568627450980393,1.0784313725490196
Rest-Defense Player-Aware,transition_box_15,Random Forest,Direct,3,1975,0.028860759493670885,0.13399916208528284,0.028412637318036088,0.5644037100049394,0.036024355436635756,0.009825123907654977,0.05263157894736842,1.0499734183944711,0.14035087719298245,1.399964557859295,0.22807017543859648,1.1403508771929827
Rest-Defense Player-Aware,transition_box_15,Random Forest,Direct,4,1934,0.026370217166494313,0.12889962880900102,0.026195132696567796,0.530166713525559,0.031030861912800526,0.010495214477868501,0.0196078431372549,0.3909440064685668,0.11764705882352941,1.1728320194057005,0.23529411764705882,1.1758625930992552
Rest-Defense Player-Aware,transition_box_15,Random Forest,Hierarchical: final third × box,0,1865,0.028418230563002682,0.13216852389775122,0.02785168489836587,0.5512828522637344,0.03512413164201457,0.0033877629018558265,0.05660377358490566,1.123042954636692,0.16981132075471697,1.6935727979013215,0.22641509433962265,1.1320754716981132
Rest-Defense Player-Aware,transition_box_15,Random Forest,Hierarchical: final third × box,1,1966,0.023906408952187184,0.11924498835965792,0.023710992906116807,0.501712993247813,0.03033091472124247,0.008006230481474218,0.06382978723404255,1.2675693101225016,0.10638297872340426,1.061669726752349,0.2127659574468085,1.061669726752349
Rest-Defense Player-Aware,transition_box_15,Random Forest,Hierarchical: final third × box,2,1945,0.02622107969151671,0.1214819393136666,0.025664274857519827,0.6222229123962152,0.03833385757012155,0.012439042462292672,0.0196078431372549,0.38915566226490594,0.17647058823529413,1.7601809954751133,0.37254901960784315,1.8627450980392155
Rest-Defense Player-Aware,transition_box_15,Random Forest,Hierarchical: final third × box,3,1975,0.028860759493670885,0.12985529108996038,0.028008025769712272,0.5974516583429377,0.04249731623522627,0.004605464635157427,0.10526315789473684,2.0999468367889422,0.17543859649122806,1.7499556973241184,0.2807017543859649,1.4035087719298247
Rest-Defense Player-Aware,transition_box_15,Random Forest,Hierarchical: final third × box,4,1934,0.026370217166494313,0.12448968635554246,0.02586877930053184,0.571522289213083,0.034880789382305336,0.007413855104866089,0.0392156862745098,0.7818880129371336,0.13725490196078433,1.3683040226399836,0.27450980392156865,1.371839691949131
Rest-Defense Player-Aware,transition_box_15,Soft Vote: Unweighted,Direct,0,1865,0.028418230563002682,0.13339673736870192,0.02846674426996883,0.5791682285809489,0.0436039576650762,0.008810028360257486,0.11320754716981132,2.246085909273384,0.1509433962264151,1.5053980425789526,0.2641509433962264,1.320754716981132
Rest-Defense Player-Aware,transition_box_15,Soft Vote: Unweighted,Direct,1,1966,0.023906408952187184,0.11621888056300067,0.023556911187469796,0.531537924229153,0.030099136568379953,0.003783889071590569,0.0851063829787234,1.6900924134966688,0.1702127659574468,1.6986715628037583,0.2765957446808511,1.3801706447780537
Rest-Defense Player-Aware,transition_box_15,Soft Vote: Unweighted,Direct,2,1945,0.02622107969151671,0.12321405455909745,0.025964608152030184,0.5997888067581837,0.03337458213165934,0.0041155878228986646,0.0196078431372549,0.38915566226490594,0.11764705882352941,1.1734539969834088,0.21568627450980393,1.0784313725490196
Rest-Defense Player-Aware,transition_box_15,Soft Vote: Unweighted,Direct,3,1975,0.028860759493670885,0.13141293397474052,0.028076264700140907,0.5707516967601485,0.04653432455689185,0.0019462262348724781,0.08771929824561403,1.7499556973241184,0.15789473684210525,1.5749601275917067,0.3157894736842105,1.5789473684210527
Rest-Defense Player-Aware,transition_box_15,Soft Vote: Unweighted,Direct,4,1934,0.026370217166494313,0.12695979274012226,0.026255416141731307,0.5442504139202149,0.030279529033837228,0.004678255547273126,0.0392156862745098,0.7818880129371336,0.09803921568627451,0.977360016171417,0.2549019607843137,1.2738511425241932
Rest-Defense Player-Aware,transition_box_15,Soft Vote: Unweighted,Hierarchical: final third × box,0,1865,0.028418230563002682,0.12804471952766608,0.027847650404418067,0.6402703152984298,0.05302883497380521,0.008205039332563226,0.1320754716981132,2.620433560818948,0.1509433962264151,1.5053980425789526,0.32075471698113206,1.6037735849056605
Rest-Defense Player-Aware,transition_box_15,Soft Vote: Unweighted,Hierarchical: final third × box,1,1966,0.023906408952187184,0.11724053719790957,0.02351488182661278,0.5224684842504407,0.027772593736462486,0.0013279269765232998,0.0425531914893617,0.8450462067483344,0.14893617021276595,1.4863376174532887,0.2553191489361702,1.2740036721028187
Rest-Defense Player-Aware,transition_box_15,Soft Vote: Unweighted,Hierarchical: final third × box,2,1945,0.02622107969151671,0.12115743352726349,0.02572594283971596,0.6157421786032258,0.037939331707412406,0.0036473737296022274,0.058823529411764705,1.1674669867947178,0.11764705882352941,1.1734539969834088,0.3137254901960784,1.5686274509803921
Rest-Defense Player-Aware,transition_box_15,Soft Vote: Unweighted,Hierarchical: final third × box,3,1975,0.028860759493670885,0.13000920399099247,0.027919336230477036,0.59123172895743,0.062263827783809095,0.004812462821472568,0.12280701754385964,2.4499379762537656,0.22807017543859648,2.274942406521354,0.3684210526315789,1.8421052631578947
Rest-Defense Player-Aware,transition_box_15,Soft Vote: Unweighted,Hierarchical: final third × box,4,1934,0.026370217166494313,0.1244955567372579,0.025854623317234753,0.5702310664042568,0.04152163845557634,0.0016552688850916633,0.09803921568627451,1.954720032342834,0.1568627450980392,1.5637760258742672,0.27450980392156865,1.371839691949131
Rest-Defense Player-Aware,transition_box_15,Soft Vote: Weighted,Direct,0,1865,0.028418230563002682,0.24685075024954398,0.06285883588090553,0.6113957266025241,0.049230663437594226,0.1453943921993252,0.09433962264150944,1.87173825772782,0.1509433962264151,1.5053980425789526,0.3018867924528302,1.5094339622641508
Rest-Defense Player-Aware,transition_box_15,Soft Vote: Weighted,Direct,1,1966,0.023906408952187184,0.20570457670127867,0.04640503027630803,0.5158936946326211,0.028382634405189545,0.11509002483965386,0.0425531914893617,0.8450462067483344,0.1702127659574468,1.6986715628037583,0.23404255319148937,1.167836699427584
Rest-Defense Player-Aware,transition_box_15,Soft Vote: Weighted,Direct,2,1945,0.02622107969151671,0.20337399371978052,0.047958622130342625,0.5734828250201875,0.03226327780055044,0.10712854228217432,0.0392156862745098,0.7783113245298119,0.13725490196078433,1.36902966314731,0.2549019607843137,1.2745098039215685
Rest-Defense Player-Aware,transition_box_15,Soft Vote: Weighted,Direct,3,1975,0.028860759493670885,0.18546603335560066,0.04078735389338713,0.5616230356914182,0.037009448466454375,0.08318659254101744,0.05263157894736842,1.0499734183944711,0.08771929824561403,0.8749778486620592,0.2631578947368421,1.3157894736842106
Rest-Defense Player-Aware,transition_box_15,Soft Vote: Weighted,Direct,4,1934,0.026370217166494313,0.2030075714259989,0.047367383974595605,0.5652952630866473,0.03501337092984227,0.10639763474747102,0.0784313725490196,1.5637760258742672,0.09803921568627451,0.977360016171417,0.23529411764705882,1.1758625930992552
Rest-Defense Player-Aware,transition_box_15,Soft Vote: Weighted,Hierarchical: final third × box,0,1865,0.028418230563002682,0.18265081041603665,0.041433843144213556,0.6595964013494939,0.04934525953834887,0.08817588652506327,0.11320754716981132,2.246085909273384,0.1509433962264151,1.5053980425789526,0.3584905660377358,1.792452830188679
Rest-Defense Player-Aware,transition_box_15,Soft Vote: Weighted,Hierarchical: final third × box,1,1966,0.023906408952187184,0.14548952374528756,0.02819267469189872,0.5173572228443448,0.028478703148363826,0.05329012228131642,0.06382978723404255,1.2675693101225016,0.10638297872340426,1.061669726752349,0.2978723404255319,1.4863376174532887
Rest-Defense Player-Aware,transition_box_15,Soft Vote: Weighted,Hierarchical: final third × box,2,1945,0.02622107969151671,0.15994418983376282,0.03433686172267791,0.5974387643124832,0.03597410856021732,0.06470458680632883,0.058823529411764705,1.1674669867947178,0.1568627450980392,1.5646053293112117,0.29411764705882354,1.4705882352941175
Rest-Defense Player-Aware,transition_box_15,Soft Vote: Weighted,Hierarchical: final third × box,3,1975,0.028860759493670885,0.14875569605560454,0.030789021605390297,0.5765508662166364,0.04734654806853117,0.04204087108181204,0.14035087719298245,2.79992911571859,0.19298245614035087,1.92495126705653,0.2982456140350877,1.4912280701754386
Rest-Defense Player-Aware,transition_box_15,Soft Vote: Weighted,Hierarchical: final third × box,4,1934,0.026370217166494313,0.1550933980742856,0.03228242468222268,0.5792696260660398,0.03839583674684635,0.05770388251733883,0.058823529411764705,1.1728320194057005,0.13725490196078433,1.3683040226399836,0.29411764705882354,1.4698282413740689
Rest-Defense Player-Aware,transition_box_15,XGBoost,Direct,0,1865,0.028418230563002682,0.12954594035620995,0.027634808455508326,0.5857751259944188,0.04931723547047155,0.0037809944340220117,0.11320754716981132,2.246085909273384,0.16981132075471697,1.6935727979013215,0.2641509433962264,1.320754716981132
Rest-Defense Player-Aware,transition_box_15,XGBoost,Direct,1,1966,0.023906408952187184,0.1169082108273666,0.023458387544394686,0.5363331965895357,0.03419754535605374,0.003169636308115605,0.1276595744680851,2.5351386202450032,0.1702127659574468,1.6986715628037583,0.2765957446808511,1.3801706447780537
Rest-Defense Player-Aware,transition_box_15,XGBoost,Direct,2,1945,0.02622107969151671,0.12270362131664128,0.025680939918335352,0.5884112884858272,0.03188407867847446,0.00578243362233713,0.0,0.0,0.0784313725490196,0.7823026646556058,0.27450980392156865,1.3725490196078431
Rest-Defense Player-Aware,transition_box_15,XGBoost,Direct,3,1975,0.028860759493670885,0.13484413385323668,0.028048965152075927,0.5616733439438011,0.05207302240836467,0.009919685140087068,0.12280701754385964,2.4499379762537656,0.21052631578947367,2.0999468367889422,0.3157894736842105,1.5789473684210527
Rest-Defense Player-Aware,transition_box_15,XGBoost,Direct,4,1934,0.026370217166494313,0.12507913506659135,0.02577092378280789,0.5402101360990492,0.03774563868912237,0.0031336776493502434,0.058823529411764705,1.1728320194057005,0.09803921568627451,0.977360016171417,0.29411764705882354,1.4698282413740689
Rest-Defense Player-Aware,transition_box_15,XGBoost,Hierarchical: final third × box,0,1865,0.028418230563002682,0.13101945817999486,0.027756998080951247,0.5533341663542839,0.03499318649965864,0.001662918744264195,0.07547169811320754,1.497390606182256,0.07547169811320754,0.7526990212894763,0.18867924528301888,0.9433962264150944
Rest-Defense Player-Aware,transition_box_15,XGBoost,Hierarchical: final third × box,1,1966,0.023906408952187184,0.11834813158309485,0.02354981743246854,0.5474482498641802,0.030535683622989578,0.0003946945686012905,0.0425531914893617,0.8450462067483344,0.19148936170212766,1.911005508154228,0.2765957446808511,1.3801706447780537
Rest-Defense Player-Aware,transition_box_15,XGBoost,Hierarchical: final third × box,2,1945,0.02622107969151671,0.12186447307897699,0.025623520411064863,0.5838457875230346,0.032340279584514284,0.0036127377343352094,0.058823529411764705,1.1674669867947178,0.09803921568627451,0.9778783308195073,0.19607843137254902,0.9803921568627452
Rest-Defense Player-Aware,transition_box_15,XGBoost,Hierarchical: final third × box,3,1975,0.028860759493670885,0.13547803051810048,0.028051790349298184,0.5591899456670874,0.04501922563029981,0.00841739083097988,0.14035087719298245,2.79992911571859,0.24561403508771928,2.4499379762537656,0.2982456140350877,1.4912280701754386
Rest-Defense Player-Aware,transition_box_15,XGBoost,Hierarchical: final third × box,4,1934,0.026370217166494313,0.12409237527113492,0.025692166978519396,0.5652067518457196,0.04113041465460272,0.003131875343273578,0.09803921568627451,1.954720032342834,0.19607843137254902,1.954720032342834,0.35294117647058826,1.7637938896488827
Rest-Defense Player-Aware,transition_box_15,XGBoost: Weighted,Direct,0,1865,0.028418230563002682,0.17843387641348218,0.037841435971912724,0.5867278937065267,0.05373640903166267,0.08305211325310889,0.11320754716981132,2.246085909273384,0.1509433962264151,1.5053980425789526,0.24528301886792453,1.2264150943396226
Rest-Defense Player-Aware,transition_box_15,XGBoost: Weighted,Direct,1,1966,0.023906408952187184,0.16286155763489177,0.033420052143676805,0.5444380384287029,0.03196763590087429,0.07272180569600238,0.0851063829787234,1.6900924134966688,0.14893617021276595,1.4863376174532887,0.23404255319148937,1.167836699427584
Rest-Defense Player-Aware,transition_box_15,XGBoost: Weighted,Direct,2,1945,0.02622107969151671,0.15723286719205765,0.032609624298040256,0.5681098204857444,0.030518352433104683,0.062466133989221344,0.058823529411764705,1.1674669867947178,0.09803921568627451,0.9778783308195073,0.17647058823529413,0.8823529411764706
Rest-Defense Player-Aware,transition_box_15,XGBoost: Weighted,Direct,3,1975,0.028860759493670885,0.15306906880709817,0.03180789452483884,0.555951923604632,0.04409631069326678,0.0447721582898705,0.08771929824561403,1.7499556973241184,0.17543859649122806,1.7499556973241184,0.24561403508771928,1.2280701754385965
Rest-Defense Player-Aware,transition_box_15,XGBoost: Weighted,Direct,4,1934,0.026370217166494313,0.16559260030103568,0.03365848415328567,0.534779711140962,0.033887826592186435,0.0705270642369423,0.0392156862745098,0.7818880129371336,0.17647058823529413,1.7592480291085506,0.23529411764705882,1.1758625930992552
Rest-Defense Player-Aware,transition_box_15,XGBoost: Weighted,Hierarchical: final third × box,0,1865,0.028418230563002682,0.1590162005217164,0.03275155481878352,0.5361843475363406,0.040074509689356205,0.05551132139208011,0.07547169811320754,1.497390606182256,0.11320754716981132,1.1290485319342145,0.20754716981132076,1.0377358490566038
Rest-Defense Player-Aware,transition_box_15,XGBoost: Weighted,Hierarchical: final third × box,1,1966,0.023906408952187184,0.14260796081481816,0.028101023383794416,0.5440000886986796,0.030593268364769565,0.049491474388499115,0.06382978723404255,1.2675693101225016,0.1702127659574468,1.6986715628037583,0.2978723404255319,1.4863376174532887
Rest-Defense Player-Aware,transition_box_15,XGBoost: Weighted,Hierarchical: final third × box,2,1945,0.02622107969151671,0.13970328685620995,0.02836038186752411,0.5842805971385386,0.032606469122949344,0.04200548646555002,0.0196078431372549,0.38915566226490594,0.09803921568627451,0.9778783308195073,0.23529411764705882,1.1764705882352942
Rest-Defense Player-Aware,transition_box_15,XGBoost: Weighted,Hierarchical: final third × box,3,1975,0.028860759493670885,0.1470743746594246,0.030192491898639345,0.5447560507107184,0.052620158668196526,0.033830987069802955,0.08771929824561403,1.7499556973241184,0.17543859649122806,1.7499556973241184,0.3333333333333333,1.6666666666666667
Rest-Defense Player-Aware,transition_box_15,XGBoost: Weighted,Hierarchical: final third × box,4,1934,0.026370217166494313,0.14048492246258493,0.028205759560686498,0.5569127279164453,0.03698984086187186,0.039568599434367226,0.09803921568627451,1.954720032342834,0.17647058823529413,1.7592480291085506,0.3333333333333333,1.6658053402239448
Rest-Defense Player-Aware,transition_final_third_15,Gradient Boosting,Direct,0,1865,0.07613941018766757,0.26933057512107406,0.0705419656544849,0.5593094259112423,0.09026471852476264,0.00948357505400386,0.056338028169014086,1.1177704525022474,0.11267605633802817,1.1237478346011898,0.2535211267605634,1.2676056338028168
Rest-Defense Player-Aware,transition_final_third_15,Gradient Boosting,Direct,1,1966,0.08087487283825025,0.28534597752277774,0.07502639716307276,0.5218385523801568,0.0840418487851556,0.016594273560172065,0.0440251572327044,0.8742773648434026,0.10062893081761007,1.0042460811544234,0.20754716981132076,1.035628771190499
Rest-Defense Player-Aware,transition_final_third_15,Gradient Boosting,Direct,2,1945,0.07455012853470437,0.2653689205400285,0.06905611950713071,0.5550842911877395,0.08836363560767661,0.011893602888648684,0.06896551724137931,1.3687543983110486,0.1103448275862069,1.1006189213085764,0.2413793103448276,1.206896551724138
Rest-Defense Player-Aware,transition_final_third_15,Gradient Boosting,Direct,3,1975,0.07848101265822785,0.27398668969161843,0.07224672803384025,0.5753562566465793,0.1053939528321576,0.005107330013081989,0.03870967741935484,0.772238514173998,0.15483870967741936,1.544477028347996,0.3161290322580645,1.5806451612903225
Rest-Defense Player-Aware,transition_final_third_15,Gradient Boosting,Direct,4,1934,0.0718717683557394,0.2557864057735255,0.06629340778751469,0.5813089918037714,0.10912662111326049,0.010187024325252661,0.1223021582733813,2.4384780835125714,0.16546762589928057,1.6495587035526218,0.30935251798561153,1.5459632294164667
Rest-Defense Player-Aware,transition_final_third_15,Gradient Boosting: Weighted,Direct,0,1865,0.07613941018766757,0.34265637231980706,0.09174788940820836,0.5560049209943352,0.08777468107284428,0.1403437870292194,0.04225352112676056,0.8383278393766855,0.11267605633802817,1.1237478346011898,0.2323943661971831,1.1619718309859155
Rest-Defense Player-Aware,transition_final_third_15,Gradient Boosting: Weighted,Direct,1,1966,0.08087487283825025,0.34055573855052057,0.09157665853224559,0.5412163737805112,0.08976222510086934,0.1237142724821978,0.0440251572327044,0.8742773648434026,0.10062893081761007,1.0042460811544234,0.25157232704402516,1.255307601443029
Rest-Defense Player-Aware,transition_final_third_15,Gradient Boosting: Weighted,Direct,2,1945,0.07455012853470437,0.32985939550037396,0.08725848199611626,0.5610613026819923,0.09119858205025758,0.1294990115676481,0.08275862068965517,1.6425052779732583,0.11724137931034483,1.1694076038903625,0.23448275862068965,1.1724137931034484
Rest-Defense Player-Aware,transition_final_third_15,Gradient Boosting: Weighted,Direct,3,1975,0.07848101265822785,0.33314254351028055,0.08887660033220858,0.5728482807515065,0.10944084093417814,0.1250915720623067,0.09032258064516129,1.8018898664059952,0.1935483870967742,1.9305962854349952,0.3419354838709677,1.7096774193548385
Rest-Defense Player-Aware,transition_final_third_15,Gradient Boosting: Weighted,Direct,4,1934,0.0718717683557394,0.33720608520778017,0.08931293734887003,0.5974910322438427,0.10761097312879876,0.14911481342489685,0.1079136690647482,2.1515983089816806,0.15827338129496402,1.577838759919899,0.302158273381295,1.5100105961742234
Rest-Defense Player-Aware,transition_final_third_15,Histogram Gradient Boosting,Direct,0,1865,0.07613941018766757,0.27399744087967354,0.07106718717741732,0.5368420622399516,0.0879180411885092,0.022977191553153448,0.04929577464788732,0.9780491459394665,0.11971830985915492,1.1939820742637643,0.22535211267605634,1.1267605633802815
Rest-Defense Player-Aware,transition_final_third_15,Histogram Gradient Boosting,Direct,1,1966,0.08087487283825025,0.2937535773284248,0.0757959125817664,0.5264728710500395,0.08441962377209708,0.03480788391873659,0.031446540880503145,0.6244838320310019,0.08176100628930817,0.815949940937969,0.23270440251572327,1.161159531334802
Rest-Defense Player-Aware,transition_final_third_15,Histogram Gradient Boosting,Direct,2,1945,0.07455012853470437,0.272622406801887,0.06980209003914481,0.5452107279693487,0.08622805923475822,0.024000369523463183,0.05517241379310345,1.0950035186488387,0.12413793103448276,1.2381962864721485,0.25517241379310346,1.2758620689655171
Rest-Defense Player-Aware,transition_final_third_15,Histogram Gradient Boosting,Direct,3,1975,0.07848101265822785,0.281370325011007,0.07275691019122486,0.5621641261963842,0.10033223862810946,0.020811615596016707,0.07096774193548387,1.4157706093189963,0.18064516129032257,1.8018898664059952,0.27741935483870966,1.3870967741935483
Rest-Defense Player-Aware,transition_final_third_15,Histogram Gradient Boosting,Direct,4,1934,0.0718717683557394,0.25736286358228466,0.06659770560062966,0.5787358970762109,0.09742222409526789,0.007521596206261344,0.06474820143884892,1.2909589853890084,0.18705035971223022,1.86471853445079,0.2949640287769784,1.47405796293198
Rest-Defense Player-Aware,transition_final_third_15,Logistic Regression,Direct,0,1865,0.07613941018766757,0.32310241076088,0.09239890164917151,0.5864893364832057,0.11083521549781819,0.08083111902320424,0.07746478873239436,1.5369343721905901,0.15492957746478872,1.5451532725766361,0.3028169014084507,1.5140845070422533
Rest-Defense Player-Aware,transition_final_third_15,Logistic Regression,Direct,1,1966,0.08087487283825025,0.3491995339301998,0.09020829173679394,0.5051529168537449,0.08299465304483225,0.07799746737553948,0.0440251572327044,0.8742773648434026,0.06918238993710692,0.690419180793666,0.14465408805031446,0.7218018708297418
Rest-Defense Player-Aware,transition_final_third_15,Logistic Regression,Direct,2,1945,0.07455012853470437,0.31599249098882365,0.07917628959643075,0.5076781609195402,0.08648204434538918,0.05600903210280113,0.041379310344827586,0.8212526389866291,0.08275862068965517,0.8254641909814324,0.2413793103448276,1.206896551724138
Rest-Defense Player-Aware,transition_final_third_15,Logistic Regression,Direct,3,1975,0.07848101265822785,0.30675194764230684,0.0801836029098695,0.5362672811059908,0.09843650904107895,0.041919573176822544,0.09032258064516129,1.8018898664059952,0.14193548387096774,1.4157706093189963,0.27741935483870966,1.3870967741935483
Rest-Defense Player-Aware,transition_final_third_15,Logistic Regression,Direct,4,1934,0.0718717683557394,0.30054741824936215,0.072848925333749,0.5098655337568385,0.07938538020900518,0.04469406021443782,0.06474820143884892,1.2909589853890084,0.1079136690647482,1.0757991544908403,0.2517985611510791,1.2583421634785197
Rest-Defense Player-Aware,transition_final_third_15,Logistic Regression: Weighted,Direct,0,1865,0.07613941018766757,0.6230703598170767,0.20073500164083316,0.5886310316921844,0.10939842322810889,0.26354199618797824,0.07746478873239436,1.5369343721905901,0.15492957746478872,1.5451532725766361,0.3028169014084507,1.5140845070422533
Rest-Defense Player-Aware,transition_final_third_15,Logistic Regression: Weighted,Direct,1,1966,0.08087487283825025,0.5100575691531393,0.1614803989408136,0.495111603025272,0.08016470714003218,0.18457143108268056,0.050314465408805034,0.9991741312496031,0.06289308176100629,0.6276538007215146,0.1509433962264151,0.7531845608658175
Rest-Defense Player-Aware,transition_final_third_15,Logistic Regression: Weighted,Direct,2,1945,0.07455012853470437,0.44697248022990765,0.13797882798664127,0.5013793103448276,0.08079434375068263,0.1747979196951769,0.05517241379310345,1.0950035186488387,0.08275862068965517,0.8254641909814324,0.2482758620689655,1.2413793103448276
Rest-Defense Player-Aware,transition_final_third_15,Logistic Regression: Weighted,Direct,3,1975,0.07848101265822785,0.41125515988721933,0.12463487841902135,0.5418787663948954,0.09744784139434509,0.1491068383896659,0.07741935483870968,1.544477028347996,0.14193548387096774,1.4157706093189963,0.2709677419354839,1.3548387096774193
Rest-Defense Player-Aware,transition_final_third_15,Logistic Regression: Weighted,Direct,4,1934,0.0718717683557394,0.38798366483093943,0.10946529269059724,0.5295845774633775,0.08436977901358647,0.1393513146671381,0.06474820143884892,1.2909589853890084,0.1079136690647482,1.0757991544908403,0.2733812949640288,1.3662000632052498
Rest-Defense Player-Aware,transition_final_third_15,Random Forest,Direct,0,1865,0.07613941018766757,0.2765160744735103,0.07146977177980375,0.5289435393556932,0.08514179880863976,0.01893482890207843,0.04929577464788732,0.9780491459394665,0.1267605633802817,1.2642163139263387,0.2605633802816901,1.3028169014084505
Rest-Defense Player-Aware,transition_final_third_15,Random Forest,Direct,1,1966,0.08087487283825025,0.2940744933220577,0.07607177127374584,0.4943493681107364,0.08223933923249122,0.033011964400452225,0.050314465408805034,0.9991741312496031,0.11320754716981132,1.1297768412987261,0.24528301886792453,1.2239249114069535
Rest-Defense Player-Aware,transition_final_third_15,Random Forest,Direct,2,1945,0.07455012853470437,0.27171447695006296,0.07029820484868496,0.536712643678161,0.08527463215110748,0.024943997353003712,0.06896551724137931,1.3687543983110486,0.10344827586206896,1.0318302387267906,0.2620689655172414,1.3103448275862069
Rest-Defense Player-Aware,transition_final_third_15,Random Forest,Direct,3,1975,0.07848101265822785,0.27531485775444936,0.07265627632532405,0.5791226515420064,0.10105534939183676,0.016175536055273228,0.08387096774193549,1.673183447376996,0.14838709677419354,1.4801238188334962,0.3032258064516129,1.5161290322580645
Rest-Defense Player-Aware,transition_final_third_15,Random Forest,Direct,4,1934,0.0718717683557394,0.26390207188769915,0.06790137461549678,0.5565539768742109,0.09032885766301949,0.02642749329434898,0.05755395683453238,1.147519098123563,0.1366906474820144,1.3626789290217312,0.2805755395683453,1.402152696447493
Rest-Defense Player-Aware,transition_final_third_15,Soft Vote: Unweighted,Direct,0,1865,0.07613941018766757,0.26766923792476294,0.07036075877161745,0.5956160643489492,0.10457770311448579,0.014300434827585628,0.07746478873239436,1.5369343721905901,0.176056338028169,1.7558559915643595,0.28169014084507044,1.408450704225352
Rest-Defense Player-Aware,transition_final_third_15,Soft Vote: Unweighted,Direct,1,1966,0.08087487283825025,0.28958619669042973,0.07578033672661767,0.5065068409713449,0.08393432073476287,0.02770599487393485,0.03773584905660377,0.7493805984372023,0.06918238993710692,0.690419180793666,0.1949685534591195,0.9728633911183476
Rest-Defense Player-Aware,transition_final_third_15,Soft Vote: Unweighted,Direct,2,1945,0.07455012853470437,0.2682232842080705,0.06957738569048974,0.5510268199233717,0.08547435877505322,0.014944680533058835,0.04827586206896552,0.9581280788177339,0.11724137931034483,1.1694076038903625,0.23448275862068965,1.1724137931034484
Rest-Defense Player-Aware,transition_final_third_15,Soft Vote: Unweighted,Direct,3,1975,0.07848101265822785,0.2731686051150624,0.07208979947844381,0.5821198156682028,0.10903859099176172,0.010932371323905237,0.0967741935483871,1.9305962854349952,0.15483870967741936,1.544477028347996,0.2967741935483871,1.4838709677419355
Rest-Defense Player-Aware,transition_final_third_15,Soft Vote: Unweighted,Direct,4,1934,0.0718717683557394,0.2574338917838204,0.06658440028529083,0.5665617923488507,0.09787566865359837,0.008513248321985722,0.06474820143884892,1.2909589853890084,0.17266187050359713,1.7212786471853445,0.302158273381295,1.5100105961742234
Rest-Defense Player-Aware,transition_final_third_15,Soft Vote: Weighted,Direct,0,1865,0.07613941018766757,0.3732965593933948,0.10583830459419781,0.6009335175300206,0.10246502269213328,0.17411502734613954,0.06338028169014084,1.2574917590650283,0.1619718309859155,1.6153875122392105,0.2746478873239437,1.3732394366197183
Rest-Defense Player-Aware,transition_final_third_15,Soft Vote: Weighted,Direct,1,1966,0.08087487283825025,0.3558612731961314,0.09947563430934736,0.5134852930427791,0.08039790303396847,0.12814134351709291,0.03773584905660377,0.7493805984372023,0.05660377358490566,0.5648884206493631,0.14465408805031446,0.7218018708297418
Rest-Defense Player-Aware,transition_final_third_15,Soft Vote: Weighted,Direct,2,1945,0.07455012853470437,0.3378655600162812,0.092202852690841,0.5459157088122606,0.08573668342496937,0.12899657700042735,0.05517241379310345,1.0950035186488387,0.08275862068965517,0.8254641909814324,0.25517241379310346,1.2758620689655171
Rest-Defense Player-Aware,transition_final_third_15,Soft Vote: Weighted,Direct,3,1975,0.07848101265822785,0.3345268019582657,0.09127569555014946,0.5695179014533853,0.10739549243887006,0.12091686131722841,0.0967741935483871,1.9305962854349952,0.16129032258064516,1.608830237862496,0.3096774193548387,1.5483870967741935
Rest-Defense Player-Aware,transition_final_third_15,Soft Vote: Weighted,Direct,4,1934,0.0718717683557394,0.32682534493223064,0.0868290870415025,0.5687821887336927,0.09543386634147961,0.13172857553627856,0.07913669064748201,1.577838759919899,0.14388489208633093,1.4343988726544536,0.31654676258992803,1.5819158626587102
Rest-Defense Player-Aware,transition_final_third_15,XGBoost,Direct,0,1865,0.07613941018766757,0.27101389435167056,0.07075193456102587,0.5467903182297499,0.08542933511508735,0.018182014362342236,0.056338028169014086,1.1177704525022474,0.09859154929577464,0.9832793552760412,0.2323943661971831,1.1619718309859155
Rest-Defense Player-Aware,transition_final_third_15,XGBoost,Direct,1,1966,0.08087487283825025,0.28759054738747236,0.07501414957428228,0.5385746555150654,0.09187641059774658,0.022929996574185752,0.0440251572327044,0.8742773648434026,0.11320754716981132,1.1297768412987261,0.2641509433962264,1.3180729815151806
Rest-Defense Player-Aware,transition_final_third_15,XGBoost,Direct,2,1945,0.07455012853470437,0.26657115123000674,0.06911431308702583,0.5694770114942529,0.09010565351126001,0.015750698152460288,0.06896551724137931,1.3687543983110486,0.1103448275862069,1.1006189213085764,0.2620689655172414,1.3103448275862069
Rest-Defense Player-Aware,transition_final_third_15,XGBoost,Direct,3,1975,0.07848101265822785,0.2766611022674204,0.07222757844088104,0.5741102445941155,0.10833383247981783,0.01578350557462323,0.09032258064516129,1.8018898664059952,0.16129032258064516,1.608830237862496,0.32903225806451614,1.6451612903225805
Rest-Defense Player-Aware,transition_final_third_15,XGBoost,Direct,4,1934,0.0718717683557394,0.25723982684580543,0.06668209264527872,0.5760846476022525,0.09109667866145527,0.0065687279252580125,0.05755395683453238,1.147519098123563,0.15827338129496402,1.577838759919899,0.2733812949640288,1.3662000632052498
Rest-Defense Player-Aware,transition_final_third_15,XGBoost: Weighted,Direct,0,1865,0.07613941018766757,0.32972168988435296,0.08836023538931959,0.5335886473805106,0.08444511830619908,0.11845929882122108,0.04929577464788732,0.9780491459394665,0.11267605633802817,1.1237478346011898,0.2323943661971831,1.1619718309859155
Rest-Defense Player-Aware,transition_final_third_15,XGBoost: Weighted,Direct,1,1966,0.08087487283825025,0.326905164660399,0.08761028348994454,0.547197655518546,0.09404304620129542,0.10160797571011138,0.0440251572327044,0.8742773648434026,0.11320754716981132,1.1297768412987261,0.2830188679245283,1.4122210516234077
Rest-Defense Player-Aware,transition_final_third_15,XGBoost: Weighted,Direct,2,1945,0.07455012853470437,0.31221600353853324,0.08236179936736947,0.569888888888889,0.0910164318812906,0.1039833706379856,0.07586206896551724,1.5056298381421533,0.13793103448275862,1.3757736516357206,0.2482758620689655,1.2413793103448276
Rest-Defense Player-Aware,transition_final_third_15,XGBoost: Weighted,Direct,3,1975,0.07848101265822785,0.31404710919425155,0.08377748769684062,0.5719567529244949,0.11208074831218795,0.09416211499160604,0.0967741935483871,1.9305962854349952,0.16774193548387098,1.673183447376996,0.3096774193548387,1.5483870967741935
Rest-Defense Player-Aware,transition_final_third_15,XGBoost: Weighted,Direct,4,1934,0.0718717683557394,0.32027540201719984,0.08456175774377439,0.567397446944951,0.08782606812376365,0.12398217924732825,0.05755395683453238,1.147519098123563,0.12949640287769784,1.2909589853890084,0.2589928057553957,1.294294796720763
